ID_OPERATION,CLIENT_ID,TYPE_CLIENT,COMPAGNIE_ID,POLICE_ID,NUMERO_AVENANT,BRANCHE,CATEGORIE,TYPE_AVENANT,DATE_EFFET,DATE_ECHEANCE,DATE_EMISSION,DATE_ENCAISSEMENT_PRIME,DATE_ENCAISSEMENT_COMMISSION,DATE_PAIEMENT_COMMISSION,PRIME_NETTE_FCFA,PRIME_RC_FCFA,TAXE_FCFA,COUT_POLICE_FCFA,PRIME_TTC_FCFA,TAUX_COMMISSION_PCT,COMMISSION_FCFA,FRAIS_ACCESSOIRES_FCFA,FRAIS_GESTION_FCFA,ANNEE_EMISSION,MOIS_EMISSION,DELAI_PAIEMENT_COMMISSION_JOURS,STATUT_PAIEMENT_COMMISSION,CONTROLE_DATES,MOIS_NUMERO,TRIMESTRE_EMISSION,DUREE_CONTRAT_JOURS,DELAI_PAIEMENT_RECALCULE,FLAG_EFFET_APRES_ECHEANCE,FLAG_PAIEMENT_AVANT_ENCAISSEMENT,FLAG_MONTANT_NEGATIF,FLAG_OPERATION_VALIDE_MODELE
OP_00001,CLIENT_0013,PERSONNE PHYSIQUE,COMPAGNIE_01,POLICE_00013,4,AUTOMOBILE,MONO AUTO,PROROGATION,2024-01-10,2024-07-09,2024-01-12,2024-01-12,2024-01-12,2024-03-08,23900,23500,2400,0,26300,15,3600,0,0,2024,2024-01,56.0,DATE DE PAIEMENT RENSEIGNEE,OK,1,2024Q1,181.0,56.0,False,False,False,True
OP_00002,CLIENT_0001,PERSONNE MORALE,COMPAGNIE_01,POLICE_00001,1,AUTOMOBILE,MONO AUTO,AFFAIRE NOUVELLE,2024-01-04,2025-01-03,2024-01-13,2024-01-12,2024-01-14,2024-03-10,126800,47400,13200,5500,145500,15,19000,0,0,2024,2024-01,56.0,DATE DE PAIEMENT RENSEIGNEE,OK,1,2024Q1,365.0,56.0,False,False,False,True
OP_00003,CLIENT_0009,PERSONNE PHYSIQUE,COMPAGNIE_04,POLICE_00009,7,AUTOMOBILE,MONO AUTO,RENOUVELLEMENT,2023-12-29,2024-12-28,2024-01-13,2024-01-13,2024-01-13,2024-03-08,53900,51600,5800,4500,64200,15,8100,0,0,2024,2024-01,55.0,DATE DE PAIEMENT RENSEIGNEE,OK,1,2024Q1,365.0,55.0,False,False,False,True
OP_00004,CLIENT_0006,PERSONNE PHYSIQUE,COMPAGNIE_04,POLICE_00006,3,AUTOMOBILE,MONO AUTO,RENOUVELLEMENT,2023-12-25,2024-06-25,2024-01-15,2024-01-15,2024-01-15,2024-03-10,21600,20900,2300,1600,25600,15,3200,0,0,2024,2024-01,55.0,DATE DE PAIEMENT RENSEIGNEE,OK,1,2024Q1,183.0,55.0,False,False,False,True
OP_00005,CLIENT_0020,PERSONNE PHYSIQUE,COMPAGNIE_01,POLICE_00020,3,AUTOMOBILE,MONO AUTO,PROROGATION,2024-01-01,2024-06-29,2024-01-15,2024-01-15,2024-01-15,2024-02-12,22500,21600,2300,0,24800,15,3400,0,0,2024,2024-01,28.0,DATE DE PAIEMENT RENSEIGNEE,OK,1,2024Q1,180.0,28.0,False,False,False,True
OP_00006,CLIENT_0025,PERSONNE MORALE,COMPAGNIE_01,POLICE_00025,2,AUTOMOBILE,MONO AUTO,RENOUVELLEMENT,2023-12-31,2024-12-30,2024-01-15,2024-01-15,2024-01-15,2024-02-09,41000,40100,4500,4300,49800,15,6100,0,0,2024,2024-01,25.0,DATE DE PAIEMENT RENSEIGNEE,OK,1,2024Q1,365.0,25.0,False,False,False,True
OP_00007,CLIENT_0027,PERSONNE MORALE,COMPAGNIE_02,POLICE_00027,28,AUTOMOBILE,FLOTTE AUTOMOBILE,RENOUVELLEMENT,2024-01-06,2025-01-05,2024-01-16,2024-01-16,2024-01-16,2024-05-08,466600,428700,54500,5800,526900,15,70000,0,0,2024,2024-01,113.0,DATE DE PAIEMENT RENSEIGNEE,OK,1,2024Q1,365.0,113.0,False,False,False,True
OP_00008,CLIENT_0036,PERSONNE PHYSIQUE,COMPAGNIE_04,POLICE_00036,0,AUTOMOBILE,MONO AUTO,AFFAIRE NOUVELLE,2023-12-24,2024-12-23,2024-01-18,2024-01-18,2024-01-18,2024-03-10,41200,39200,4600,4600,50300,15,6200,0,0,2024,2024-01,52.0,DATE DE PAIEMENT RENSEIGNEE,OK,1,2024Q1,365.0,52.0,False,False,False,True
OP_00009,CLIENT_0039,PERSONNE MORALE,COMPAGNIE_03,POLICE_00039,2,AUTOMOBILE,MONO AUTO,RENOUVELLEMENT,2023-12-23,2024-06-21,2024-01-19,2024-05-27,2024-05-27,,95000,31600,10000,5300,110300,15,14200,0,0,2024,2024-01,,DATE DE PAIEMENT NON RENSEIGNEE,OK,1,2024Q1,181.0,,False,False,False,False
OP_00010,CLIENT_0055,PERSONNE PHYSIQUE,COMPAGNIE_02,POLICE_00055,0,TRAVEL ASSURANCE,0,AFFAIRE NOUVELLE,2024-02-12,2024-02-19,2024-01-19,2024-01-19,2024-01-19,2024-05-09,6500,0,1300,4700,12600,10,700,0,0,2024,2024-01,111.0,DATE DE PAIEMENT RENSEIGNEE,OK,1,2024Q1,7.0,111.0,False,False,False,True
OP_00011,CLIENT_0049,PERSONNE PHYSIQUE,COMPAGNIE_03,POLICE_00049,0,AUTOMOBILE,MONO AUTO,AFFAIRE NOUVELLE,2024-01-19,2024-04-19,2024-01-20,2024-01-19,2024-01-20,2024-05-31,14000,13800,1900,4600,20500,15,2100,0,0,2024,2024-01,132.0,DATE DE PAIEMENT RENSEIGNEE,OK,1,2024Q1,91.0,132.0,False,False,False,True
OP_00012,CLIENT_0062,PERSONNE PHYSIQUE,COMPAGNIE_03,POLICE_00062,0,AUTOMOBILE,MONO AUTO,AFFAIRE NOUVELLE,2024-01-20,2025-01-19,2024-01-20,2024-01-20,2024-01-20,2024-05-29,58600,57800,6400,5100,70100,15,8800,0,0,2024,2024-01,130.0,DATE DE PAIEMENT RENSEIGNEE,OK,1,2024Q1,365.0,130.0,False,False,False,True
OP_00013,CLIENT_0066,PERSONNE PHYSIQUE,COMPAGNIE_02,POLICE_00068,8,AUTOMOBILE,MONO AUTO,RENOUVELLEMENT,2023-12-29,2024-12-28,2024-01-20,2024-01-20,2024-01-20,,0,100,0,0,0,0,0,0,0,2024,2024-01,,DATE DE PAIEMENT NON RENSEIGNEE,OK,1,2024Q1,365.0,,False,False,False,False
OP_00014,CLIENT_0068,PERSONNE MORALE,COMPAGNIE_04,POLICE_00070,0,AUTOMOBILE,FLOTTE AUTOMOBILE,RENOUVELLEMENT,2023-12-19,2024-12-18,2024-01-20,2024-01-20,2024-01-20,,436800,66000,44200,5300,486300,15,65500,0,0,2024,2024-01,,DATE DE PAIEMENT NON RENSEIGNEE,OK,1,2024Q1,365.0,,False,False,False,False
OP_00015,CLIENT_0002,PERSONNE PHYSIQUE,COMPAGNIE_01,POLICE_00002,1,MULTIRISQUE PROFESSIONNELLE,INCENDIE,RENOUVELLEMENT,2024-01-19,2025-01-18,2024-01-21,2024-01-20,2024-01-21,2024-04-24,573100,0,98500,4800,676500,20,114600,0,0,2024,2024-01,94.0,DATE DE PAIEMENT RENSEIGNEE,OK,1,2024Q1,365.0,94.0,False,False,False,True
OP_00016,CLIENT_0015,PERSONNE PHYSIQUE,COMPAGNIE_01,POLICE_00015,3,AUTOMOBILE,MONO AUTO,RENOUVELLEMENT,2024-01-14,2024-07-13,2024-01-21,2024-01-21,2024-01-21,2024-02-18,92400,34100,9700,4800,106900,15,13900,0,0,2024,2024-01,28.0,DATE DE PAIEMENT RENSEIGNEE,OK,1,2024Q1,181.0,28.0,False,False,False,True
OP_00017,CLIENT_0031,PERSONNE PHYSIQUE,COMPAGNIE_03,POLICE_00031,3,AUTOMOBILE,MONO AUTO,RENOUVELLEMENT,2024-01-27,2024-07-26,2024-01-21,2024-01-21,2024-01-21,2024-06-02,73100,72300,8900,1100,83100,15,11000,0,0,2024,2024-01,133.0,DATE DE PAIEMENT RENSEIGNEE,OK,1,2024Q1,181.0,133.0,False,False,False,True
OP_00018,CLIENT_0046,PERSONNE PHYSIQUE,COMPAGNIE_01,POLICE_00046,2,AUTOMOBILE,MONO AUTO,RENOUVELLEMENT,2024-01-19,2025-01-18,2024-01-21,2024-01-18,2024-01-21,2024-02-15,44700,42800,4900,4600,54200,15,6700,0,0,2024,2024-01,25.0,DATE DE PAIEMENT RENSEIGNEE,OK,1,2024Q1,365.0,25.0,False,False,False,True
OP_00019,CLIENT_0010,PERSONNE MORALE,COMPAGNIE_05,POLICE_00010,28,AUTOMOBILE,FLOTTE AUTOMOBILE,RENOUVELLEMENT,2024-01-07,2025-01-06,2024-01-22,2024-01-22,2024-01-22,2024-03-16,1054300,319100,108600,5000,1167900,15,158100,0,0,2024,2024-01,54.0,DATE DE PAIEMENT RENSEIGNEE,OK,1,2024Q1,365.0,54.0,False,False,False,True
OP_00020,CLIENT_0012,PERSONNE PHYSIQUE,COMPAGNIE_04,POLICE_00012,5,AUTOMOBILE,MONO AUTO,RENOUVELLEMENT,2024-01-14,2024-07-15,2024-01-22,2024-01-22,2024-01-22,2024-03-17,27600,26900,3000,2700,33300,15,4100,0,0,2024,2024-01,55.0,DATE DE PAIEMENT RENSEIGNEE,OK,1,2024Q1,183.0,55.0,False,False,False,True
OP_00021,CLIENT_0018,PERSONNE PHYSIQUE,COMPAGNIE_03,POLICE_00018,0,AUTOMOBILE,MONO AUTO,AFFAIRE NOUVELLE,2024-01-09,2024-04-08,2024-01-22,2024-01-22,2024-01-22,2024-06-06,13900,13700,1800,4500,20300,15,2100,0,0,2024,2024-01,136.0,DATE DE PAIEMENT RENSEIGNEE,OK,1,2024Q1,90.0,136.0,False,False,False,True
OP_00022,CLIENT_0043,PERSONNE MORALE,COMPAGNIE_03,POLICE_00043,94,ASSURANCE SANTE,ASSURANCE MALADIE GROUPE,INCORPORATION,2024-01-10,2024-12-24,2024-01-22,2024-05-15,2024-05-15,2024-05-23,19800,0,0,13400,33200,10,2000,0,0,2024,2024-01,8.0,DATE DE PAIEMENT RENSEIGNEE,OK,1,2024Q1,349.0,8.0,False,False,False,True
OP_00023,CLIENT_0048,PERSONNE MORALE,COMPAGNIE_01,POLICE_00048,1,AUTOMOBILE,MONO AUTO,AFFAIRE NOUVELLE,2024-01-21,2024-07-20,2024-01-22,2024-01-21,2024-01-22,2024-02-15,103900,40500,11000,5700,120600,15,15600,0,0,2024,2024-01,24.0,DATE DE PAIEMENT RENSEIGNEE,OK,1,2024Q1,181.0,24.0,False,False,False,True
OP_00024,CLIENT_0059,PERSONNE PHYSIQUE,COMPAGNIE_04,POLICE_00059,19,AUTOMOBILE,MONO AUTO,RENOUVELLEMENT,2024-01-19,2024-04-19,2024-01-22,2024-01-22,2024-01-22,2024-03-12,115300,11330900,14200,3300,132800,15,17300,0,0,2024,2024-01,50.0,DATE DE PAIEMENT RENSEIGNEE,OK,1,2024Q1,91.0,50.0,False,False,False,True
OP_00025,CLIENT_0005,PERSONNE PHYSIQUE,COMPAGNIE_03,POLICE_00005,2,AUTOMOBILE,MONO AUTO,RENOUVELLEMENT,2024-01-03,2024-07-02,2024-01-23,2024-01-23,2024-01-23,2024-06-07,22500,22100,2700,4400,29600,15,3400,0,0,2024,2024-01,136.0,DATE DE PAIEMENT RENSEIGNEE,OK,1,2024Q1,181.0,136.0,False,False,False,True
OP_00026,CLIENT_0041,PERSONNE MORALE,COMPAGNIE_06,POLICE_00041,0,AUTOMOBILE,FLOTTE AUTOMOBILE,RENOUVELLEMENT,2023-12-30,2024-12-29,2024-01-23,2024-01-23,2024-01-23,2024-02-01,464400,260800,50300,4800,519400,15,69700,0,0,2024,2024-01,9.0,DATE DE PAIEMENT RENSEIGNEE,OK,1,2024Q1,365.0,9.0,False,False,False,True
OP_00027,CLIENT_0052,PERSONNE PHYSIQUE,COMPAGNIE_01,POLICE_00052,2,AUTOMOBILE,MONO AUTO,MODIFICATION,2024-01-14,2024-05-24,2024-01-23,2024-01-14,2024-02-07,,0,0,0,0,0,15,0,0,0,2024,2024-01,,DATE DE PAIEMENT NON RENSEIGNEE,OK,1,2024Q1,131.0,,False,False,False,False
OP_00028,CLIENT_0075,PERSONNE PHYSIQUE,COMPAGNIE_01,POLICE_00080,1,AUTOMOBILE,MONO AUTO,AFFAIRE NOUVELLE,2024-01-18,2025-01-17,2024-01-24,2024-02-02,2024-02-03,2024-03-10,208600,51700,21300,4300,234200,15,31300,0,0,2024,2024-01,36.0,DATE DE PAIEMENT RENSEIGNEE,OK,1,2024Q1,365.0,36.0,False,False,False,True
OP_00029,CLIENT_0084,PERSONNE MORALE,COMPAGNIE_01,POLICE_00089,6,AUTOMOBILE,MONO AUTO,RENOUVELLEMENT,2024-01-06,2024-07-05,2024-01-24,2024-01-06,2024-01-24,2024-02-10,27400,25800,3800,4500,35600,15,4100,0,0,2024,2024-01,17.0,DATE DE PAIEMENT RENSEIGNEE,OK,1,2024Q1,181.0,17.0,False,False,False,True
OP_00030,CLIENT_0084,PERSONNE MORALE,COMPAGNIE_01,POLICE_00094,5,AUTOMOBILE,MONO AUTO,RENOUVELLEMENT,2024-01-06,2024-07-05,2024-01-24,2024-01-06,2024-01-24,2024-02-10,43700,42600,5900,5500,55100,15,6600,0,0,2024,2024-01,17.0,DATE DE PAIEMENT RENSEIGNEE,OK,1,2024Q1,181.0,17.0,False,False,False,True
OP_00031,CLIENT_0026,PERSONNE PHYSIQUE,COMPAGNIE_03,POLICE_00026,1,AUTOMOBILE,MONO AUTO,RENOUVELLEMENT,2024-01-07,2024-04-07,2024-01-25,2024-01-25,2024-01-25,2024-06-06,14900,14700,1600,1000,17400,15,2200,0,0,2024,2024-01,133.0,DATE DE PAIEMENT RENSEIGNEE,OK,1,2024Q1,91.0,133.0,False,False,False,True
OP_00032,CLIENT_0033,PERSONNE PHYSIQUE,COMPAGNIE_05,POLICE_00033,3,AUTOMOBILE,FLOTTE AUTOMOBILE,INCORPORATION,2024-01-14,2024-04-11,2024-01-25,2024-04-19,2024-05-10,2024-07-14,34300,11700,4000,5700,44000,15,5100,0,0,2024,2024-01,65.0,DATE DE PAIEMENT RENSEIGNEE,OK,1,2024Q1,88.0,65.0,False,False,False,True
OP_00033,CLIENT_0074,PERSONNE PHYSIQUE,COMPAGNIE_04,POLICE_00079,10,AUTOMOBILE,MONO AUTO,RENOUVELLEMENT,2024-01-28,2024-04-26,2024-01-26,2024-01-23,2024-01-26,2024-03-11,12500,12100,1200,0,13700,15,1900,0,0,2024,2024-01,45.0,DATE DE PAIEMENT RENSEIGNEE,OK,1,2024Q1,89.0,45.0,False,False,False,True
OP_00034,CLIENT_0077,PERSONNE PHYSIQUE,COMPAGNIE_04,POLICE_00082,4,AUTOMOBILE,FLOTTE AUTOMOBILE,RENOUVELLEMENT,2023-12-30,2024-12-29,2024-01-26,2024-01-23,2024-01-26,2024-03-11,733600,723300,87800,5400,826800,15,110000,0,0,2024,2024-01,45.0,DATE DE PAIEMENT RENSEIGNEE,OK,1,2024Q1,365.0,45.0,False,False,False,True
OP_00035,CLIENT_0038,PERSONNE PHYSIQUE,COMPAGNIE_01,POLICE_00038,6,AUTOMOBILE,MONO AUTO,RENOUVELLEMENT,2024-01-02,2024-07-01,2024-01-27,2024-01-27,2024-01-27,2024-03-20,164600,38900,17000,5500,187000,15,24700,0,0,2024,2024-01,53.0,DATE DE PAIEMENT RENSEIGNEE,OK,1,2024Q1,181.0,53.0,False,False,False,True
OP_00036,CLIENT_0042,PERSONNE PHYSIQUE,COMPAGNIE_02,POLICE_00042,0,AUTOMOBILE,MONO AUTO,AFFAIRE NOUVELLE,2022-12-30,2023-12-29,2024-01-27,2024-01-27,2024-01-27,,0,0,0,0,0,0,0,0,0,2024,2024-01,,DATE DE PAIEMENT NON RENSEIGNEE,OK,1,2024Q1,364.0,,False,False,False,False
OP_00037,CLIENT_0081,PERSONNE PHYSIQUE,COMPAGNIE_04,POLICE_00086,1,AUTOMOBILE,MONO AUTO,RENOUVELLEMENT,2024-01-04,2025-01-03,2024-01-27,2023-12-31,2024-01-27,2024-03-12,47200,41100,5000,2800,55000,15,7100,0,0,2024,2024-01,45.0,DATE DE PAIEMENT RENSEIGNEE,OK,1,2024Q1,365.0,45.0,False,False,False,True
OP_00038,CLIENT_0098,PERSONNE PHYSIQUE,COMPAGNIE_02,POLICE_00108,0,AUTOMOBILE,MONO AUTO,RENOUVELLEMENT,2023-08-12,2024-08-11,2024-01-27,2024-01-27,2024-01-31,,0,0,0,0,0,15,0,0,0,2024,2024-01,,DATE DE PAIEMENT NON RENSEIGNEE,OK,1,2024Q1,365.0,,False,False,False,False
OP_00039,CLIENT_0101,PERSONNE PHYSIQUE,COMPAGNIE_02,POLICE_00112,5,AUTOMOBILE,MONO AUTO,PROROGATION,2024-01-29,2024-07-28,2024-01-27,2024-01-27,2024-01-27,2024-05-08,94900,33300,9500,0,104400,15,14200,0,0,2024,2024-01,102.0,DATE DE PAIEMENT RENSEIGNEE,OK,1,2024Q1,181.0,102.0,False,False,False,True
OP_00040,CLIENT_0016,PERSONNE PHYSIQUE,COMPAGNIE_03,POLICE_00016,4,AUTOMOBILE,MONO AUTO,RENOUVELLEMENT,2024-01-25,2024-07-24,2024-01-28,2024-01-28,2024-01-28,2025-01-28,21800,21400,2500,3200,27500,15,3300,0,0,2024,2024-01,366.0,DATE DE PAIEMENT RENSEIGNEE,OK,1,2024Q1,181.0,366.0,False,False,False,True
OP_00041,CLIENT_0103,PERSONNE PHYSIQUE,COMPAGNIE_02,POLICE_00114,1,TRAVEL ASSURANCE,0,RENOUVELLEMENT,2024-02-17,2025-01-26,2024-01-28,2024-01-28,2024-01-28,2024-05-12,35600,0,4800,4600,45100,10,3600,0,0,2024,2024-01,105.0,DATE DE PAIEMENT RENSEIGNEE,OK,1,2024Q1,344.0,105.0,False,False,False,True
OP_00042,CLIENT_0039,PERSONNE MORALE,COMPAGNIE_02,POLICE_00106,0,AUTOMOBILE,MONO AUTO,AFFAIRE NOUVELLE,2024-01-29,2025-01-28,2024-01-29,2024-01-29,2024-01-29,2024-05-11,420600,47700,42400,3100,466100,15,63100,0,0,2024,2024-01,103.0,DATE DE PAIEMENT RENSEIGNEE,OK,1,2024Q1,365.0,103.0,False,False,False,True
OP_00043,CLIENT_0039,PERSONNE MORALE,COMPAGNIE_02,POLICE_00107,11,RC CHEF D'ENTREPRISE,RESPONSABILITE,RENOUVELLEMENT,2023-12-22,2024-12-21,2024-01-29,2024-01-29,2024-01-29,2024-05-11,371400,362300,45100,4500,421000,17,63100,0,0,2024,2024-01,103.0,DATE DE PAIEMENT RENSEIGNEE,OK,1,2024Q1,365.0,103.0,False,False,False,True
OP_00044,CLIENT_0096,PERSONNE PHYSIQUE,COMPAGNIE_03,POLICE_00104,0,AUTOMOBILE,MONO AUTO,AFFAIRE NOUVELLE,2024-01-31,2025-01-30,2024-01-29,2024-01-29,2024-01-29,2024-05-31,66500,65800,7100,4400,78000,15,10000,0,0,2024,2024-01,123.0,DATE DE PAIEMENT RENSEIGNEE,OK,1,2024Q1,365.0,123.0,False,False,False,True
OP_00045,CLIENT_0011,PERSONNE PHYSIQUE,COMPAGNIE_02,POLICE_00011,5,AUTOMOBILE,MONO AUTO,RENOUVELLEMENT,2024-01-12,2025-01-11,2024-01-30,2024-01-30,2024-01-30,2024-05-25,125000,38500,12800,2900,140600,15,18700,0,0,2024,2024-01,116.0,DATE DE PAIEMENT RENSEIGNEE,OK,1,2024Q1,365.0,116.0,False,False,False,True
OP_00046,CLIENT_0014,PERSONNE PHYSIQUE,COMPAGNIE_03,POLICE_00014,4,AUTOMOBILE,MONO AUTO,RENOUVELLEMENT,2024-01-25,2024-04-24,2024-01-31,2024-01-31,2024-01-31,2024-06-15,14100,13500,1700,3200,19100,15,2100,0,0,2024,2024-01,136.0,DATE DE PAIEMENT RENSEIGNEE,OK,1,2024Q1,90.0,136.0,False,False,False,True
OP_00047,CLIENT_0040,PERSONNE PHYSIQUE,COMPAGNIE_04,POLICE_00040,0,AUTOMOBILE,MONO AUTO,AFFAIRE NOUVELLE,2024-01-03,2025-01-02,2024-01-31,2024-01-31,2024-01-31,,38800,37300,4200,2800,45700,15,5800,0,0,2024,2024-01,,DATE DE PAIEMENT NON RENSEIGNEE,OK,1,2024Q1,365.0,,False,False,False,False
OP_00048,CLIENT_0044,PERSONNE PHYSIQUE,COMPAGNIE_01,POLICE_00044,2,AUTOMOBILE,FLOTTE AUTOMOBILE,RENOUVELLEMENT,2024-02-03,2025-02-02,2024-01-31,2024-01-29,2024-01-31,,110800,0,11100,500,122400,15,16600,0,0,2024,2024-01,,DATE DE PAIEMENT NON RENSEIGNEE,OK,1,2024Q1,365.0,,False,False,False,False
OP_00049,CLIENT_0065,PERSONNE PHYSIQUE,COMPAGNIE_02,POLICE_00067,7,AUTOMOBILE,MONO AUTO,RENOUVELLEMENT,2024-01-20,2024-07-19,2024-01-31,2024-01-31,2024-01-31,2024-05-19,128000,89800,13100,3400,144600,15,19200,0,0,2024,2024-01,109.0,DATE DE PAIEMENT RENSEIGNEE,OK,1,2024Q1,181.0,109.0,False,False,False,True
OP_00050,CLIENT_0079,PERSONNE PHYSIQUE,COMPAGNIE_05,POLICE_00084,1,AUTOMOBILE,MONO AUTO,RENOUVELLEMENT,2024-01-05,2024-07-04,2024-01-31,2024-01-04,2024-01-31,2024-03-15,17700,15500,2200,4200,24100,15,2700,0,0,2024,2024-01,44.0,DATE DE PAIEMENT RENSEIGNEE,OK,1,2024Q1,181.0,44.0,False,False,False,True
OP_00051,CLIENT_0120,PERSONNE PHYSIQUE,COMPAGNIE_01,POLICE_00134,1,AUTOMOBILE,MONO AUTO,AFFAIRE NOUVELLE,2024-02-01,2025-01-31,2024-01-31,2024-02-01,2024-02-01,2024-03-08,61300,58500,6600,4900,72800,15,9200,0,0,2024,2024-01,36.0,DATE DE PAIEMENT RENSEIGNEE,OK,1,2024Q1,365.0,36.0,False,False,False,True
OP_00052,CLIENT_0003,PERSONNE PHYSIQUE,COMPAGNIE_02,POLICE_00003,24,AUTOMOBILE,MONO AUTO,PROROGATION,2024-01-24,2024-04-23,2024-02-01,2024-02-01,2024-02-01,2024-05-27,36600,17100,3700,0,40200,15,5500,0,0,2024,2024-02,116.0,DATE DE PAIEMENT RENSEIGNEE,OK,2,2024Q1,90.0,116.0,False,False,False,True
OP_00053,CLIENT_0007,PERSONNE PHYSIQUE,COMPAGNIE_03,POLICE_00007,2,AUTOMOBILE,MONO AUTO,RENOUVELLEMENT,2024-01-13,2024-07-12,2024-02-01,2024-02-01,2024-02-01,2024-06-16,24700,24300,2800,2900,30400,15,3700,0,0,2024,2024-02,136.0,DATE DE PAIEMENT RENSEIGNEE,OK,2,2024Q1,181.0,136.0,False,False,False,True
OP_00054,CLIENT_0021,PERSONNE PHYSIQUE,COMPAGNIE_01,POLICE_00021,2,AUTOMOBILE,MONO AUTO,RENOUVELLEMENT,2024-01-15,2025-01-14,2024-02-01,2024-02-01,2024-02-01,2024-02-26,53300,52200,5900,5700,64900,15,8000,0,0,2024,2024-02,25.0,DATE DE PAIEMENT RENSEIGNEE,OK,2,2024Q1,365.0,25.0,False,False,False,True
OP_00055,CLIENT_0024,PERSONNE PHYSIQUE,COMPAGNIE_03,POLICE_00024,3,AUTOMOBILE,MONO AUTO,RENOUVELLEMENT,2024-01-14,2024-04-13,2024-02-01,2024-02-01,2024-02-01,2024-06-13,11700,11600,1700,5000,18300,15,1700,0,0,2024,2024-02,133.0,DATE DE PAIEMENT RENSEIGNEE,OK,2,2024Q1,90.0,133.0,False,False,False,True
OP_00056,CLIENT_0037,PERSONNE PHYSIQUE,COMPAGNIE_03,POLICE_00037,2,AUTOMOBILE,MONO AUTO,RENOUVELLEMENT,2024-01-07,2025-01-06,2024-02-01,2024-02-01,2024-02-01,2024-06-13,161200,68200,16700,5600,183500,15,24200,0,0,2024,2024-02,133.0,DATE DE PAIEMENT RENSEIGNEE,OK,2,2024Q1,365.0,133.0,False,False,False,True
OP_00057,CLIENT_0047,PERSONNE PHYSIQUE,COMPAGNIE_04,POLICE_00047,4,AUTOMOBILE,MONO AUTO,RENOUVELLEMENT,2024-02-01,2025-01-31,2024-02-01,2024-01-27,2024-02-01,2024-03-23,92700,91000,9700,4400,106800,15,13900,0,0,2024,2024-02,51.0,DATE DE PAIEMENT RENSEIGNEE,OK,2,2024Q1,365.0,51.0,False,False,False,True
OP_00058,CLIENT_0060,PERSONNE MORALE,COMPAGNIE_07,POLICE_00060,1,AUTOMOBILE,FLOTTE MOTO,AFFAIRE NOUVELLE,2024-02-09,2025-02-08,2024-02-01,2024-02-21,2024-02-22,2024-03-13,1133300,168200,113300,16300,1263000,15,170000,0,0,2024,2024-02,20.0,DATE DE PAIEMENT RENSEIGNEE,OK,2,2024Q1,365.0,20.0,False,False,False,True
OP_00059,CLIENT_0073,PERSONNE PHYSIQUE,COMPAGNIE_01,POLICE_00078,2,AUTOMOBILE,MONO AUTO,PROROGATION,2024-01-29,2024-04-27,2024-02-01,2024-01-29,2024-02-01,2024-03-18,17600,17000,1800,0,19400,15,2600,0,0,2024,2024-02,46.0,DATE DE PAIEMENT RENSEIGNEE,OK,2,2024Q1,89.0,46.0,False,False,False,True
OP_00060,CLIENT_0085,PERSONNE MORALE,COMPAGNIE_01,POLICE_00090,6,AUTOMOBILE,MONO AUTO,RENOUVELLEMENT,2024-01-14,2024-07-13,2024-02-01,2024-01-14,2024-02-01,2024-02-18,42600,41400,5800,5400,53800,15,6400,0,0,2024,2024-02,17.0,DATE DE PAIEMENT RENSEIGNEE,OK,2,2024Q1,181.0,17.0,False,False,False,True
OP_00061,CLIENT_0092,PERSONNE PHYSIQUE,COMPAGNIE_01,POLICE_00100,2,AUTOMOBILE,MONO AUTO,RENOUVELLEMENT,2024-02-06,2025-02-05,2024-02-01,2024-02-01,2024-02-01,2024-02-18,44900,43800,5000,5400,55300,15,6700,0,0,2024,2024-02,17.0,DATE DE PAIEMENT RENSEIGNEE,OK,2,2024Q1,365.0,17.0,False,False,False,True
OP_00062,CLIENT_0114,PERSONNE PHYSIQUE,COMPAGNIE_04,POLICE_00125,7,AUTOMOBILE,MONO AUTO,RENOUVELLEMENT,2024-02-01,2024-04-30,2024-02-01,2024-02-01,2024-02-01,2024-03-09,11000,9500,1200,1300,13600,15,1700,0,0,2024,2024-02,37.0,DATE DE PAIEMENT RENSEIGNEE,OK,2,2024Q1,89.0,37.0,False,False,False,True
OP_00063,CLIENT_0116,PERSONNE PHYSIQUE,COMPAGNIE_04,POLICE_00127,0,AUTOMOBILE,MONO AUTO,AFFAIRE NOUVELLE,2023-12-14,2024-04-24,2024-02-01,2024-02-01,2024-02-01,,0,0,0,0,0,15,0,0,0,2024,2024-02,,DATE DE PAIEMENT NON RENSEIGNEE,OK,2,2024Q1,132.0,,False,False,False,False
OP_00064,CLIENT_0034,PERSONNE PHYSIQUE,COMPAGNIE_03,POLICE_00034,3,AUTOMOBILE,MONO AUTO,RENOUVELLEMENT,2024-01-14,2024-04-14,2024-02-02,2024-02-02,2024-02-02,2024-06-14,11500,11300,1600,4900,18000,15,1700,0,0,2024,2024-02,133.0,DATE DE PAIEMENT RENSEIGNEE,OK,2,2024Q1,91.0,133.0,False,False,False,True
OP_00065,CLIENT_0035,PERSONNE PHYSIQUE,COMPAGNIE_03,POLICE_00035,2,AUTOMOBILE,MONO AUTO,RENOUVELLEMENT,2024-01-12,2025-01-11,2024-02-02,2024-02-02,2024-02-02,2024-06-15,54000,53100,6000,5700,65700,15,8100,0,0,2024,2024-02,134.0,DATE DE PAIEMENT RENSEIGNEE,OK,2,2024Q1,365.0,134.0,False,False,False,True
OP_00066,CLIENT_0053,PERSONNE PHYSIQUE,COMPAGNIE_03,POLICE_00053,2,AUTOMOBILE,MONO AUTO,RENOUVELLEMENT,2024-01-08,2025-01-07,2024-02-02,2024-03-07,2024-03-07,2024-04-07,356800,55600,36100,4700,397600,15,53500,0,0,2024,2024-02,31.0,DATE DE PAIEMENT RENSEIGNEE,OK,2,2024Q1,365.0,31.0,False,False,False,True
OP_00067,CLIENT_0113,PERSONNE PHYSIQUE,COMPAGNIE_01,POLICE_00124,1,AUTOMOBILE,MONO AUTO,RENOUVELLEMENT,2024-02-02,2024-05-01,2024-02-02,2024-02-02,2024-02-02,2024-02-12,46100,13500,5100,4900,56000,15,6900,0,0,2024,2024-02,10.0,DATE DE PAIEMENT RENSEIGNEE,OK,2,2024Q1,89.0,10.0,False,False,False,True
OP_00068,CLIENT_0056,PERSONNE PHYSIQUE,COMPAGNIE_01,POLICE_00056,1,AUTOMOBILE,MONO AUTO,AFFAIRE NOUVELLE,2024-02-02,2025-02-01,2024-02-03,2024-02-03,2024-02-03,2024-02-26,156300,60400,16100,5100,177600,15,23500,0,0,2024,2024-02,23.0,DATE DE PAIEMENT RENSEIGNEE,OK,2,2024Q1,365.0,23.0,False,False,False,True
OP_00069,CLIENT_0063,PERSONNE PHYSIQUE,COMPAGNIE_01,POLICE_00063,1,AUTOMOBILE,MONO AUTO,AFFAIRE NOUVELLE,2024-02-04,2025-02-03,2024-02-03,2024-02-03,2024-02-03,2024-03-24,44500,0,4900,4700,54200,15,6700,0,0,2024,2024-02,50.0,DATE DE PAIEMENT RENSEIGNEE,OK,2,2024Q1,365.0,50.0,False,False,False,True
OP_00070,CLIENT_0008,PERSONNE PHYSIQUE,COMPAGNIE_03,POLICE_00008,2,AUTOMOBILE,FLOTTE AUTOMOBILE,RENOUVELLEMENT,2024-01-15,2025-01-14,2024-02-04,2024-02-04,2024-02-04,2024-06-19,200800,194400,23600,5500,229900,15,30100,0,0,2024,2024-02,136.0,DATE DE PAIEMENT RENSEIGNEE,OK,2,2024Q1,365.0,136.0,False,False,False,True
OP_00071,CLIENT_0071,PERSONNE PHYSIQUE,COMPAGNIE_01,POLICE_00076,1,AUTOMOBILE,MONO AUTO,AFFAIRE NOUVELLE,2024-02-01,2025-01-31,2024-02-04,2024-02-04,2024-02-04,2024-02-25,77700,74900,9900,4900,92500,15,11700,0,0,2024,2024-02,21.0,DATE DE PAIEMENT RENSEIGNEE,OK,2,2024Q1,365.0,21.0,False,False,False,True
OP_00072,CLIENT_0085,PERSONNE MORALE,COMPAGNIE_01,POLICE_00111,6,AUTOMOBILE,MONO AUTO,RENOUVELLEMENT,2024-02-05,2024-08-04,2024-02-04,2024-03-24,2024-03-24,,65400,63000,8400,4900,78700,15,9800,0,0,2024,2024-02,,DATE DE PAIEMENT NON RENSEIGNEE,OK,2,2024Q1,181.0,,False,False,False,False
OP_00073,CLIENT_0109,PERSONNE PHYSIQUE,COMPAGNIE_05,POLICE_00120,0,AUTOMOBILE,MONO AUTO,AFFAIRE NOUVELLE,2024-02-03,2024-05-02,2024-02-04,2024-02-04,2024-02-04,2024-03-13,15700,14200,1900,3000,20600,15,2400,0,0,2024,2024-02,38.0,DATE DE PAIEMENT RENSEIGNEE,OK,2,2024Q1,89.0,38.0,False,False,False,True
OP_00074,CLIENT_0050,PERSONNE MORALE,COMPAGNIE_06,POLICE_00050,65,AUTOMOBILE,FLOTTE AUTOMOBILE,INCORPORATION,2024-01-30,2025-01-06,2024-02-05,2024-01-30,2024-02-05,2024-05-28,36300,34000,3800,1100,41100,15,5400,0,0,2024,2024-02,113.0,DATE DE PAIEMENT RENSEIGNEE,OK,2,2024Q1,342.0,113.0,False,False,False,True
OP_00075,CLIENT_0004,PERSONNE MORALE,COMPAGNIE_01,POLICE_00004,1,AUTOMOBILE,MONO AUTO,AFFAIRE NOUVELLE,2024-01-30,2024-01-29,2024-02-06,2024-02-06,2024-02-06,2024-04-02,66400,65300,7200,5500,79100,15,10000,0,0,2024,2024-02,56.0,DATE DE PAIEMENT RENSEIGNEE,EFFET_APRES_ECHEANCE,2,2024Q1,-1.0,56.0,True,False,False,True
OP_00076,CLIENT_0017,PERSONNE PHYSIQUE,COMPAGNIE_04,POLICE_00017,4,AUTOMOBILE,MONO AUTO,RENOUVELLEMENT,2024-03-14,2025-03-13,2024-02-06,2024-02-06,2024-02-06,2024-04-01,50700,49000,5600,5100,61400,15,7600,0,0,2024,2024-02,55.0,DATE DE PAIEMENT RENSEIGNEE,OK,2,2024Q1,364.0,55.0,False,False,False,True
OP_00077,CLIENT_0060,PERSONNE MORALE,COMPAGNIE_07,POLICE_00097,1,AUTOMOBILE,FLOTTE AUTOMOBILE,AFFAIRE NOUVELLE,2024-02-09,2025-02-08,2024-02-06,2024-02-21,2024-02-22,2024-03-13,10134200,3719300,1146600,24300,11305100,15,1520100,0,0,2024,2024-02,20.0,DATE DE PAIEMENT RENSEIGNEE,OK,2,2024Q1,365.0,20.0,False,False,False,True
OP_00078,CLIENT_0134,PERSONNE PHYSIQUE,COMPAGNIE_02,POLICE_00152,1,RC CHEF D'ENTREPRISE,RESPONSABILITE,RENOUVELLEMENT,2024-02-10,2025-02-09,2024-02-06,2024-02-14,2024-02-14,2024-05-08,479000,469400,58000,4800,541800,17,81400,0,0,2024,2024-02,84.0,DATE DE PAIEMENT RENSEIGNEE,OK,2,2024Q1,365.0,84.0,False,False,False,True
OP_00079,CLIENT_0019,PERSONNE MORALE,COMPAGNIE_01,POLICE_00019,1,AUTOMOBILE,MONO AUTO,AFFAIRE NOUVELLE,2024-01-25,2024-04-24,2024-02-07,2024-02-07,2024-02-07,2024-03-06,19700,19000,2500,5300,27500,15,3000,0,0,2024,2024-02,28.0,DATE DE PAIEMENT RENSEIGNEE,OK,2,2024Q1,90.0,28.0,False,False,False,True
OP_00080,CLIENT_0052,PERSONNE PHYSIQUE,COMPAGNIE_02,POLICE_00138,0,AUTOMOBILE,MONO AUTO,AFFAIRE NOUVELLE,2024-02-11,2024-08-10,2024-02-07,2024-02-07,2024-02-07,2024-05-13,183700,36200,18700,2900,205200,15,27600,0,0,2024,2024-02,96.0,DATE DE PAIEMENT RENSEIGNEE,OK,2,2024Q1,181.0,96.0,False,False,False,True
OP_00081,CLIENT_0067,PERSONNE MORALE,COMPAGNIE_02,POLICE_00069,0,AUTOMOBILE,FLOTTE AUTOMOBILE,AFFAIRE NOUVELLE,2024-01-06,2025-01-05,2024-02-07,2023-12-27,2024-05-22,2024-05-26,691200,0,83500,4800,779400,15,103700,0,0,2024,2024-02,4.0,DATE DE PAIEMENT RENSEIGNEE,OK,2,2024Q1,365.0,4.0,False,False,False,True
OP_00082,CLIENT_0082,PERSONNE PHYSIQUE,COMPAGNIE_02,POLICE_00087,0,AUTOMOBILE,MONO AUTO,AFFAIRE NOUVELLE,2024-01-15,2024-07-14,2024-02-07,2024-01-17,2024-02-07,2024-05-23,23100,20200,2500,2200,27900,15,3500,0,0,2024,2024-02,106.0,DATE DE PAIEMENT RENSEIGNEE,OK,2,2024Q1,181.0,106.0,False,False,False,True
OP_00083,CLIENT_0023,PERSONNE PHYSIQUE,COMPAGNIE_01,POLICE_00023,2,AUTOMOBILE,MONO AUTO,RENOUVELLEMENT,2024-01-26,2025-01-25,2024-02-08,2024-02-08,2024-02-08,2024-04-01,43100,41400,4800,4500,52400,15,6500,0,0,2024,2024-02,53.0,DATE DE PAIEMENT RENSEIGNEE,OK,2,2024Q1,365.0,53.0,False,False,False,True
OP_00084,CLIENT_0078,PERSONNE PHYSIQUE,COMPAGNIE_06,POLICE_00083,9,AUTOMOBILE,FLOTTE MOTO,RENOUVELLEMENT,2024-01-13,2025-01-12,2024-02-08,2024-01-07,2024-02-08,2024-02-09,309600,255900,31500,4700,345800,15,46400,0,0,2024,2024-02,1.0,DATE DE PAIEMENT RENSEIGNEE,OK,2,2024Q1,365.0,1.0,False,False,False,True
OP_00085,CLIENT_0093,PERSONNE PHYSIQUE,COMPAGNIE_01,POLICE_00101,5,AUTOMOBILE,MONO AUTO,RENOUVELLEMENT,2024-02-10,2025-02-09,2024-02-08,2024-02-08,2024-02-12,2024-03-22,37000,35400,4100,4300,45400,15,5500,0,0,2024,2024-02,39.0,DATE DE PAIEMENT RENSEIGNEE,OK,2,2024Q1,365.0,39.0,False,False,False,True
OP_00086,CLIENT_0104,PERSONNE PHYSIQUE,COMPAGNIE_02,POLICE_00115,1,TRAVEL ASSURANCE,0,RENOUVELLEMENT,2024-02-28,2025-02-26,2024-02-08,2024-02-08,2024-02-08,2024-05-20,45900,0,6000,4500,56400,10,4600,0,0,2024,2024-02,102.0,DATE DE PAIEMENT RENSEIGNEE,OK,2,2024Q1,364.0,102.0,False,False,False,True
OP_00087,CLIENT_0105,PERSONNE PHYSIQUE,COMPAGNIE_03,POLICE_00116,0,AUTOMOBILE,MONO AUTO,AFFAIRE NOUVELLE,2024-02-06,2025-02-05,2024-02-08,2024-02-08,2024-02-08,2024-06-06,60100,59300,6500,5200,71900,15,9000,0,0,2024,2024-02,119.0,DATE DE PAIEMENT RENSEIGNEE,OK,2,2024Q1,365.0,119.0,False,False,False,True
OP_00088,CLIENT_0121,PERSONNE PHYSIQUE,COMPAGNIE_03,POLICE_00135,0,AUTOMOBILE,MONO AUTO,AFFAIRE NOUVELLE,2024-02-08,2024-08-07,2024-02-08,2024-02-08,2024-02-08,2024-06-04,25400,25000,3100,5400,33900,15,3800,0,0,2024,2024-02,117.0,DATE DE PAIEMENT RENSEIGNEE,OK,2,2024Q1,181.0,117.0,False,False,False,True
OP_00089,CLIENT_0136,PERSONNE PHYSIQUE,COMPAGNIE_02,POLICE_00155,3,AUTOMOBILE,MONO AUTO,RENOUVELLEMENT,2024-02-10,2025-02-09,2024-02-08,2024-02-08,2024-02-08,2024-05-07,58300,53400,6100,2900,67300,15,8700,0,0,2024,2024-02,89.0,DATE DE PAIEMENT RENSEIGNEE,OK,2,2024Q1,365.0,89.0,False,False,False,True
OP_00090,CLIENT_0025,PERSONNE MORALE,COMPAGNIE_01,POLICE_00025,1,AUTOMOBILE,MONO AUTO,RENOUVELLEMENT,2022-12-31,2023-12-30,2024-02-09,2024-02-09,2024-02-09,2024-02-09,53900,52700,6000,5700,65600,15,8100,0,0,2024,2024-02,0.0,DATE DE PAIEMENT RENSEIGNEE,OK,2,2024Q1,364.0,0.0,False,False,False,True
OP_00091,CLIENT_0054,PERSONNE PHYSIQUE,COMPAGNIE_02,POLICE_00054,0,TRAVEL ASSURANCE,0,AFFAIRE NOUVELLE,2024-03-04,2024-03-11,2024-02-09,2024-02-09,2024-02-09,2024-05-30,8000,0,1600,5700,15300,10,800,0,0,2024,2024-02,111.0,DATE DE PAIEMENT RENSEIGNEE,OK,2,2024Q1,7.0,111.0,False,False,False,True
OP_00092,CLIENT_0064,PERSONNE PHYSIQUE,COMPAGNIE_04,POLICE_00065,20,AUTOMOBILE,MONO AUTO,RENOUVELLEMENT,2024-02-10,2024-05-09,2024-02-09,2024-02-09,2024-02-09,2024-03-29,20900,20500,2400,3100,26400,15,3100,0,0,2024,2024-02,49.0,DATE DE PAIEMENT RENSEIGNEE,OK,2,2024Q1,89.0,49.0,False,False,False,True
OP_00093,CLIENT_0107,PERSONNE MORALE,COMPAGNIE_01,POLICE_00118,1,AUTOMOBILE,MONO AUTO,AFFAIRE NOUVELLE,2024-02-07,2024-03-06,2024-02-09,2024-02-10,2024-02-10,2024-02-20,15900,15400,2100,4900,22900,15,2400,0,0,2024,2024-02,10.0,DATE DE PAIEMENT RENSEIGNEE,OK,2,2024Q1,28.0,10.0,False,False,False,True
OP_00094,CLIENT_0119,PERSONNE PHYSIQUE,COMPAGNIE_06,POLICE_00130,1,AUTOMOBILE,MONO AUTO,RENOUVELLEMENT,2023-12-23,2024-12-22,2024-02-09,2024-02-09,2024-02-09,2024-02-04,81900,79600,8700,5300,95900,15,12300,0,0,2024,2024-02,-5.0,DATE DE PAIEMENT RENSEIGNEE,PAIEMENT_AVANT_ENCAISSEMENT,2,2024Q1,365.0,-5.0,False,True,False,False
OP_00095,CLIENT_0028,PERSONNE PHYSIQUE,COMPAGNIE_03,POLICE_00028,3,AUTOMOBILE,MONO AUTO,RENOUVELLEMENT,2024-02-07,2024-05-08,2024-02-10,2024-02-10,2024-02-10,2024-06-22,8900,8700,1300,4300,14500,15,1300,0,0,2024,2024-02,133.0,DATE DE PAIEMENT RENSEIGNEE,OK,2,2024Q1,91.0,133.0,False,False,False,True
OP_00096,CLIENT_0032,PERSONNE MORALE,COMPAGNIE_01,POLICE_00032,1,MULTIRISQUE PROFESSIONNELLE,INCENDIE,RENOUVELLEMENT,2024-01-22,2025-01-21,2024-02-10,2024-02-07,2024-02-12,2024-03-06,4006500,0,753800,5400,4765500,20,801300,0,0,2024,2024-02,23.0,DATE DE PAIEMENT RENSEIGNEE,OK,2,2024Q1,365.0,23.0,False,False,False,True
OP_00097,CLIENT_0054,PERSONNE PHYSIQUE,COMPAGNIE_02,POLICE_00064,0,TRAVEL ASSURANCE,0,AFFAIRE NOUVELLE,2024-05-20,2024-05-28,2024-02-10,2024-02-11,2024-02-11,2024-05-30,7900,0,1600,5700,15300,10,800,0,0,2024,2024-02,109.0,DATE DE PAIEMENT RENSEIGNEE,OK,2,2024Q1,8.0,109.0,False,False,False,True
OP_00098,CLIENT_0054,PERSONNE PHYSIQUE,COMPAGNIE_02,POLICE_00064,0,TRAVEL ASSURANCE,0,AFFAIRE NOUVELLE,2024-05-20,2024-05-28,2024-02-10,2024-05-30,2024-05-30,,0,0,0,0,0,0,0,0,0,2024,2024-02,,DATE DE PAIEMENT NON RENSEIGNEE,OK,2,2024Q1,8.0,,False,False,False,False
OP_00099,CLIENT_0061,PERSONNE PHYSIQUE,COMPAGNIE_02,POLICE_00061,3,AUTOMOBILE,MONO AUTO,RENOUVELLEMENT,2024-02-26,2024-05-25,2024-02-10,2024-02-10,2024-02-10,2024-05-30,52000,15900,5500,2600,60000,15,7800,0,0,2024,2024-02,110.0,DATE DE PAIEMENT RENSEIGNEE,OK,2,2024Q1,89.0,110.0,False,False,False,True
OP_00100,CLIENT_0084,PERSONNE MORALE,COMPAGNIE_01,POLICE_00089,4,AUTOMOBILE,MONO AUTO,RENOUVELLEMENT,2022-12-22,2023-06-20,2024-02-10,2024-02-10,2024-02-10,2024-02-10,27200,25600,3800,4400,35500,15,4100,0,0,2024,2024-02,0.0,DATE DE PAIEMENT RENSEIGNEE,OK,2,2024Q1,180.0,0.0,False,False,False,True
OP_00101,CLIENT_0084,PERSONNE MORALE,COMPAGNIE_01,POLICE_00089,4,AUTOMOBILE,MONO AUTO,RENOUVELLEMENT,2023-06-21,2023-12-21,2024-02-10,2024-02-10,2024-02-10,2024-02-10,36600,0,4400,0,41000,15,5500,0,0,2024,2024-02,0.0,DATE DE PAIEMENT RENSEIGNEE,OK,2,2024Q1,183.0,0.0,False,False,False,True
OP_00102,CLIENT_0084,PERSONNE MORALE,COMPAGNIE_01,POLICE_00094,3,AUTOMOBILE,MONO AUTO,RENOUVELLEMENT,2022-12-22,2023-06-20,2024-02-10,2024-02-10,2024-02-10,2024-02-10,34200,33300,4600,4300,43100,15,5100,0,0,2024,2024-02,0.0,DATE DE PAIEMENT RENSEIGNEE,OK,2,2024Q1,180.0,0.0,False,False,False,True
OP_00103,CLIENT_0084,PERSONNE MORALE,COMPAGNIE_01,POLICE_00094,4,AUTOMOBILE,MONO AUTO,PROROGATION,2023-06-21,2023-12-21,2024-02-10,2024-02-10,2024-02-10,2024-02-10,37900,0,9900,0,47800,15,5700,0,0,2024,2024-02,0.0,DATE DE PAIEMENT RENSEIGNEE,OK,2,2024Q1,183.0,0.0,False,False,False,True
OP_00104,CLIENT_0084,PERSONNE MORALE,COMPAGNIE_01,POLICE_00159,3,AUTOMOBILE,MONO AUTO,RENOUVELLEMENT,2023-02-09,2023-08-08,2024-02-10,2024-02-10,2024-02-10,2024-02-10,40800,39800,5500,5200,51500,15,6100,0,0,2024,2024-02,0.0,DATE DE PAIEMENT RENSEIGNEE,OK,2,2024Q1,180.0,0.0,False,False,False,True
OP_00105,CLIENT_0084,PERSONNE MORALE,COMPAGNIE_01,POLICE_00159,4,AUTOMOBILE,MONO AUTO,RENOUVELLEMENT,2023-08-09,2024-02-08,2024-02-10,2024-02-10,2024-02-10,2024-02-10,40300,0,5500,5100,50900,15,6100,0,0,2024,2024-02,0.0,DATE DE PAIEMENT RENSEIGNEE,OK,2,2024Q1,183.0,0.0,False,False,False,True
OP_00106,CLIENT_0084,PERSONNE MORALE,COMPAGNIE_01,POLICE_00160,0,AUTOMOBILE,MONO AUTO,RENOUVELLEMENT,2023-02-18,2023-08-20,2024-02-10,2024-02-10,2024-02-10,2024-02-10,38200,0,5200,4800,48200,15,5700,0,0,2024,2024-02,0.0,DATE DE PAIEMENT RENSEIGNEE,OK,2,2024Q1,183.0,0.0,False,False,False,True
OP_00107,CLIENT_0084,PERSONNE MORALE,COMPAGNIE_01,POLICE_00161,0,AUTOMOBILE,MONO AUTO,RENOUVELLEMENT,2023-03-16,2023-09-13,2024-02-10,2024-02-10,2024-02-10,2024-02-10,41200,0,4900,0,46100,15,6200,0,0,2024,2024-02,0.0,DATE DE PAIEMENT RENSEIGNEE,OK,2,2024Q1,181.0,0.0,False,False,False,True
OP_00108,CLIENT_0022,PERSONNE PHYSIQUE,COMPAGNIE_02,POLICE_00022,5,AUTOMOBILE,MONO AUTO,RENOUVELLEMENT,2024-02-01,2025-01-31,2024-02-11,2024-02-11,2024-02-11,2024-06-03,128100,38100,13100,2800,144000,15,19200,0,0,2024,2024-02,113.0,DATE DE PAIEMENT RENSEIGNEE,OK,2,2024Q1,365.0,113.0,False,False,False,True
OP_00109,CLIENT_0029,PERSONNE PHYSIQUE,COMPAGNIE_01,POLICE_00029,3,AUTOMOBILE,MONO AUTO,RENOUVELLEMENT,2024-02-08,2024-08-07,2024-02-11,2024-02-11,2024-02-11,2024-03-07,31400,30500,3700,5300,40400,15,4700,0,0,2024,2024-02,25.0,DATE DE PAIEMENT RENSEIGNEE,OK,2,2024Q1,181.0,25.0,False,False,False,True
OP_00110,CLIENT_0030,PERSONNE MORALE,COMPAGNIE_04,POLICE_00030,3,AUTOMOBILE,MONO AUTO,RENOUVELLEMENT,2024-02-08,2025-02-07,2024-02-11,2024-02-11,2024-02-11,,39200,37700,4300,4000,47500,15,5900,0,0,2024,2024-02,,DATE DE PAIEMENT NON RENSEIGNEE,OK,2,2024Q1,365.0,,False,False,False,False
OP_00111,CLIENT_0045,PERSONNE PHYSIQUE,COMPAGNIE_01,POLICE_00045,0,AUTOMOBILE,MONO AUTO,AFFAIRE NOUVELLE,2023-01-14,2024-01-13,2024-02-11,2024-05-26,2024-03-21,,0,0,0,0,0,0,0,0,0,2024,2024-02,,DATE DE PAIEMENT NON RENSEIGNEE,OK,2,2024Q1,364.0,,False,False,False,False
OP_00112,CLIENT_0051,PERSONNE MORALE,COMPAGNIE_06,POLICE_00051,0,AUTOMOBILE,FLOTTE AUTOMOBILE,RENOUVELLEMENT,2024-02-13,2025-02-12,2024-02-11,2024-03-03,2024-03-03,2024-06-03,2517300,1227400,275300,16300,2808900,15,377600,0,0,2024,2024-02,92.0,DATE DE PAIEMENT RENSEIGNEE,OK,2,2024Q1,365.0,92.0,False,False,False,True
OP_00113,CLIENT_0069,PERSONNE MORALE,COMPAGNIE_01,POLICE_00071,0,AUTOMOBILE,FLOTTE AUTOMOBILE,AFFAIRE NOUVELLE,2023-03-13,2023-04-12,2024-02-11,2024-02-11,2024-02-11,2024-03-03,216100,213900,26600,5600,248400,15,32400,0,0,2024,2024-02,21.0,DATE DE PAIEMENT RENSEIGNEE,OK,2,2024Q1,30.0,21.0,False,False,False,True
OP_00114,CLIENT_0070,PERSONNE PHYSIQUE,COMPAGNIE_02,POLICE_00075,8,AUTOMOBILE,MONO AUTO,RENOUVELLEMENT,2024-02-13,2024-08-12,2024-02-11,2024-02-11,2024-02-11,2024-05-30,50500,20700,5000,0,55500,15,7600,0,0,2024,2024-02,109.0,DATE DE PAIEMENT RENSEIGNEE,OK,2,2024Q1,181.0,109.0,False,False,False,True
OP_00115,CLIENT_0086,PERSONNE PHYSIQUE,COMPAGNIE_05,POLICE_00091,0,AUTOMOBILE,MONO AUTO,AFFAIRE NOUVELLE,2024-01-16,2025-01-15,2024-02-11,2024-01-16,2024-02-11,2024-07-23,109300,103900,13500,3700,126500,15,16400,0,0,2024,2024-02,163.0,DATE DE PAIEMENT RENSEIGNEE,OK,2,2024Q1,365.0,163.0,False,False,False,True
OP_00116,CLIENT_0124,PERSONNE PHYSIQUE,COMPAGNIE_03,POLICE_00141,2,AUTOMOBILE,MONO AUTO,RENOUVELLEMENT,2024-02-11,2024-08-10,2024-02-11,2024-02-11,2024-02-11,2024-06-06,35800,35400,3700,900,40400,15,5400,0,0,2024,2024-02,116.0,DATE DE PAIEMENT RENSEIGNEE,OK,2,2024Q1,181.0,116.0,False,False,False,True
OP_00117,CLIENT_0137,PERSONNE PHYSIQUE,COMPAGNIE_04,POLICE_00156,10,AUTOMOBILE,MONO AUTO,RENOUVELLEMENT,2024-02-12,2024-05-11,2024-02-11,2024-02-11,2024-02-11,2024-03-10,11700,11300,1400,2800,15800,15,1700,0,0,2024,2024-02,28.0,DATE DE PAIEMENT RENSEIGNEE,OK,2,2024Q1,89.0,28.0,False,False,False,True
OP_00118,CLIENT_0020,PERSONNE PHYSIQUE,COMPAGNIE_01,POLICE_00020,0,AUTOMOBILE,MONO AUTO,PROROGATION,2023-06-30,2023-09-29,2024-02-12,2024-02-12,2024-02-12,2024-02-12,17000,0,6700,0,23700,15,2500,0,0,2024,2024-02,0.0,DATE DE PAIEMENT RENSEIGNEE,OK,2,2024Q1,91.0,0.0,False,False,False,True
OP_00119,CLIENT_0020,PERSONNE PHYSIQUE,COMPAGNIE_01,POLICE_00020,0,AUTOMOBILE,MONO AUTO,RENOUVELLEMENT,2023-09-30,2023-12-30,2024-02-12,2024-02-12,2024-02-12,2024-02-12,25600,0,2600,0,28100,15,3800,0,0,2024,2024-02,0.0,DATE DE PAIEMENT RENSEIGNEE,OK,2,2024Q1,91.0,0.0,False,False,False,True
OP_00120,CLIENT_0039,PERSONNE MORALE,COMPAGNIE_01,POLICE_00158,0,ASSURANCE CAUTION,DOMMAGES AUX BIENS,RENOUVELLEMENT,2023-12-22,2024-12-21,2024-02-12,2024-02-12,2024-02-12,,180200,0,19000,9500,208600,10,18000,0,0,2024,2024-02,,DATE DE PAIEMENT NON RENSEIGNEE,OK,2,2024Q1,365.0,,False,False,False,False
OP_00121,CLIENT_0050,PERSONNE MORALE,COMPAGNIE_06,POLICE_00093,62,AUTOMOBILE,FLOTTE AUTOMOBILE,INCORPORATION,2024-01-22,2025-01-06,2024-02-12,2024-01-22,2024-02-12,2024-02-13,36400,34200,3800,1100,41300,15,5500,0,0,2024,2024-02,1.0,DATE DE PAIEMENT RENSEIGNEE,OK,2,2024Q1,350.0,1.0,False,False,False,True
OP_00122,CLIENT_0050,PERSONNE MORALE,COMPAGNIE_06,POLICE_00093,64,AUTOMOBILE,FLOTTE MOTO,INCORPORATION,2024-01-30,2025-01-06,2024-02-12,2024-01-30,2024-02-12,2024-05-28,36900,34900,3800,1000,41700,15,5500,0,0,2024,2024-02,106.0,DATE DE PAIEMENT RENSEIGNEE,OK,2,2024Q1,342.0,106.0,False,False,False,True
OP_00123,CLIENT_0050,PERSONNE MORALE,COMPAGNIE_06,POLICE_00093,65,AUTOMOBILE,FLOTTE AUTOMOBILE,INCORPORATION,2024-01-30,2025-01-06,2024-02-12,2024-01-30,2024-02-12,2024-02-13,0,28400,0,0,34200,15,4500,0,0,2024,2024-02,1.0,DATE DE PAIEMENT RENSEIGNEE,OK,2,2024Q1,342.0,1.0,False,False,False,True
OP_00124,CLIENT_0057,PERSONNE PHYSIQUE,COMPAGNIE_02,POLICE_00057,5,AUTOMOBILE,MONO AUTO,PROROGATION,2024-02-13,2024-08-12,2024-02-12,2024-02-12,2024-02-12,2024-06-02,81800,25800,8200,0,90000,15,12300,0,0,2024,2024-02,111.0,DATE DE PAIEMENT RENSEIGNEE,OK,2,2024Q1,181.0,111.0,False,False,False,True
OP_00125,CLIENT_0102,PERSONNE PHYSIQUE,COMPAGNIE_02,POLICE_00113,1,TRAVEL ASSURANCE,0,RENOUVELLEMENT,2024-03-03,2025-03-02,2024-02-12,2024-02-12,2024-02-12,2024-05-24,51900,0,6800,5100,63800,10,5200,0,0,2024,2024-02,102.0,DATE DE PAIEMENT RENSEIGNEE,OK,2,2024Q1,364.0,102.0,False,False,False,True
OP_00126,CLIENT_0051,PERSONNE MORALE,COMPAGNIE_01,POLICE_00066,0,AUTOMOBILE,MONO AUTO,AFFAIRE NOUVELLE,2023-03-16,2023-04-15,2024-02-13,2024-02-13,2024-02-13,,186100,0,22900,4800,213900,15,27900,0,0,2024,2024-02,,DATE DE PAIEMENT NON RENSEIGNEE,OK,2,2024Q1,30.0,,False,False,False,False
OP_00127,CLIENT_0058,PERSONNE PHYSIQUE,COMPAGNIE_02,POLICE_00058,2,AUTOMOBILE,MONO AUTO,RENOUVELLEMENT,2024-02-13,2024-08-12,2024-02-13,2024-02-13,2024-02-13,2024-06-03,138300,41000,14200,3200,155800,15,20800,0,0,2024,2024-02,111.0,DATE DE PAIEMENT RENSEIGNEE,OK,2,2024Q1,181.0,111.0,False,False,False,True
OP_00128,CLIENT_0076,PERSONNE MORALE,COMPAGNIE_07,POLICE_00081,0,ASSURANCES TRANSPORTS,MARITIME,AFFAIRE NOUVELLE,2024-02-17,2025-02-16,2024-02-13,2024-02-13,2024-02-13,,1017800,0,0,0,1017800,15,152700,0,0,2024,2024-02,,DATE DE PAIEMENT NON RENSEIGNEE,OK,2,2024Q1,365.0,,False,False,False,False
OP_00129,CLIENT_0084,PERSONNE MORALE,COMPAGNIE_01,POLICE_00173,3,AUTOMOBILE,MONO AUTO,RENOUVELLEMENT,2024-02-13,2024-08-12,2024-02-13,2024-02-27,2024-02-27,2024-03-09,41500,4100,5600,5200,52300,15,6200,0,0,2024,2024-02,11.0,DATE DE PAIEMENT RENSEIGNEE,OK,2,2024Q1,181.0,11.0,False,False,False,True
OP_00130,CLIENT_0095,PERSONNE PHYSIQUE,COMPAGNIE_02,POLICE_00103,6,AUTOMOBILE,MONO AUTO,PROROGATION,2024-03-31,2024-09-30,2024-02-13,2024-02-13,2024-02-17,2024-05-26,84200,29500,8400,0,92600,15,12600,0,0,2024,2024-02,99.0,DATE DE PAIEMENT RENSEIGNEE,OK,2,2024Q1,183.0,99.0,False,False,False,True
OP_00131,CLIENT_0106,PERSONNE PHYSIQUE,COMPAGNIE_03,POLICE_00117,4,AUTOMOBILE,MONO AUTO,RENOUVELLEMENT,2024-02-11,2024-08-10,2024-02-13,2024-02-13,2024-02-13,2024-06-11,28200,27200,2900,1000,32100,15,4200,0,0,2024,2024-02,119.0,DATE DE PAIEMENT RENSEIGNEE,OK,2,2024Q1,181.0,119.0,False,False,False,True
OP_00132,CLIENT_0108,PERSONNE PHYSIQUE,COMPAGNIE_01,POLICE_00119,1,AUTOMOBILE,MONO AUTO,AFFAIRE NOUVELLE,2024-02-13,2025-02-12,2024-02-13,2024-02-13,2024-02-13,2024-02-24,42700,39800,4700,4700,52200,15,6400,0,0,2024,2024-02,11.0,DATE DE PAIEMENT RENSEIGNEE,OK,2,2024Q1,365.0,11.0,False,False,False,True
OP_00133,CLIENT_0144,PERSONNE PHYSIQUE,COMPAGNIE_03,POLICE_00169,0,AUTOMOBILE,MONO AUTO,RENOUVELLEMENT,2024-02-10,2024-05-11,2024-02-13,2024-02-13,2024-02-13,2024-05-28,15700,15700,2100,5300,23100,15,2400,0,0,2024,2024-02,105.0,DATE DE PAIEMENT RENSEIGNEE,OK,2,2024Q1,91.0,105.0,False,False,False,True
OP_00134,CLIENT_0147,PERSONNE PHYSIQUE,COMPAGNIE_06,POLICE_00172,2,AUTOMOBILE,MONO AUTO,RENOUVELLEMENT,2024-02-14,2024-08-13,2024-02-13,2024-02-13,2024-02-13,2024-05-09,67000,29300,7200,4900,79200,15,10100,0,0,2024,2024-02,86.0,DATE DE PAIEMENT RENSEIGNEE,OK,2,2024Q1,181.0,86.0,False,False,False,True
OP_00135,CLIENT_0050,PERSONNE MORALE,COMPAGNIE_06,POLICE_00050,49,AUTOMOBILE,FLOTTE MOTO,INCORPORATION,2023-12-07,2024-01-06,2024-02-14,2024-12-10,2024-02-14,2024-02-15,8600,7100,1000,1100,10700,15,1300,0,0,2024,2024-02,1.0,DATE DE PAIEMENT RENSEIGNEE,OK,2,2024Q1,30.0,1.0,False,False,False,True
OP_00136,CLIENT_0050,PERSONNE MORALE,COMPAGNIE_06,POLICE_00050,50,AUTOMOBILE,FLOTTE AUTOMOBILE,INCORPORATION,2023-12-19,2024-01-06,2024-02-14,2023-12-19,2024-02-14,2024-02-15,4000,2500,500,1100,5700,15,600,0,0,2024,2024-02,1.0,DATE DE PAIEMENT RENSEIGNEE,OK,2,2024Q1,18.0,1.0,False,False,False,True
OP_00137,CLIENT_0050,PERSONNE MORALE,COMPAGNIE_06,POLICE_00050,51,AUTOMOBILE,FLOTTE AUTOMOBILE,RENOUVELLEMENT,2024-01-07,2025-01-06,2024-02-14,2024-12-27,2024-02-14,2024-02-15,120100,113400,12400,3400,135900,15,18000,0,0,2024,2024-02,1.0,DATE DE PAIEMENT RENSEIGNEE,OK,2,2024Q1,365.0,1.0,False,False,False,True
OP_00138,CLIENT_0050,PERSONNE MORALE,COMPAGNIE_06,POLICE_00050,52,AUTOMOBILE,FLOTTE AUTOMOBILE,INCORPORATION,2024-01-07,2025-01-06,2024-02-14,2024-03-14,2024-03-14,2024-05-28,100,100,100,100,100,15,7500,0,0,2024,2024-02,75.0,DATE DE PAIEMENT RENSEIGNEE,OK,2,2024Q1,365.0,75.0,False,False,False,True
OP_00139,CLIENT_0050,PERSONNE MORALE,COMPAGNIE_06,POLICE_00050,52,AUTOMOBILE,FLOTTE AUTOMOBILE,INCORPORATION,2024-01-07,2025-01-06,2024-02-14,2025-01-04,2024-02-14,2024-02-15,44400,42400,4500,900,49800,15,6700,0,0,2024,2024-02,1.0,DATE DE PAIEMENT RENSEIGNEE,OK,2,2024Q1,365.0,1.0,False,False,False,True
OP_00140,CLIENT_0050,PERSONNE MORALE,COMPAGNIE_06,POLICE_00050,53,AUTOMOBILE,FLOTTE AUTOMOBILE,INCORPORATION,2024-01-07,2025-01-06,2024-02-14,2023-12-27,2024-02-14,2024-02-15,33500,31500,3500,1000,38000,15,5000,0,0,2024,2024-02,1.0,DATE DE PAIEMENT RENSEIGNEE,OK,2,2024Q1,365.0,1.0,False,False,False,True
OP_00141,CLIENT_0050,PERSONNE MORALE,COMPAGNIE_06,POLICE_00050,54,AUTOMOBILE,FLOTTE AUTOMOBILE,INCORPORATION,2024-01-07,2025-01-06,2024-02-14,2025-01-02,2024-02-14,2024-02-15,54000,51600,5500,1100,60600,15,8100,0,0,2024,2024-02,1.0,DATE DE PAIEMENT RENSEIGNEE,OK,2,2024Q1,365.0,1.0,False,False,False,True
OP_00142,CLIENT_0050,PERSONNE MORALE,COMPAGNIE_06,POLICE_00050,55,AUTOMOBILE,FLOTTE AUTOMOBILE,INCORPORATION,2024-01-07,2025-01-06,2024-02-14,2024-01-11,2024-02-14,2024-02-15,29400,27600,3000,900,33300,15,4400,0,0,2024,2024-02,1.0,DATE DE PAIEMENT RENSEIGNEE,OK,2,2024Q1,365.0,1.0,False,False,False,True
OP_00143,CLIENT_0050,PERSONNE MORALE,COMPAGNIE_06,POLICE_00050,56,AUTOMOBILE,FLOTTE AUTOMOBILE,INCORPORATION,2024-01-07,2025-01-06,2024-02-14,2024-01-02,2024-02-14,2024-02-15,40700,38400,4200,1100,45900,15,6100,0,0,2024,2024-02,1.0,DATE DE PAIEMENT RENSEIGNEE,OK,2,2024Q1,365.0,1.0,False,False,False,True
OP_00144,CLIENT_0050,PERSONNE MORALE,COMPAGNIE_06,POLICE_00050,58,AUTOMOBILE,FLOTTE AUTOMOBILE,INCORPORATION,2024-01-07,2025-01-06,2024-02-14,2024-01-10,2024-02-14,2024-02-15,290200,274700,29700,7200,327100,15,43500,0,0,2024,2024-02,1.0,DATE DE PAIEMENT RENSEIGNEE,OK,2,2024Q1,365.0,1.0,False,False,False,True
OP_00145,CLIENT_0051,PERSONNE MORALE,COMPAGNIE_01,POLICE_00072,0,AUTOMOBILE,FLOTTE AUTOMOBILE,AFFAIRE NOUVELLE,2023-10-31,2023-11-30,2024-02-14,2024-02-07,2024-02-14,2024-04-03,53700,26300,7000,4600,65300,15,8100,0,0,2024,2024-02,49.0,DATE DE PAIEMENT RENSEIGNEE,OK,2,2024Q1,30.0,49.0,False,False,False,True
OP_00146,CLIENT_0051,PERSONNE MORALE,COMPAGNIE_01,POLICE_00073,0,AUTOMOBILE,MONO AUTO,AFFAIRE NOUVELLE,2023-08-08,2023-10-30,2024-02-14,2024-02-07,2024-02-14,,51900,0,6800,5000,63800,15,7800,0,0,2024,2024-02,,DATE DE PAIEMENT NON RENSEIGNEE,OK,2,2024Q1,83.0,,False,False,False,False
OP_00147,CLIENT_0051,PERSONNE MORALE,COMPAGNIE_01,POLICE_00074,2,AUTOMOBILE,MONO AUTO,AFFAIRE NOUVELLE,2023-07-23,2023-08-22,2024-02-14,2024-02-07,2024-02-14,2024-03-06,38600,38000,5200,5000,48800,15,5800,0,0,2024,2024-02,21.0,DATE DE PAIEMENT RENSEIGNEE,OK,2,2024Q1,30.0,21.0,False,False,False,True
OP_00148,CLIENT_0087,PERSONNE PHYSIQUE,COMPAGNIE_04,POLICE_00092,9,AUTOMOBILE,MONO AUTO,RENOUVELLEMENT,2024-02-02,2024-08-01,2024-02-14,2024-02-02,2024-02-14,2024-03-29,26800,23300,2900,2100,31900,15,4000,0,0,2024,2024-02,44.0,DATE DE PAIEMENT RENSEIGNEE,OK,2,2024Q1,181.0,44.0,False,False,False,True
OP_00149,CLIENT_0138,PERSONNE PHYSIQUE,COMPAGNIE_03,POLICE_00157,0,AUTOMOBILE,MONO AUTO,AFFAIRE NOUVELLE,2024-02-14,2025-02-13,2024-02-14,2024-02-14,2024-02-14,2024-06-02,44500,43300,5000,5500,55000,15,6700,0,0,2024,2024-02,109.0,DATE DE PAIEMENT RENSEIGNEE,OK,2,2024Q1,365.0,109.0,False,False,False,True
OP_00150,CLIENT_0046,PERSONNE PHYSIQUE,COMPAGNIE_01,POLICE_00046,1,AUTOMOBILE,MONO AUTO,AFFAIRE NOUVELLE,2023-01-19,2024-01-18,2024-02-15,2024-02-15,2024-02-15,2024-02-15,52200,50100,5800,5400,63400,15,7800,0,0,2024,2024-02,0.0,DATE DE PAIEMENT RENSEIGNEE,OK,2,2024Q1,364.0,0.0,False,False,False,True
OP_00151,CLIENT_0050,PERSONNE MORALE,COMPAGNIE_06,POLICE_00050,57,AUTOMOBILE,FLOTTE AUTOMOBILE,INCORPORATION,2024-01-07,2025-01-06,2024-02-15,2024-01-02,2024-02-15,2024-02-15,39700,37500,4100,1000,44800,15,6000,0,0,2024,2024-02,0.0,DATE DE PAIEMENT RENSEIGNEE,OK,2,2024Q1,365.0,0.0,False,False,False,True
OP_00152,CLIENT_0072,PERSONNE PHYSIQUE,COMPAGNIE_01,POLICE_00077,2,AUTOMOBILE,MONO AUTO,RENOUVELLEMENT,2024-02-17,2025-02-16,2024-02-15,2024-02-15,2024-02-15,2024-04-04,133500,132600,16500,4400,154400,15,20000,0,0,2024,2024-02,49.0,DATE DE PAIEMENT RENSEIGNEE,OK,2,2024Q1,365.0,49.0,False,False,False,True
OP_00153,CLIENT_0080,PERSONNE PHYSIQUE,COMPAGNIE_04,POLICE_00085,1,AUTOMOBILE,MONO AUTO,RENOUVELLEMENT,2024-01-22,2025-01-21,2024-02-15,2024-01-19,2024-02-15,2024-03-31,44100,38300,4700,2600,51400,15,6600,0,0,2024,2024-02,45.0,DATE DE PAIEMENT RENSEIGNEE,OK,2,2024Q1,365.0,45.0,False,False,False,True
OP_00154,CLIENT_0089,PERSONNE PHYSIQUE,COMPAGNIE_04,POLICE_00096,1,AUTOMOBILE,MONO AUTO,RENOUVELLEMENT,2024-01-25,2025-01-24,2024-02-15,2024-01-21,2024-02-15,2024-03-30,11300,9000,1300,2100,14800,15,1700,0,0,2024,2024-02,44.0,DATE DE PAIEMENT RENSEIGNEE,OK,2,2024Q1,365.0,44.0,False,False,False,True
OP_00155,CLIENT_0099,PERSONNE PHYSIQUE,COMPAGNIE_01,POLICE_00109,3,AUTOMOBILE,FLOTTE AUTOMOBILE,RENOUVELLEMENT,2024-02-15,2025-02-14,2024-02-15,2025-02-17,2025-02-17,,974900,257700,108000,5400,1088300,15,146200,0,0,2024,2024-02,,DATE DE PAIEMENT NON RENSEIGNEE,OK,2,2024Q1,365.0,,False,False,False,False
OP_00156,CLIENT_0083,PERSONNE PHYSIQUE,COMPAGNIE_05,POLICE_00088,0,AUTOMOBILE,MONO AUTO,AFFAIRE NOUVELLE,2024-01-23,2024-04-22,2024-02-16,2024-01-23,2024-02-16,2024-07-28,11100,9900,1300,2000,14400,15,1700,0,0,2024,2024-02,163.0,DATE DE PAIEMENT RENSEIGNEE,OK,2,2024Q1,90.0,163.0,False,False,False,True
OP_00157,CLIENT_0115,PERSONNE PHYSIQUE,COMPAGNIE_01,POLICE_00126,0,RC CHEF D'ENTREPRISE,RESPONSABILITE,AFFAIRE NOUVELLE,2024-02-16,2025-02-15,2024-02-16,2024-02-16,2024-02-16,2024-03-25,114400,0,14400,5700,134500,17,19400,0,0,2024,2024-02,38.0,DATE DE PAIEMENT RENSEIGNEE,OK,2,2024Q1,365.0,38.0,False,False,False,True
OP_00158,CLIENT_0132,PERSONNE PHYSIQUE,COMPAGNIE_01,POLICE_00150,3,AUTOMOBILE,MONO AUTO,PROROGATION,2024-02-14,2024-06-13,2024-02-16,2024-02-16,2024-02-16,2024-03-19,17400,16900,1700,0,19200,15,2600,0,0,2024,2024-02,32.0,DATE DE PAIEMENT RENSEIGNEE,OK,2,2024Q1,120.0,32.0,False,False,False,True
OP_00159,CLIENT_0090,PERSONNE PHYSIQUE,COMPAGNIE_02,POLICE_00098,0,TRAVEL ASSURANCE,0,AFFAIRE NOUVELLE,2024-05-02,2025-05-01,2024-02-17,2024-02-18,2024-02-18,2024-06-01,51900,0,6800,5100,63900,10,5200,0,0,2024,2024-02,104.0,DATE DE PAIEMENT RENSEIGNEE,OK,2,2024Q1,364.0,104.0,False,False,False,True
OP_00160,CLIENT_0091,PERSONNE PHYSIQUE,COMPAGNIE_02,POLICE_00099,0,TRAVEL ASSURANCE,0,AFFAIRE NOUVELLE,2024-05-02,2025-03-03,2024-02-17,2024-02-18,2024-02-18,2024-06-01,55600,0,7300,5400,68400,10,5600,0,0,2024,2024-02,104.0,DATE DE PAIEMENT RENSEIGNEE,OK,2,2024Q1,305.0,104.0,False,False,False,True
OP_00161,CLIENT_0097,PERSONNE PHYSIQUE,COMPAGNIE_02,POLICE_00105,0,TRAVEL ASSURANCE,0,AFFAIRE NOUVELLE,2024-03-12,2024-03-18,2024-02-17,2024-02-17,2024-02-17,2024-05-30,6000,0,1400,5400,12700,10,600,0,0,2024,2024-02,103.0,DATE DE PAIEMENT RENSEIGNEE,OK,2,2024Q1,6.0,103.0,False,False,False,True
OP_00162,CLIENT_0110,PERSONNE PHYSIQUE,COMPAGNIE_04,POLICE_00121,0,ASSURANCE SANTE,ASSURANCE MALADIE GROUPE,AFFAIRE NOUVELLE,2024-02-06,2025-02-05,2024-02-17,2023-12-13,2024-02-17,2024-03-26,165700,0,0,4400,170100,10,16600,0,0,2024,2024-02,38.0,DATE DE PAIEMENT RENSEIGNEE,OK,2,2024Q1,365.0,38.0,False,False,False,True
OP_00163,CLIENT_0117,PERSONNE PHYSIQUE,COMPAGNIE_01,POLICE_00128,1,TRAVEL ASSURANCE,0,AFFAIRE NOUVELLE,2024-03-13,2024-05-13,2024-02-17,2024-02-19,2024-02-19,2024-03-25,22500,0,2900,1900,27300,15,3400,0,0,2024,2024-02,35.0,DATE DE PAIEMENT RENSEIGNEE,OK,2,2024Q1,61.0,35.0,False,False,False,True
OP_00164,CLIENT_0127,PERSONNE PHYSIQUE,COMPAGNIE_01,POLICE_00145,1,TRAVEL ASSURANCE,0,AFFAIRE NOUVELLE,2024-03-01,2024-03-04,2024-02-17,2024-02-17,2024-02-17,2024-03-23,6300,0,1000,1800,9000,15,900,0,0,2024,2024-02,35.0,DATE DE PAIEMENT RENSEIGNEE,OK,2,2024Q1,3.0,35.0,False,False,False,True
OP_00165,CLIENT_0157,PERSONNE MORALE,COMPAGNIE_07,POLICE_00184,0,TOUS RISQUES CHANTIER,DOMMAGES AUX BIENS,AFFAIRE NOUVELLE,2024-03-18,2024-11-17,2024-02-17,2024-03-01,2024-03-02,2024-04-18,1336600,220500,160900,4400,1502000,15,200500,0,0,2024,2024-02,47.0,DATE DE PAIEMENT RENSEIGNEE,OK,2,2024Q1,244.0,47.0,False,False,False,True
OP_00166,CLIENT_0015,PERSONNE PHYSIQUE,COMPAGNIE_01,POLICE_00015,2,AUTOMOBILE,MONO AUTO,RENOUVELLEMENT,2023-01-14,2024-01-13,2024-02-18,2024-02-18,2024-02-18,2024-02-18,191700,0,19700,5600,217100,15,28800,0,0,2024,2024-02,0.0,DATE DE PAIEMENT RENSEIGNEE,OK,2,2024Q1,364.0,0.0,False,False,False,True
OP_00167,CLIENT_0085,PERSONNE MORALE,COMPAGNIE_01,POLICE_00090,0,AUTOMOBILE,MONO AUTO,RENOUVELLEMENT,2023-03-09,2023-09-08,2024-02-18,2024-02-18,2024-02-18,2024-02-18,43300,0,5800,5500,54600,15,6500,0,0,2024,2024-02,0.0,DATE DE PAIEMENT RENSEIGNEE,OK,2,2024Q1,183.0,0.0,False,False,False,True
OP_00168,CLIENT_0085,PERSONNE MORALE,COMPAGNIE_01,POLICE_00111,4,AUTOMOBILE,MONO AUTO,RENOUVELLEMENT,2023-02-05,2023-08-04,2024-02-18,2024-02-18,2024-02-18,2024-02-18,37500,0,5100,4700,47200,15,5600,0,0,2024,2024-02,0.0,DATE DE PAIEMENT RENSEIGNEE,OK,2,2024Q1,180.0,0.0,False,False,False,True
OP_00169,CLIENT_0085,PERSONNE MORALE,COMPAGNIE_01,POLICE_00111,5,AUTOMOBILE,MONO AUTO,RENOUVELLEMENT,2023-08-05,2024-02-04,2024-02-18,2024-02-18,2024-02-18,2024-02-18,75100,0,9700,5700,90400,15,11300,0,0,2024,2024-02,0.0,DATE DE PAIEMENT RENSEIGNEE,OK,2,2024Q1,183.0,0.0,False,False,False,True
OP_00170,CLIENT_0085,PERSONNE MORALE,COMPAGNIE_01,POLICE_00163,0,AUTOMOBILE,MONO AUTO,RENOUVELLEMENT,2023-11-16,2024-05-15,2024-02-18,2024-02-18,2024-02-18,2024-02-18,41700,0,5600,5300,52500,15,6200,0,0,2024,2024-02,0.0,DATE DE PAIEMENT RENSEIGNEE,OK,2,2024Q1,181.0,0.0,False,False,False,True
OP_00171,CLIENT_0092,PERSONNE PHYSIQUE,COMPAGNIE_01,POLICE_00100,1,AUTOMOBILE,MONO AUTO,AFFAIRE NOUVELLE,2023-02-06,2024-02-05,2024-02-18,2024-02-18,2024-02-18,2024-02-18,39000,38100,4400,4700,48100,15,5900,0,0,2024,2024-02,0.0,DATE DE PAIEMENT RENSEIGNEE,OK,2,2024Q1,364.0,0.0,False,False,False,True
OP_00172,CLIENT_0088,PERSONNE PHYSIQUE,COMPAGNIE_01,POLICE_00095,0,AUTOMOBILE,MONO AUTO,AFFAIRE NOUVELLE,2024-02-09,2025-02-08,2024-02-19,2024-02-11,2024-02-19,2024-03-07,38800,35900,4400,4800,47900,15,5800,0,0,2024,2024-02,17.0,DATE DE PAIEMENT RENSEIGNEE,OK,2,2024Q1,365.0,17.0,False,False,False,True
OP_00173,CLIENT_0141,PERSONNE PHYSIQUE,COMPAGNIE_01,POLICE_00166,4,AUTOMOBILE,MONO AUTO,RENOUVELLEMENT,2024-02-26,2024-08-27,2024-02-19,2024-02-29,2024-02-29,2024-03-18,38000,37400,4300,5200,47600,15,5700,0,0,2024,2024-02,18.0,DATE DE PAIEMENT RENSEIGNEE,OK,2,2024Q1,183.0,18.0,False,False,False,True
OP_00174,CLIENT_0151,PERSONNE PHYSIQUE,COMPAGNIE_03,POLICE_00177,4,AUTOMOBILE,MONO AUTO,RENOUVELLEMENT,2024-02-19,2024-08-18,2024-02-19,2024-02-19,2024-02-19,2024-06-02,18600,18200,2300,4500,25400,15,2800,0,0,2024,2024-02,104.0,DATE DE PAIEMENT RENSEIGNEE,OK,2,2024Q1,181.0,104.0,False,False,False,True
OP_00175,CLIENT_0051,PERSONNE MORALE,COMPAGNIE_06,POLICE_00051,49,AUTOMOBILE,FLOTTE AUTOMOBILE,INCORPORATION,2024-02-20,2025-02-12,2024-02-20,2024-02-25,2024-02-26,2024-06-03,30700,28600,3700,5500,39900,15,4600,0,0,2024,2024-02,98.0,DATE DE PAIEMENT RENSEIGNEE,OK,2,2024Q1,358.0,98.0,False,False,False,True
OP_00176,CLIENT_0123,PERSONNE MORALE,COMPAGNIE_01,POLICE_00137,1,AUTOMOBILE,MONO AUTO,AFFAIRE NOUVELLE,2023-03-16,2024-03-15,2024-02-20,2024-02-19,2024-02-20,2024-03-28,279700,43500,34300,5700,319700,15,42000,0,0,2024,2024-02,37.0,DATE DE PAIEMENT RENSEIGNEE,OK,2,2024Q1,365.0,37.0,False,False,False,True
OP_00177,CLIENT_0131,PERSONNE PHYSIQUE,COMPAGNIE_01,POLICE_00149,4,AUTOMOBILE,MONO AUTO,PROROGATION,2024-02-22,2024-05-21,2024-02-21,2024-02-21,2024-02-21,2024-03-24,40200,16900,4000,0,44200,15,6000,0,0,2024,2024-02,32.0,DATE DE PAIEMENT RENSEIGNEE,OK,2,2024Q1,89.0,32.0,False,False,False,True
OP_00178,CLIENT_0148,PERSONNE PHYSIQUE,COMPAGNIE_05,POLICE_00174,1,AUTOMOBILE,MONO AUTO,RENOUVELLEMENT,2024-02-20,2024-02-19,2024-02-21,2024-02-20,2024-02-21,2024-03-15,69700,64000,8900,5600,84200,15,10500,0,0,2024,2024-02,23.0,DATE DE PAIEMENT RENSEIGNEE,EFFET_APRES_ECHEANCE,2,2024Q1,-1.0,23.0,True,False,False,True
OP_00179,CLIENT_0154,PERSONNE PHYSIQUE,COMPAGNIE_03,POLICE_00181,1,AUTOMOBILE,MONO AUTO,RENOUVELLEMENT,2024-02-22,2024-05-23,2024-02-21,2024-02-21,2024-02-21,2024-03-27,8100,8000,900,900,10000,15,1200,0,0,2024,2024-02,35.0,DATE DE PAIEMENT RENSEIGNEE,OK,2,2024Q1,91.0,35.0,False,False,False,True
OP_00180,CLIENT_0094,PERSONNE PHYSIQUE,COMPAGNIE_01,POLICE_00102,8,AUTOMOBILE,MONO AUTO,PROROGATION,2024-02-22,2024-05-16,2024-02-22,2024-02-22,2024-02-22,2024-03-08,14800,14300,1500,0,16300,15,2200,0,0,2024,2024-02,15.0,DATE DE PAIEMENT RENSEIGNEE,OK,2,2024Q1,84.0,15.0,False,False,False,True
OP_00181,CLIENT_0142,PERSONNE PHYSIQUE,COMPAGNIE_03,POLICE_00167,0,AUTOMOBILE,MONO AUTO,AFFAIRE NOUVELLE,2024-02-20,2024-05-20,2024-02-22,2024-02-20,2024-02-22,2024-04-01,21500,0,2700,5400,29500,15,3200,0,0,2024,2024-02,39.0,DATE DE PAIEMENT RENSEIGNEE,OK,2,2024Q1,90.0,39.0,False,False,False,True
OP_00182,CLIENT_0160,PERSONNE PHYSIQUE,COMPAGNIE_08,POLICE_00189,0,ASSURANCE CREDIT,DOMMAGES AUX BIENS,AFFAIRE NOUVELLE,2024-02-22,2024-05-23,2024-02-22,2024-02-22,2024-05-05,,655100,0,0,900,656000,10,65500,0,0,2024,2024-02,,DATE DE PAIEMENT NON RENSEIGNEE,OK,2,2024Q1,91.0,,False,False,False,False
OP_00183,CLIENT_0076,PERSONNE MORALE,COMPAGNIE_07,POLICE_00140,1,GLOBALE DOMMAGES,INCENDIE,RENOUVELLEMENT,2024-01-09,2024-05-08,2024-02-23,2024-01-06,2024-02-23,2024-03-21,869000,0,165900,4700,1039600,20,173800,0,0,2024,2024-02,27.0,DATE DE PAIEMENT RENSEIGNEE,OK,2,2024Q1,120.0,27.0,False,False,False,True
OP_00184,CLIENT_0076,PERSONNE MORALE,COMPAGNIE_07,POLICE_00142,1,GLOBALE DOMMAGES,INCENDIE,RENOUVELLEMENT,2024-01-11,2025-01-10,2024-02-23,2024-01-06,2024-02-23,2024-03-21,6446100,0,1068100,5400,7519600,20,1289200,0,0,2024,2024-02,27.0,DATE DE PAIEMENT RENSEIGNEE,OK,2,2024Q1,365.0,27.0,False,False,False,True
OP_00185,CLIENT_0100,PERSONNE PHYSIQUE,COMPAGNIE_03,POLICE_00110,0,AUTOMOBILE,MONO AUTO,RENOUVELLEMENT,2023-09-30,2024-03-29,2024-02-23,2024-02-23,2024-02-27,,0,0,0,0,0,15,0,0,0,2024,2024-02,,DATE DE PAIEMENT NON RENSEIGNEE,OK,2,2024Q1,181.0,,False,False,False,False
OP_00186,CLIENT_0111,PERSONNE MORALE,COMPAGNIE_06,POLICE_00122,66,AUTOMOBILE,FLOTTE AUTOMOBILE,AFFAIRE NOUVELLE,2024-02-22,2025-02-10,2024-02-23,2024-03-01,2024-03-01,2024-06-01,38000,35200,5200,5000,48100,15,5700,0,0,2024,2024-02,92.0,DATE DE PAIEMENT RENSEIGNEE,OK,2,2024Q1,354.0,92.0,False,False,False,True
OP_00187,CLIENT_0128,PERSONNE PHYSIQUE,COMPAGNIE_03,POLICE_00146,0,AUTOMOBILE,MONO AUTO,AFFAIRE NOUVELLE,2024-02-23,2024-08-22,2024-02-23,2024-02-23,2024-02-23,2024-06-14,43500,41600,5500,2100,51100,15,6500,0,0,2024,2024-02,112.0,DATE DE PAIEMENT RENSEIGNEE,OK,2,2024Q1,181.0,112.0,False,False,False,True
OP_00188,CLIENT_0133,PERSONNE PHYSIQUE,COMPAGNIE_04,POLICE_00151,0,AUTOMOBILE,MONO AUTO,AFFAIRE NOUVELLE,2024-02-23,2024-05-22,2024-02-23,2024-02-23,2024-02-23,2024-03-25,12000,10600,1300,1100,14400,15,1800,0,0,2024,2024-02,31.0,DATE DE PAIEMENT RENSEIGNEE,OK,2,2024Q1,89.0,31.0,False,False,False,True
OP_00189,CLIENT_0156,PERSONNE PHYSIQUE,COMPAGNIE_03,POLICE_00183,1,AUTOMOBILE,MONO AUTO,RENOUVELLEMENT,2024-02-23,2024-08-24,2024-02-23,2024-02-23,2024-02-23,2024-04-01,25000,24500,2600,1100,28600,15,3700,0,0,2024,2024-02,38.0,DATE DE PAIEMENT RENSEIGNEE,OK,2,2024Q1,183.0,38.0,False,False,False,True
OP_00190,CLIENT_0111,PERSONNE MORALE,COMPAGNIE_06,POLICE_00122,65,AUTOMOBILE,FLOTTE AUTOMOBILE,INCORPORATION,2024-02-11,2025-02-10,2024-02-24,2024-02-23,2024-02-24,2024-06-01,83000,79200,10100,900,93900,15,12400,0,0,2024,2024-02,98.0,DATE DE PAIEMENT RENSEIGNEE,OK,2,2024Q1,365.0,98.0,False,False,False,True
OP_00191,CLIENT_0111,PERSONNE MORALE,COMPAGNIE_07,POLICE_00133,1,ASSURANCES TRANSPORTS,MARITIME,RENOUVELLEMENT,2023-05-02,2024-05-01,2024-02-24,2024-02-23,2024-02-24,2024-03-23,127900,0,0,0,127900,0,19200,0,0,2024,2024-02,28.0,DATE DE PAIEMENT RENSEIGNEE,OK,2,2024Q1,365.0,28.0,False,False,False,True
OP_00192,CLIENT_0135,PERSONNE PHYSIQUE,COMPAGNIE_03,POLICE_00154,0,AUTOMOBILE,MONO AUTO,AFFAIRE NOUVELLE,,2025-02-24,2024-02-24,2024-02-23,2024-02-24,2024-06-12,197200,75900,20100,4200,221600,15,29600,0,0,2024,2024-02,109.0,DATE DE PAIEMENT RENSEIGNEE,DATE_INVALIDE,2,2024Q1,,109.0,False,False,False,True
OP_00193,CLIENT_0112,PERSONNE PHYSIQUE,COMPAGNIE_01,POLICE_00123,5,AUTOMOBILE,MONO AUTO,RENOUVELLEMENT,2024-02-16,2024-08-15,2024-02-25,2024-02-25,2024-02-25,2024-03-06,179500,51300,18500,5400,203300,15,26900,0,0,2024,2024-02,10.0,DATE DE PAIEMENT RENSEIGNEE,OK,2,2024Q1,181.0,10.0,False,False,False,True
OP_00194,CLIENT_0150,PERSONNE MORALE,COMPAGNIE_04,POLICE_00176,1,ASSURANCE SANTE,ASSURANCE MALADIE GROUPE,AJUSTEMENT,2024-02-19,2024-10-20,2024-02-25,2024-02-26,2024-02-26,2024-06-08,0,0,0,7400,7400,10,0,0,0,2024,2024-02,103.0,DATE DE PAIEMENT RENSEIGNEE,OK,2,2024Q1,244.0,103.0,False,False,False,True
OP_00195,CLIENT_0157,PERSONNE MORALE,COMPAGNIE_07,POLICE_00198,0,VIOLENCE POLITIQUE,DOMMAGES AUX BIENS,AFFAIRE NOUVELLE,2024-02-22,2025-02-20,2024-02-25,2024-03-01,2024-03-02,2024-04-18,286900,0,34700,2500,324200,10,28700,0,0,2024,2024-02,47.0,DATE DE PAIEMENT RENSEIGNEE,OK,2,2024Q1,364.0,47.0,False,False,False,True
OP_00196,CLIENT_0157,PERSONNE MORALE,COMPAGNIE_07,POLICE_00199,0,VIOLENCE POLITIQUE,DOMMAGES AUX BIENS,AFFAIRE NOUVELLE,2024-02-22,2025-02-20,2024-02-25,2024-03-01,2024-03-02,2024-04-18,2683400,0,322000,3400,3008800,11,295200,0,0,2024,2024-02,47.0,DATE DE PAIEMENT RENSEIGNEE,OK,2,2024Q1,364.0,47.0,False,False,False,True
OP_00197,CLIENT_0164,PERSONNE PHYSIQUE,COMPAGNIE_02,POLICE_00193,6,AUTOMOBILE,MONO AUTO,PROROGATION,2024-02-18,2024-08-17,2024-02-25,2023-11-13,2024-02-25,,0,100,100,0,100,0,0,0,0,2024,2024-02,,DATE DE PAIEMENT NON RENSEIGNEE,OK,2,2024Q1,181.0,,False,False,False,False
OP_00198,CLIENT_0021,PERSONNE PHYSIQUE,COMPAGNIE_01,POLICE_00021,1,AUTOMOBILE,MONO AUTO,RENOUVELLEMENT,2023-01-15,2024-01-14,2024-02-26,2024-02-26,2024-02-26,2024-02-26,49800,48700,5500,5300,60600,15,7500,0,0,2024,2024-02,0.0,DATE DE PAIEMENT RENSEIGNEE,OK,2,2024Q1,364.0,0.0,False,False,False,True
OP_00199,CLIENT_0051,PERSONNE MORALE,COMPAGNIE_01,POLICE_00131,1,RC CHEF D'ENTREPRISE,RESPONSABILITE,RENOUVELLEMENT,2024-02-05,2025-02-04,2024-02-26,2024-02-25,2024-02-26,2024-04-03,277100,277100,33800,4400,315300,17,47100,0,0,2024,2024-02,37.0,DATE DE PAIEMENT RENSEIGNEE,OK,2,2024Q1,365.0,37.0,False,False,False,True
OP_00200,CLIENT_0118,PERSONNE MORALE,COMPAGNIE_01,POLICE_00129,0,MULTIRISQUE PROFESSIONNELLE,INCENDIE,AFFAIRE NOUVELLE,2024-02-22,2025-02-21,2024-02-26,2024-03-03,2024-03-03,2024-04-03,1479800,0,256500,5600,1741800,20,296000,0,0,2024,2024-02,31.0,DATE DE PAIEMENT RENSEIGNEE,OK,2,2024Q1,365.0,31.0,False,False,False,True
OP_00201,CLIENT_0118,PERSONNE MORALE,COMPAGNIE_01,POLICE_00132,2,AUTOMOBILE,MONO AUTO,RENOUVELLEMENT,2023-12-10,2024-12-09,2024-02-26,2024-02-25,2024-02-26,2024-04-03,241100,95400,29500,4600,275200,15,36200,0,0,2024,2024-02,37.0,DATE DE PAIEMENT RENSEIGNEE,OK,2,2024Q1,365.0,37.0,False,False,False,True
OP_00202,CLIENT_0126,PERSONNE MORALE,COMPAGNIE_04,POLICE_00144,5,ASSURANCE SANTE,ASSURANCE MALADIE GROUPE,RENOUVELLEMENT,2024-03-10,2025-03-09,2024-02-26,2024-02-26,2024-02-26,2024-03-31,3091100,0,0,126500,3217600,10,309100,0,0,2024,2024-02,34.0,DATE DE PAIEMENT RENSEIGNEE,OK,2,2024Q1,364.0,34.0,False,False,False,True
OP_00203,CLIENT_0050,PERSONNE MORALE,COMPAGNIE_06,POLICE_00050,66,AUTOMOBILE,FLOTTE AUTOMOBILE,INCORPORATION,2024-02-26,2025-01-06,2024-02-27,2024-02-26,2024-02-27,2024-05-28,38100,36100,3900,1000,43100,15,5700,0,0,2024,2024-02,91.0,DATE DE PAIEMENT RENSEIGNEE,OK,2,2024Q1,315.0,91.0,False,False,False,True
OP_00204,CLIENT_0118,PERSONNE MORALE,COMPAGNIE_01,POLICE_00139,2,AUTOMOBILE,MONO AUTO,RENOUVELLEMENT,2023-12-10,2024-12-09,2024-02-27,2024-02-25,2024-02-27,2024-04-03,269600,106700,33000,5100,307700,15,40400,0,0,2024,2024-02,36.0,DATE DE PAIEMENT RENSEIGNEE,OK,2,2024Q1,365.0,36.0,False,False,False,True
OP_00205,CLIENT_0125,PERSONNE PHYSIQUE,COMPAGNIE_03,POLICE_00143,3,AUTOMOBILE,MONO AUTO,RENOUVELLEMENT,2024-02-29,2025-02-28,2024-02-27,2024-02-27,2024-02-27,2024-06-21,54600,53800,5900,4800,65400,15,8200,0,0,2024,2024-02,115.0,DATE DE PAIEMENT RENSEIGNEE,OK,2,2024Q1,365.0,115.0,False,False,False,True
OP_00206,CLIENT_0122,PERSONNE MORALE,COMPAGNIE_01,POLICE_00136,6,AUTOMOBILE,MONO AUTO,RENOUVELLEMENT,2024-03-07,2025-03-07,2024-02-28,2024-02-28,2024-02-28,2024-04-05,44800,42000,5000,5000,54700,15,6700,0,0,2024,2024-02,37.0,DATE DE PAIEMENT RENSEIGNEE,OK,2,2024Q1,365.0,37.0,False,False,False,True
OP_00207,CLIENT_0140,PERSONNE PHYSIQUE,COMPAGNIE_03,POLICE_00165,0,AUTOMOBILE,MONO AUTO,AFFAIRE NOUVELLE,2024-02-28,2024-05-29,2024-02-28,2024-02-28,2024-02-28,2024-06-15,10000,9900,1400,4300,15700,15,1500,0,0,2024,2024-02,108.0,DATE DE PAIEMENT RENSEIGNEE,OK,2,2024Q1,91.0,108.0,False,False,False,True
OP_00208,CLIENT_0157,PERSONNE MORALE,COMPAGNIE_07,POLICE_00208,1,INDIVIDUELLE ACCIDENTS,0,AFFAIRE NOUVELLE,2024-03-18,2024-11-17,2024-02-28,2024-03-01,2024-03-02,2024-04-18,147700,0,18300,4700,170700,20,29500,0,0,2024,2024-02,47.0,DATE DE PAIEMENT RENSEIGNEE,OK,2,2024Q1,244.0,47.0,False,False,False,True
OP_00209,CLIENT_0129,PERSONNE PHYSIQUE,COMPAGNIE_01,POLICE_00147,3,AUTOMOBILE,MONO AUTO,RENOUVELLEMENT,2024-03-01,2025-03-01,2024-03-01,2024-03-01,2024-03-01,2024-11-26,143800,54700,14800,4600,104100,15,12700,0,0,2024,2024-03,270.0,DATE DE PAIEMENT RENSEIGNEE,OK,3,2024Q1,365.0,270.0,False,False,False,True
OP_00210,CLIENT_0129,PERSONNE PHYSIQUE,COMPAGNIE_01,POLICE_00147,3,AUTOMOBILE,MONO AUTO,RENOUVELLEMENT,2024-03-01,2025-03-01,2024-03-01,2024-11-05,2024-11-05,,56400,52200,0,0,56400,15,8500,0,0,2024,2024-03,,DATE DE PAIEMENT NON RENSEIGNEE,OK,3,2024Q1,365.0,,False,False,False,False
OP_00211,CLIENT_0149,PERSONNE PHYSIQUE,COMPAGNIE_05,POLICE_00175,0,AUTOMOBILE,MONO AUTO,AFFAIRE NOUVELLE,2024-02-29,2025-02-28,2024-03-01,2024-02-29,2024-03-01,2024-03-24,38100,33300,4300,4600,46900,15,5700,0,0,2024,2024-03,23.0,DATE DE PAIEMENT RENSEIGNEE,OK,3,2024Q1,365.0,23.0,False,False,False,True
OP_00212,CLIENT_0153,PERSONNE PHYSIQUE,COMPAGNIE_06,POLICE_00179,3,AUTOMOBILE,MONO AUTO,RENOUVELLEMENT,2024-01-02,2025-01-01,2024-03-01,2023-12-28,2024-03-01,2024-02-11,293700,62300,29900,5600,329300,15,44100,0,0,2024,2024-03,-19.0,DATE DE PAIEMENT RENSEIGNEE,PAIEMENT_AVANT_ENCAISSEMENT,3,2024Q1,365.0,-19.0,False,True,False,False
OP_00213,CLIENT_0042,PERSONNE PHYSIQUE,COMPAGNIE_02,POLICE_00186,9,AUTOMOBILE,MONO AUTO,RENOUVELLEMENT,2024-03-10,2024-09-09,2024-03-02,2024-03-02,2024-03-02,2024-05-19,85700,23600,8600,0,94200,15,12900,0,0,2024,2024-03,78.0,DATE DE PAIEMENT RENSEIGNEE,OK,3,2024Q1,183.0,78.0,False,False,False,True
OP_00214,CLIENT_0142,PERSONNE PHYSIQUE,COMPAGNIE_03,POLICE_00167,1,AUTOMOBILE,MONO AUTO,RESILIATION,2024-03-01,2024-03-01,2024-03-02,2024-03-21,2024-05-17,2024-06-06,-15100,0,-1500,0,-16600,15,-2300,0,0,2024,2024-03,20.0,DATE DE PAIEMENT RENSEIGNEE,OK,3,2024Q1,0.0,20.0,False,False,True,True
OP_00215,CLIENT_0145,PERSONNE PHYSIQUE,COMPAGNIE_04,POLICE_00170,4,AUTOMOBILE,MONO AUTO,RENOUVELLEMENT,2024-03-02,2025-03-02,2024-03-02,2024-03-02,2024-03-02,2024-03-26,49600,48000,5500,5000,60100,15,7400,0,0,2024,2024-03,24.0,DATE DE PAIEMENT RENSEIGNEE,OK,3,2024Q1,365.0,24.0,False,False,False,True
OP_00216,CLIENT_0163,PERSONNE PHYSIQUE,COMPAGNIE_04,POLICE_00192,4,AUTOMOBILE,MONO AUTO,RENOUVELLEMENT,2024-03-02,2024-09-01,2024-03-02,2024-03-02,2024-03-02,2024-04-04,37300,36600,4500,0,41800,15,5600,0,0,2024,2024-03,33.0,DATE DE PAIEMENT RENSEIGNEE,OK,3,2024Q1,183.0,33.0,False,False,False,True
OP_00217,CLIENT_0051,PERSONNE MORALE,COMPAGNIE_02,POLICE_00153,5,ASSURANCE SANTE,ASSURANCE MALADIE GROUPE,RENOUVELLEMENT,2024-02-13,2025-02-12,2024-03-03,2024-04-14,2024-04-15,2024-06-05,6693600,0,0,103800,6797400,10,669400,0,0,2024,2024-03,51.0,DATE DE PAIEMENT RENSEIGNEE,OK,3,2024Q1,365.0,51.0,False,False,False,True
OP_00218,CLIENT_0159,PERSONNE PHYSIQUE,COMPAGNIE_02,POLICE_00188,0,AUTOMOBILE,MONO AUTO,AFFAIRE NOUVELLE,2024-03-03,2024-09-02,2024-03-03,2024-03-03,2024-03-03,2024-05-19,59200,56800,7300,2000,68600,15,8900,0,0,2024,2024-03,77.0,DATE DE PAIEMENT RENSEIGNEE,OK,3,2024Q1,183.0,77.0,False,False,False,True
OP_00219,CLIENT_0162,PERSONNE PHYSIQUE,COMPAGNIE_01,POLICE_00191,7,AUTOMOBILE,MONO AUTO,RENOUVELLEMENT,2024-03-01,2025-02-28,2024-03-03,2024-03-03,2024-03-03,2024-03-19,48500,47400,5400,5100,59000,15,7300,0,0,2024,2024-03,16.0,DATE DE PAIEMENT RENSEIGNEE,OK,3,2024Q1,364.0,16.0,False,False,False,True
OP_00220,CLIENT_0130,PERSONNE PHYSIQUE,COMPAGNIE_04,POLICE_00148,1,AUTOMOBILE,MONO AUTO,RENOUVELLEMENT,2024-03-04,2024-09-01,2024-03-04,2024-03-04,2024-03-04,2024-04-04,30300,29500,3300,3100,36700,15,4500,0,0,2024,2024-03,31.0,DATE DE PAIEMENT RENSEIGNEE,OK,3,2024Q1,181.0,31.0,False,False,False,True
OP_00221,CLIENT_0165,PERSONNE PHYSIQUE,COMPAGNIE_04,POLICE_00194,4,AUTOMOBILE,MONO AUTO,RENOUVELLEMENT,2024-03-04,2024-09-03,2024-03-04,2024-03-04,2024-03-04,2024-04-06,24400,23500,2600,1200,28200,15,3700,0,0,2024,2024-03,33.0,DATE DE PAIEMENT RENSEIGNEE,OK,3,2024Q1,183.0,33.0,False,False,False,True
OP_00222,CLIENT_0176,PERSONNE PHYSIQUE,COMPAGNIE_01,POLICE_00211,5,AUTOMOBILE,MONO AUTO,RENOUVELLEMENT,2024-03-04,2025-03-03,2024-03-04,2024-03-04,2024-03-04,2024-04-18,71700,34800,7600,4300,83600,15,10800,0,0,2024,2024-03,45.0,DATE DE PAIEMENT RENSEIGNEE,OK,3,2024Q1,364.0,45.0,False,False,False,True
OP_00223,CLIENT_0004,PERSONNE MORALE,COMPAGNIE_01,POLICE_00164,1,AUTOMOBILE,MONO AUTO,AFFAIRE NOUVELLE,2023-12-26,2024-12-25,2024-03-05,2024-03-05,2024-03-05,2024-03-05,212200,0,21700,5200,239200,15,31800,0,0,2024,2024-03,0.0,DATE DE PAIEMENT RENSEIGNEE,OK,3,2024Q1,365.0,0.0,False,False,False,True
OP_00224,CLIENT_0050,PERSONNE MORALE,COMPAGNIE_06,POLICE_00050,63,AUTOMOBILE,FLOTTE AUTOMOBILE,INCORPORATION,2024-01-30,2025-01-06,2024-03-05,2024-01-30,2024-03-05,2024-02-15,32200,30200,3300,900,36500,15,4800,0,0,2024,2024-03,-19.0,DATE DE PAIEMENT RENSEIGNEE,PAIEMENT_AVANT_ENCAISSEMENT,3,2024Q1,342.0,-19.0,False,True,False,False
OP_00225,CLIENT_0050,PERSONNE MORALE,COMPAGNIE_06,POLICE_00093,61,AUTOMOBILE,FLOTTE AUTOMOBILE,INCORPORATION,2024-01-11,2025-01-06,2024-03-05,2024-01-11,2024-03-05,2024-02-15,33800,31900,3500,900,38100,15,5100,0,0,2024,2024-03,-19.0,DATE DE PAIEMENT RENSEIGNEE,PAIEMENT_AVANT_ENCAISSEMENT,3,2024Q1,361.0,-19.0,False,True,False,False
OP_00226,CLIENT_0139,PERSONNE PHYSIQUE,COMPAGNIE_01,POLICE_00162,0,AUTOMOBILE,MONO AUTO,RENOUVELLEMENT,2023-04-24,2024-04-23,2024-03-05,2024-03-05,2024-03-05,,0,0,0,0,0,15,0,0,0,2024,2024-03,,DATE DE PAIEMENT NON RENSEIGNEE,OK,3,2024Q1,365.0,,False,False,False,False
OP_00227,CLIENT_0154,PERSONNE PHYSIQUE,COMPAGNIE_03,POLICE_00210,1,AUTOMOBILE,MONO AUTO,RENOUVELLEMENT,2024-03-08,2025-03-07,2024-03-05,2024-03-05,2024-03-05,2024-03-27,61800,60900,6700,5400,73900,15,9300,0,0,2024,2024-03,22.0,DATE DE PAIEMENT RENSEIGNEE,OK,3,2024Q1,364.0,22.0,False,False,False,True
OP_00228,CLIENT_0167,PERSONNE MORALE,COMPAGNIE_03,POLICE_00196,1,GLOBALE DOMMAGES,INCENDIE,RENOUVELLEMENT,2024-03-02,2025-03-01,2024-03-05,2024-07-10,2024-07-10,,3976300,0,702200,10800,4689400,20,795300,0,0,2024,2024-03,,DATE DE PAIEMENT NON RENSEIGNEE,OK,3,2024Q1,364.0,,False,False,False,False
OP_00229,CLIENT_0050,PERSONNE MORALE,COMPAGNIE_06,POLICE_00050,60,AUTOMOBILE,FLOTTE AUTOMOBILE,INCORPORATION,2024-01-10,2025-01-06,2024-03-06,2024-02-26,2024-03-06,2024-02-12,51100,0,5200,1000,57300,15,7700,0,0,2024,2024-03,-23.0,DATE DE PAIEMENT RENSEIGNEE,PAIEMENT_AVANT_ENCAISSEMENT,3,2024Q1,362.0,-23.0,False,True,False,False
OP_00230,CLIENT_0051,PERSONNE MORALE,COMPAGNIE_01,POLICE_00073,1,AUTOMOBILE,MONO AUTO,RENOUVELLEMENT,2023-10-30,2024-10-08,2024-03-06,2024-03-06,2024-03-06,2024-03-06,-826100,0,-93700,-5400,-925200,15,-123900,0,0,2024,2024-03,0.0,DATE DE PAIEMENT RENSEIGNEE,OK,3,2024Q1,344.0,0.0,False,False,True,True
OP_00231,CLIENT_0112,PERSONNE PHYSIQUE,COMPAGNIE_01,POLICE_00123,3,AUTOMOBILE,MONO AUTO,RENOUVELLEMENT,2023-02-16,2023-08-15,2024-03-06,2024-03-06,2024-03-06,2024-03-06,195400,50800,20100,5300,220800,15,29300,0,0,2024,2024-03,0.0,DATE DE PAIEMENT RENSEIGNEE,OK,3,2024Q1,180.0,0.0,False,False,False,True
OP_00232,CLIENT_0112,PERSONNE PHYSIQUE,COMPAGNIE_01,POLICE_00123,4,AUTOMOBILE,MONO AUTO,PROROGATION,2023-08-16,2024-02-15,2024-03-06,2024-03-06,2024-03-06,2024-03-06,108000,0,10800,0,118800,15,16200,0,0,2024,2024-03,0.0,DATE DE PAIEMENT RENSEIGNEE,OK,3,2024Q1,183.0,0.0,False,False,False,True
OP_00233,CLIENT_0029,PERSONNE PHYSIQUE,COMPAGNIE_01,POLICE_00029,0,AUTOMOBILE,MONO AUTO,PROROGATION,2023-05-31,2023-11-30,2024-03-07,2024-03-07,2024-03-07,2024-03-07,18300,0,1800,0,20100,15,2700,0,0,2024,2024-03,0.0,DATE DE PAIEMENT RENSEIGNEE,OK,3,2024Q1,183.0,0.0,False,False,False,True
OP_00234,CLIENT_0180,PERSONNE PHYSIQUE,COMPAGNIE_05,POLICE_00215,3,AUTOMOBILE,MONO AUTO,RENOUVELLEMENT,2024-03-04,2025-03-04,2024-03-07,2024-03-07,2024-03-07,2024-07-08,33900,29900,3900,4300,42100,15,5100,0,0,2024,2024-03,123.0,DATE DE PAIEMENT RENSEIGNEE,OK,3,2024Q1,365.0,123.0,False,False,False,True
OP_00235,CLIENT_0189,PERSONNE PHYSIQUE,COMPAGNIE_02,POLICE_00226,0,TRAVEL ASSURANCE,0,AFFAIRE NOUVELLE,2024-03-07,2024-04-06,2024-03-07,2024-03-07,2024-03-07,2024-05-07,14000,0,2300,5300,21600,10,1400,0,0,2024,2024-03,61.0,DATE DE PAIEMENT RENSEIGNEE,OK,3,2024Q1,30.0,61.0,False,False,False,True
OP_00236,CLIENT_0094,PERSONNE PHYSIQUE,COMPAGNIE_01,POLICE_00102,0,AUTOMOBILE,MONO AUTO,PROROGATION,2023-05-13,2023-11-10,2024-03-08,2024-03-08,2024-03-08,2024-03-08,26600,0,2700,0,29200,15,4000,0,0,2024,2024-03,0.0,DATE DE PAIEMENT RENSEIGNEE,OK,3,2024Q1,181.0,0.0,False,False,False,True
OP_00237,CLIENT_0094,PERSONNE PHYSIQUE,COMPAGNIE_01,POLICE_00102,0,AUTOMOBILE,MONO AUTO,PROROGATION,2023-11-17,2024-02-16,2024-03-08,2024-03-08,2024-03-08,2024-03-08,11300,0,7100,0,18400,15,1700,0,0,2024,2024-03,0.0,DATE DE PAIEMENT RENSEIGNEE,OK,3,2024Q1,91.0,0.0,False,False,False,True
OP_00238,CLIENT_0111,PERSONNE MORALE,COMPAGNIE_06,POLICE_00122,51,AUTOMOBILE,FLOTTE AUTOMOBILE,RENOUVELLEMENT,2023-01-10,,2024-03-09,2024-03-09,2024-03-09,2024-02-19,33500,0,8800,0,42300,15,5000,0,0,2024,2024-03,-19.0,DATE DE PAIEMENT RENSEIGNEE,PAIEMENT_AVANT_ENCAISSEMENT,3,2024Q1,,-19.0,False,True,False,False
OP_00239,CLIENT_0143,PERSONNE PHYSIQUE,COMPAGNIE_01,POLICE_00168,4,AUTOMOBILE,MONO AUTO,RENOUVELLEMENT,2024-03-07,2024-06-04,2024-03-09,2024-03-09,2024-03-09,2024-04-03,14800,13900,2000,5000,21800,15,2200,0,0,2024,2024-03,25.0,DATE DE PAIEMENT RENSEIGNEE,OK,3,2024Q1,89.0,25.0,False,False,False,True
OP_00240,CLIENT_0155,PERSONNE PHYSIQUE,COMPAGNIE_01,POLICE_00182,1,AUTOMOBILE,MONO AUTO,AFFAIRE NOUVELLE,2024-03-09,2024-03-07,2024-03-09,2024-03-09,2024-03-09,,60400,59400,6500,5000,71900,15,9100,0,0,2024,2024-03,,DATE DE PAIEMENT NON RENSEIGNEE,EFFET_APRES_ECHEANCE,3,2024Q1,-2.0,,True,False,False,False
OP_00241,CLIENT_0050,PERSONNE MORALE,COMPAGNIE_06,POLICE_00050,68,AUTOMOBILE,FLOTTE AUTOMOBILE,INCORPORATION,2024-03-10,2024-03-10,2024-03-10,2024-03-10,2024-03-10,2024-05-28,27900,26100,2900,900,31600,15,4200,0,0,2024,2024-03,79.0,DATE DE PAIEMENT RENSEIGNEE,OK,3,2024Q1,0.0,79.0,False,False,False,True
OP_00242,CLIENT_0152,PERSONNE PHYSIQUE,COMPAGNIE_06,POLICE_00178,3,AUTOMOBILE,MONO AUTO,RENOUVELLEMENT,2023-11-29,2024-11-28,2024-03-10,2023-12-15,2024-03-10,2024-02-20,66000,63600,7200,5600,78800,15,9900,0,0,2024,2024-03,-19.0,DATE DE PAIEMENT RENSEIGNEE,PAIEMENT_AVANT_ENCAISSEMENT,3,2024Q1,365.0,-19.0,False,True,False,False
OP_00243,CLIENT_0170,PERSONNE PHYSIQUE,COMPAGNIE_03,POLICE_00201,1,AUTOMOBILE,MONO AUTO,RENOUVELLEMENT,2024-03-19,2024-09-16,2024-03-10,2024-03-10,2024-03-10,2024-04-07,30100,29700,3100,1100,34300,15,4500,0,0,2024,2024-03,28.0,DATE DE PAIEMENT RENSEIGNEE,OK,3,2024Q1,181.0,28.0,False,False,False,True
OP_00244,CLIENT_0146,PERSONNE PHYSIQUE,COMPAGNIE_03,POLICE_00171,0,AUTOMOBILE,MONO AUTO,AFFAIRE NOUVELLE,2024-03-11,2024-06-10,2024-03-11,2024-03-11,2024-03-11,2024-06-24,15500,15300,2100,5200,22800,15,2300,0,0,2024,2024-03,105.0,DATE DE PAIEMENT RENSEIGNEE,OK,3,2024Q1,91.0,105.0,False,False,False,True
OP_00245,CLIENT_0198,PERSONNE PHYSIQUE,COMPAGNIE_01,POLICE_00233,1,AUTOMOBILE,MONO AUTO,AFFAIRE NOUVELLE,2024-03-09,2025-03-08,2024-03-11,2024-03-11,2024-03-11,2024-04-15,87400,35200,9200,4400,100900,15,13100,0,0,2024,2024-03,35.0,DATE DE PAIEMENT RENSEIGNEE,OK,3,2024Q1,364.0,35.0,False,False,False,True
OP_00246,CLIENT_0199,PERSONNE MORALE,COMPAGNIE_01,POLICE_00234,0,RC CHEF D'ENTREPRISE,RESPONSABILITE,RENOUVELLEMENT,2024-03-04,2025-03-03,2024-03-11,2024-03-29,2024-03-11,2024-04-15,316200,0,38600,5800,360600,17,53800,0,0,2024,2024-03,35.0,DATE DE PAIEMENT RENSEIGNEE,OK,3,2024Q1,364.0,35.0,False,False,False,True
OP_00247,CLIENT_0050,PERSONNE MORALE,COMPAGNIE_06,POLICE_00050,69,AUTOMOBILE,FLOTTE AUTOMOBILE,INCORPORATION,2024-03-12,2025-01-06,2024-03-12,2024-04-04,2024-04-04,2024-05-28,52900,50600,5400,1100,59500,15,7900,0,0,2024,2024-03,54.0,DATE DE PAIEMENT RENSEIGNEE,OK,3,2024Q1,300.0,54.0,False,False,False,True
OP_00248,CLIENT_0155,PERSONNE PHYSIQUE,COMPAGNIE_01,POLICE_00187,1,AUTOMOBILE,MONO AUTO,AFFAIRE NOUVELLE,2024-03-12,2024-03-11,2024-03-12,2024-03-12,2024-03-16,2024-03-30,68700,67500,7400,5700,81800,15,10300,0,0,2024,2024-03,14.0,DATE DE PAIEMENT RENSEIGNEE,EFFET_APRES_ECHEANCE,3,2024Q1,-1.0,14.0,True,False,False,True
OP_00249,CLIENT_0171,PERSONNE PHYSIQUE,COMPAGNIE_01,POLICE_00202,1,AUTOMOBILE,MONO AUTO,AFFAIRE NOUVELLE,2024-03-11,2025-03-10,2024-03-12,2024-08-12,2024-08-12,2024-09-19,180500,78000,18500,4900,204000,15,27100,0,0,2024,2024-03,38.0,DATE DE PAIEMENT RENSEIGNEE,OK,3,2024Q1,364.0,38.0,False,False,False,True
OP_00250,CLIENT_0172,PERSONNE PHYSIQUE,COMPAGNIE_04,POLICE_00203,0,AUTOMOBILE,MONO AUTO,AFFAIRE NOUVELLE,2024-03-12,2024-07-11,2024-03-12,2024-03-12,2024-03-12,2024-04-08,14800,13000,1600,900,17200,15,2200,0,0,2024,2024-03,27.0,DATE DE PAIEMENT RENSEIGNEE,OK,3,2024Q1,121.0,27.0,False,False,False,True
OP_00251,CLIENT_0186,PERSONNE MORALE,COMPAGNIE_07,POLICE_00221,0,MULTIRISQUE PROFESSIONNELLE,INCENDIE,AFFAIRE NOUVELLE,2024-03-12,2025-03-11,2024-03-12,2024-03-13,2024-05-09,2024-07-09,477700,0,82500,5500,565600,20,95500,0,0,2024,2024-03,61.0,DATE DE PAIEMENT RENSEIGNEE,OK,3,2024Q1,364.0,61.0,False,False,False,True
OP_00252,CLIENT_0190,PERSONNE MORALE,COMPAGNIE_01,POLICE_00227,0,ASSURANCE SANTE,ASSURANCE MALADIE GROUPE,AFFAIRE NOUVELLE,2024-03-27,2025-03-26,2024-03-12,2024-03-16,2024-03-16,,5041700,0,0,101300,5143100,10,504200,0,0,2024,2024-03,,DATE DE PAIEMENT NON RENSEIGNEE,OK,3,2024Q1,364.0,,False,False,False,False
OP_00253,CLIENT_0043,PERSONNE MORALE,COMPAGNIE_03,POLICE_00043,95,ASSURANCE SANTE,ASSURANCE MALADIE GROUPE,RENOUVELLEMENT,2024-01-25,2025-01-24,2024-03-13,2024-04-23,2024-04-23,2024-05-23,130913800,0,0,3176700,131263200,10,13091400,0,0,2024,2024-03,30.0,DATE DE PAIEMENT RENSEIGNEE,OK,3,2024Q1,365.0,30.0,False,False,False,True
OP_00254,CLIENT_0161,PERSONNE PHYSIQUE,COMPAGNIE_03,POLICE_00190,0,AUTOMOBILE,MONO AUTO,AFFAIRE NOUVELLE,2024-03-13,2024-06-12,2024-03-13,2024-03-13,2024-03-13,2024-04-13,10900,10700,1600,4900,17300,15,1600,0,0,2024,2024-03,31.0,DATE DE PAIEMENT RENSEIGNEE,OK,3,2024Q1,91.0,31.0,False,False,False,True
OP_00255,CLIENT_0100,PERSONNE PHYSIQUE,COMPAGNIE_02,POLICE_00180,1,AUTOMOBILE,MONO AUTO,AFFAIRE NOUVELLE,2024-03-14,2025-03-13,2024-03-14,2024-03-14,2024-03-14,2024-06-04,405200,43100,40800,2800,448800,15,60800,0,0,2024,2024-03,82.0,DATE DE PAIEMENT RENSEIGNEE,OK,3,2024Q1,364.0,82.0,False,False,False,True
OP_00256,CLIENT_0177,PERSONNE PHYSIQUE,COMPAGNIE_01,POLICE_00212,1,AUTOMOBILE,MONO AUTO,AFFAIRE NOUVELLE,2024-03-14,2024-06-13,2024-03-14,2024-06-29,2024-06-29,2024-07-17,12900,12400,1700,4500,19200,15,1900,0,0,2024,2024-03,18.0,DATE DE PAIEMENT RENSEIGNEE,OK,3,2024Q1,91.0,18.0,False,False,False,True
OP_00257,CLIENT_0187,PERSONNE PHYSIQUE,COMPAGNIE_03,POLICE_00224,0,AUTOMOBILE,MONO AUTO,AFFAIRE NOUVELLE,2024-03-14,2024-09-13,2024-03-14,2024-03-14,2024-03-14,2024-03-30,18600,18300,2300,4200,25100,15,2800,0,0,2024,2024-03,16.0,DATE DE PAIEMENT RENSEIGNEE,OK,3,2024Q1,183.0,16.0,False,False,False,True
OP_00258,CLIENT_0166,PERSONNE MORALE,COMPAGNIE_01,POLICE_00195,1,AUTOMOBILE,FLOTTE AUTOMOBILE,AFFAIRE NOUVELLE,2024-03-14,2025-03-13,2024-03-15,2024-03-15,2024-03-15,2024-03-30,44500,43400,5000,5500,55000,15,6700,0,0,2024,2024-03,15.0,DATE DE PAIEMENT RENSEIGNEE,OK,3,2024Q1,364.0,15.0,False,False,False,True
OP_00259,CLIENT_0182,PERSONNE PHYSIQUE,COMPAGNIE_02,POLICE_00217,0,TRAVEL ASSURANCE,0,AFFAIRE NOUVELLE,2024-06-06,2024-07-05,2024-03-15,2024-03-15,2024-03-15,2024-05-17,13100,0,2200,5000,20300,10,1300,0,0,2024,2024-03,63.0,DATE DE PAIEMENT RENSEIGNEE,OK,3,2024Q1,29.0,63.0,False,False,False,True
OP_00260,CLIENT_0010,PERSONNE MORALE,COMPAGNIE_07,POLICE_00222,0,ASSURANCES TRANSPORTS,TERRESTRE,RENOUVELLEMENT,2023-02-10,2024-02-09,2024-03-16,2024-05-13,2024-05-13,2024-07-13,393400,0,31800,4300,429600,15,59000,0,0,2024,2024-03,61.0,DATE DE PAIEMENT RENSEIGNEE,OK,3,2024Q1,364.0,61.0,False,False,False,True
OP_00261,CLIENT_0010,PERSONNE MORALE,COMPAGNIE_07,POLICE_00222,0,ASSURANCES TRANSPORTS,TERRESTRE,RENOUVELLEMENT,2023-02-10,2024-02-09,2024-03-16,2024-05-13,2024-05-13,2024-07-13,110000,0,9200,5400,124600,15,16500,0,0,2024,2024-03,61.0,DATE DE PAIEMENT RENSEIGNEE,OK,3,2024Q1,364.0,61.0,False,False,False,True
OP_00262,CLIENT_0084,PERSONNE MORALE,COMPAGNIE_01,POLICE_00258,4,AUTOMOBILE,MONO AUTO,RENOUVELLEMENT,2024-03-16,2024-08-16,2024-03-16,2024-06-21,2024-06-22,2024-08-01,34200,32600,4600,4300,43100,15,5100,0,0,2024,2024-03,40.0,DATE DE PAIEMENT RENSEIGNEE,OK,3,2024Q1,153.0,40.0,False,False,False,True
OP_00263,CLIENT_0173,PERSONNE PHYSIQUE,COMPAGNIE_04,POLICE_00204,5,AUTOMOBILE,MONO AUTO,RENOUVELLEMENT,2024-03-21,2024-09-20,2024-03-16,2024-03-16,2024-03-16,2024-04-12,20000,19300,2300,2900,25200,15,3000,0,0,2024,2024-03,27.0,DATE DE PAIEMENT RENSEIGNEE,OK,3,2024Q1,183.0,27.0,False,False,False,True
OP_00264,CLIENT_0181,PERSONNE PHYSIQUE,COMPAGNIE_02,POLICE_00216,0,TRAVEL ASSURANCE,0,AFFAIRE NOUVELLE,2024-02-07,2024-07-06,2024-03-16,2024-03-16,2024-03-16,2024-05-18,14700,0,2400,5600,22800,10,1500,0,0,2024,2024-03,63.0,DATE DE PAIEMENT RENSEIGNEE,OK,3,2024Q1,150.0,63.0,False,False,False,True
OP_00265,CLIENT_0193,PERSONNE PHYSIQUE,COMPAGNIE_04,POLICE_00228,0,AUTOMOBILE,MONO AUTO,AFFAIRE NOUVELLE,2024-01-29,2025-01-28,2024-03-16,2024-03-16,2024-03-16,2024-03-16,33000,0,0,700,33700,15,4900,0,0,2024,2024-03,0.0,DATE DE PAIEMENT RENSEIGNEE,OK,3,2024Q1,365.0,0.0,False,False,False,True
OP_00266,CLIENT_0210,PERSONNE PHYSIQUE,COMPAGNIE_01,POLICE_00247,0,AUTOMOBILE,MONO AUTO,AFFAIRE NOUVELLE,2023-10-05,2024-10-04,2024-03-16,2024-03-16,2024-03-16,,46000,0,3100,6900,56000,15,6900,0,0,2024,2024-03,,DATE DE PAIEMENT NON RENSEIGNEE,OK,3,2024Q1,365.0,,False,False,False,False
OP_00267,CLIENT_0024,PERSONNE PHYSIQUE,COMPAGNIE_03,POLICE_00024,4,AUTOMOBILE,MONO AUTO,RENOUVELLEMENT,2024-04-14,2024-07-13,2024-03-17,2024-03-17,2024-03-17,2024-04-08,10400,10200,1100,900,12400,15,1600,0,0,2024,2024-03,22.0,DATE DE PAIEMENT RENSEIGNEE,OK,3,2024Q1,90.0,22.0,False,False,False,True
OP_00268,CLIENT_0158,PERSONNE PHYSIQUE,COMPAGNIE_02,POLICE_00185,4,AUTOMOBILE,MONO AUTO,RENOUVELLEMENT,2024-03-17,2024-09-16,2024-03-17,2024-03-17,2024-03-17,2024-06-03,27000,0,3000,3100,33100,15,4000,0,0,2024,2024-03,78.0,DATE DE PAIEMENT RENSEIGNEE,OK,3,2024Q1,183.0,78.0,False,False,False,True
OP_00269,CLIENT_0168,PERSONNE MORALE,COMPAGNIE_04,POLICE_00197,0,ASSURANCE SANTE,ASSURANCE MALADIE GROUPE,RENOUVELLEMENT,2024-03-08,2025-03-07,2024-03-17,2024-03-17,2024-03-17,2024-03-28,639600,0,0,14600,654200,10,64000,0,0,2024,2024-03,11.0,DATE DE PAIEMENT RENSEIGNEE,OK,3,2024Q1,364.0,11.0,False,False,False,True
OP_00270,CLIENT_0169,PERSONNE PHYSIQUE,COMPAGNIE_04,POLICE_00200,4,AUTOMOBILE,MONO AUTO,RENOUVELLEMENT,2024-04-02,2024-10-02,2024-03-17,2024-03-17,2024-03-17,2024-04-14,22300,21500,2700,5100,30200,15,3300,0,0,2024,2024-03,28.0,DATE DE PAIEMENT RENSEIGNEE,OK,3,2024Q1,183.0,28.0,False,False,False,True
OP_00271,CLIENT_0195,PERSONNE MORALE,COMPAGNIE_05,POLICE_00230,0,MULTIRISQUE HABITATION,INCENDIE,AFFAIRE NOUVELLE,2023-08-26,2023-12-28,2024-03-17,2024-03-17,2024-03-17,2024-07-14,299800,0,0,0,299800,15,45000,0,0,2024,2024-03,119.0,DATE DE PAIEMENT RENSEIGNEE,OK,3,2024Q1,124.0,119.0,False,False,False,True
OP_00272,CLIENT_0175,PERSONNE PHYSIQUE,COMPAGNIE_01,POLICE_00207,2,AUTOMOBILE,MONO AUTO,RENOUVELLEMENT,2024-03-21,2025-03-20,2024-03-18,2024-03-18,2024-03-18,2024-05-04,210200,65800,21600,5500,237300,15,31500,0,0,2024,2024-03,47.0,DATE DE PAIEMENT RENSEIGNEE,OK,3,2024Q1,364.0,47.0,False,False,False,True
OP_00273,CLIENT_0207,PERSONNE PHYSIQUE,COMPAGNIE_04,POLICE_00243,6,AUTOMOBILE,MONO AUTO,RENOUVELLEMENT,2024-03-17,2024-09-16,2024-03-18,2024-03-17,2024-03-18,2024-03-29,62700,30300,6600,3100,72400,15,9400,0,0,2024,2024-03,11.0,DATE DE PAIEMENT RENSEIGNEE,OK,3,2024Q1,183.0,11.0,False,False,False,True
OP_00274,CLIENT_0067,PERSONNE MORALE,COMPAGNIE_01,POLICE_00209,2,AUTOMOBILE,MONO AUTO,RENOUVELLEMENT,2023-07-19,2024-07-18,2024-03-19,2024-03-19,2024-03-19,,0,0,0,0,0,15,0,0,0,2024,2024-03,,DATE DE PAIEMENT NON RENSEIGNEE,OK,3,2024Q1,365.0,,False,False,False,False
OP_00275,CLIENT_0194,PERSONNE PHYSIQUE,COMPAGNIE_01,POLICE_00229,7,AUTOMOBILE,MONO AUTO,PROROGATION,2024-03-24,2024-06-23,2024-03-19,2024-05-08,2024-05-11,2024-05-29,39000,38700,4700,0,43700,15,5800,0,0,2024,2024-03,18.0,DATE DE PAIEMENT RENSEIGNEE,OK,3,2024Q1,91.0,18.0,False,False,False,True
OP_00276,CLIENT_0206,PERSONNE PHYSIQUE,COMPAGNIE_01,POLICE_00241,0,AUTOMOBILE,MONO AUTO,RENOUVELLEMENT,2023-10-19,2024-06-12,2024-03-19,2024-03-19,2024-03-19,,0,0,0,0,0,15,0,0,0,2024,2024-03,,DATE DE PAIEMENT NON RENSEIGNEE,OK,3,2024Q1,237.0,,False,False,False,False
OP_00277,CLIENT_0196,PERSONNE PHYSIQUE,COMPAGNIE_02,POLICE_00231,3,AUTOMOBILE,MONO AUTO,RENOUVELLEMENT,2024-03-26,2025-03-25,2024-03-20,2024-03-20,2024-03-20,2024-05-19,125600,47600,12800,2800,141300,15,18800,0,0,2024,2024-03,60.0,DATE DE PAIEMENT RENSEIGNEE,OK,3,2024Q1,364.0,60.0,False,False,False,True
OP_00278,CLIENT_0201,PERSONNE PHYSIQUE,COMPAGNIE_02,POLICE_00236,0,AUTOMOBILE,MONO AUTO,RENOUVELLEMENT,2023-05-27,2024-05-26,2024-03-20,2024-03-20,2024-03-20,,0,0,0,0,0,15,0,0,0,2024,2024-03,,DATE DE PAIEMENT NON RENSEIGNEE,OK,3,2024Q1,365.0,,False,False,False,False
OP_00279,CLIENT_0204,PERSONNE PHYSIQUE,COMPAGNIE_03,POLICE_00239,1,AUTOMOBILE,MONO AUTO,RENOUVELLEMENT,2024-03-23,2025-03-22,2024-03-20,2024-03-20,2024-03-20,2024-03-29,55400,54700,6000,4800,66300,15,8300,0,0,2024,2024-03,9.0,DATE DE PAIEMENT RENSEIGNEE,OK,3,2024Q1,364.0,9.0,False,False,False,True
OP_00280,CLIENT_0184,PERSONNE PHYSIQUE,COMPAGNIE_01,POLICE_00219,0,AUTOMOBILE,MONO AUTO,AFFAIRE NOUVELLE,2023-07-13,2024-07-12,2024-03-21,2024-03-21,2024-03-21,,0,0,0,0,0,15,0,0,0,2024,2024-03,,DATE DE PAIEMENT NON RENSEIGNEE,OK,3,2024Q1,365.0,,False,False,False,False
OP_00281,CLIENT_0191,PERSONNE PHYSIQUE,COMPAGNIE_04,POLICE_00228,0,AUTOMOBILE,MONO AUTO,AFFAIRE NOUVELLE,2023-12-22,2024-12-21,2024-03-23,2024-03-23,2024-03-23,2024-03-23,58100,0,0,2300,60400,15,8700,0,0,2024,2024-03,0.0,DATE DE PAIEMENT RENSEIGNEE,OK,3,2024Q1,365.0,0.0,False,False,False,True
OP_00282,CLIENT_0192,PERSONNE MORALE,COMPAGNIE_04,POLICE_00228,0,AUTOMOBILE,FLOTTE AUTOMOBILE,AFFAIRE NOUVELLE,2024-01-28,2025-01-27,2024-03-23,2024-03-23,2024-03-23,2024-03-23,41300,0,0,3300,44600,15,6200,0,0,2024,2024-03,0.0,DATE DE PAIEMENT RENSEIGNEE,OK,3,2024Q1,365.0,0.0,False,False,False,True
OP_00283,CLIENT_0216,PERSONNE PHYSIQUE,COMPAGNIE_01,POLICE_00262,1,AUTOMOBILE,MONO AUTO,AFFAIRE NOUVELLE,2024-03-23,2025-03-22,2024-03-23,2024-03-23,2024-03-23,2024-04-18,330200,54500,33500,4600,368300,15,49500,0,0,2024,2024-03,26.0,DATE DE PAIEMENT RENSEIGNEE,OK,3,2024Q1,364.0,26.0,False,False,False,True
OP_00284,CLIENT_0010,PERSONNE MORALE,COMPAGNIE_01,POLICE_00249,0,AUTOMOBILE,FLOTTE AUTOMOBILE,AFFAIRE NOUVELLE,2023-12-11,2024-05-07,2024-03-24,2024-03-24,2024-03-24,2024-05-17,195300,0,27600,19500,242400,15,29300,0,0,2024,2024-03,54.0,DATE DE PAIEMENT RENSEIGNEE,OK,3,2024Q1,148.0,54.0,False,False,False,True
OP_00285,CLIENT_0185,PERSONNE PHYSIQUE,COMPAGNIE_08,POLICE_00220,0,ASSURANCE RENTE EDUCATION,0,RÉGULARISATION,2022-05-24,2040-05-23,2024-03-24,2024-03-01,2024-03-24,,56200,0,0,0,56200,10,5600,0,0,2024,2024-03,,DATE DE PAIEMENT NON RENSEIGNEE,OK,3,2024Q1,6574.0,,False,False,False,False
OP_00286,CLIENT_0225,PERSONNE PHYSIQUE,COMPAGNIE_04,POLICE_00274,0,AUTOMOBILE,FLOTTE AUTOMOBILE,RENOUVELLEMENT,2024-03-25,2024-06-23,2024-03-25,2024-03-25,2024-03-25,2024-07-12,23000,22600,2600,3400,29100,15,3500,0,0,2024,2024-03,109.0,DATE DE PAIEMENT RENSEIGNEE,OK,3,2024Q1,90.0,109.0,False,False,False,True
OP_00287,CLIENT_0084,PERSONNE MORALE,COMPAGNIE_01,POLICE_00159,5,AUTOMOBILE,MONO AUTO,RENOUVELLEMENT,2024-03-22,2024-09-20,2024-03-26,2024-06-21,2024-06-22,2024-08-01,36100,35700,4900,4600,45500,15,5400,0,0,2024,2024-03,40.0,DATE DE PAIEMENT RENSEIGNEE,OK,3,2024Q1,182.0,40.0,False,False,False,True
OP_00288,CLIENT_0174,PERSONNE PHYSIQUE,COMPAGNIE_04,POLICE_00205,1,AUTOMOBILE,MONO AUTO,RENOUVELLEMENT,2024-03-26,2024-06-25,2024-03-26,2024-03-26,2024-03-26,2024-04-18,91700,91200,11300,2600,105600,15,13800,0,0,2024,2024-03,23.0,DATE DE PAIEMENT RENSEIGNEE,OK,3,2024Q1,91.0,23.0,False,False,False,True
OP_00289,CLIENT_0174,PERSONNE PHYSIQUE,COMPAGNIE_04,POLICE_00206,10,AUTOMOBILE,MONO AUTO,RENOUVELLEMENT,2024-03-26,2024-06-25,2024-03-26,2024-03-26,2024-03-26,2024-04-21,121000,120400,14900,3300,139200,15,18100,0,0,2024,2024-03,26.0,DATE DE PAIEMENT RENSEIGNEE,OK,3,2024Q1,91.0,26.0,False,False,False,True
OP_00290,CLIENT_0179,PERSONNE PHYSIQUE,COMPAGNIE_01,POLICE_00214,3,AUTOMOBILE,MONO AUTO,RENOUVELLEMENT,2024-03-22,2025-03-21,2024-03-26,2025-03-21,2024-04-06,2024-05-07,49900,49100,5400,4300,59600,15,7500,0,0,2024,2024-03,31.0,DATE DE PAIEMENT RENSEIGNEE,OK,3,2024Q1,364.0,31.0,False,False,False,True
OP_00291,CLIENT_0188,PERSONNE PHYSIQUE,COMPAGNIE_02,POLICE_00225,2,AUTOMOBILE,MONO AUTO,RENOUVELLEMENT,2024-03-26,2024-09-25,2024-03-26,2024-03-26,2024-03-26,2024-05-26,44400,13400,4800,3400,52600,15,6700,0,0,2024,2024-03,61.0,DATE DE PAIEMENT RENSEIGNEE,OK,3,2024Q1,183.0,61.0,False,False,False,True
OP_00292,CLIENT_0205,PERSONNE PHYSIQUE,COMPAGNIE_03,POLICE_00240,3,AUTOMOBILE,MONO AUTO,RENOUVELLEMENT,2024-03-26,2024-09-25,2024-03-26,2024-03-26,2024-03-26,2024-04-04,23700,23300,2700,3800,30200,15,3500,0,0,2024,2024-03,9.0,DATE DE PAIEMENT RENSEIGNEE,OK,3,2024Q1,183.0,9.0,False,False,False,True
OP_00293,CLIENT_0228,PERSONNE PHYSIQUE,COMPAGNIE_01,POLICE_00277,3,AUTOMOBILE,MONO AUTO,RENOUVELLEMENT,2024-03-22,2024-09-20,2024-03-26,2024-03-22,2024-03-26,2024-04-16,22500,21900,2800,5000,30300,15,3400,0,0,2024,2024-03,21.0,DATE DE PAIEMENT RENSEIGNEE,OK,3,2024Q1,182.0,21.0,False,False,False,True
OP_00294,CLIENT_0213,PERSONNE MORALE,COMPAGNIE_01,POLICE_00253,0,AUTOMOBILE,FLOTTE AUTOMOBILE,AFFAIRE NOUVELLE,2023-12-02,2024-02-01,2024-03-27,2024-03-27,2024-03-27,,71600,0,0,7200,78700,15,10700,0,0,2024,2024-03,,DATE DE PAIEMENT NON RENSEIGNEE,OK,3,2024Q1,61.0,,False,False,False,False
OP_00295,CLIENT_0213,PERSONNE MORALE,COMPAGNIE_01,POLICE_00254,0,AUTOMOBILE,FLOTTE AUTOMOBILE,AFFAIRE NOUVELLE,2023-11-18,2024-03-18,2024-03-27,2024-03-27,2024-03-27,,355200,0,0,0,355200,15,53300,0,0,2024,2024-03,,DATE DE PAIEMENT NON RENSEIGNEE,OK,3,2024Q1,121.0,,False,False,False,False
OP_00296,CLIENT_0213,PERSONNE MORALE,COMPAGNIE_01,POLICE_00255,0,AUTOMOBILE,FLOTTE AUTOMOBILE,AFFAIRE NOUVELLE,2023-12-11,2024-12-11,2024-03-27,2024-03-27,2024-03-27,,156200,0,0,15600,171800,15,23400,0,0,2024,2024-03,,DATE DE PAIEMENT NON RENSEIGNEE,OK,3,2024Q1,366.0,,False,False,False,False
OP_00297,CLIENT_0213,PERSONNE MORALE,COMPAGNIE_01,POLICE_00256,0,AUTOMOBILE,FLOTTE AUTOMOBILE,AFFAIRE NOUVELLE,2024-01-24,2024-07-23,2024-03-27,2024-03-27,2024-03-27,,77800,0,0,7800,85600,15,11700,0,0,2024,2024-03,,DATE DE PAIEMENT NON RENSEIGNEE,OK,3,2024Q1,181.0,,False,False,False,False
OP_00298,CLIENT_0229,PERSONNE PHYSIQUE,COMPAGNIE_05,POLICE_00278,0,AUTOMOBILE,MONO AUTO,AFFAIRE NOUVELLE,2024-04-03,2025-04-02,2024-03-27,2024-03-25,2024-03-27,2024-07-07,90000,85600,11100,3000,104200,15,13500,0,0,2024,2024-03,102.0,DATE DE PAIEMENT RENSEIGNEE,OK,3,2024Q1,364.0,102.0,False,False,False,True
OP_00299,CLIENT_0157,PERSONNE MORALE,COMPAGNIE_07,POLICE_00285,0,ASSURANCES TRANSPORTS,TERRESTRE,AFFAIRE NOUVELLE,2024-03-28,2025-03-27,2024-03-28,2024-05-30,2024-06-25,2024-09-19,861300,0,69200,4300,934900,15,129200,0,0,2024,2024-03,86.0,DATE DE PAIEMENT RENSEIGNEE,OK,3,2024Q1,364.0,86.0,False,False,False,True
OP_00300,CLIENT_0183,PERSONNE PHYSIQUE,COMPAGNIE_02,POLICE_00218,0,TRAVEL ASSURANCE,0,AFFAIRE NOUVELLE,2024-04-06,2024-05-07,2024-03-28,2024-03-28,2024-03-28,2024-05-30,13100,0,2100,4400,19600,10,1300,0,0,2024,2024-03,63.0,DATE DE PAIEMENT RENSEIGNEE,OK,3,2024Q1,31.0,63.0,False,False,False,True
OP_00301,CLIENT_0203,PERSONNE PHYSIQUE,COMPAGNIE_03,POLICE_00238,0,AUTOMOBILE,MONO AUTO,AFFAIRE NOUVELLE,2024-04-03,2025-04-02,2024-03-28,2024-03-28,2024-03-28,2024-04-07,47900,47000,5200,4400,57500,15,7200,0,0,2024,2024-03,10.0,DATE DE PAIEMENT RENSEIGNEE,OK,3,2024Q1,364.0,10.0,False,False,False,True
OP_00302,CLIENT_0220,PERSONNE PHYSIQUE,COMPAGNIE_03,POLICE_00267,0,AUTOMOBILE,MONO AUTO,AFFAIRE NOUVELLE,2024-03-21,2025-03-21,2024-03-28,2024-03-21,2024-03-28,2024-03-28,42600,41900,4500,2800,49900,15,6400,0,0,2024,2024-03,0.0,DATE DE PAIEMENT RENSEIGNEE,OK,3,2024Q1,365.0,0.0,False,False,False,True
OP_00303,CLIENT_0230,PERSONNE PHYSIQUE,COMPAGNIE_04,POLICE_00279,0,AUTOMOBILE,MONO AUTO,AFFAIRE NOUVELLE,2024-03-25,2024-09-23,2024-03-28,2024-03-25,2024-03-28,2024-07-15,25500,0,2800,2400,30600,15,3800,0,0,2024,2024-03,109.0,DATE DE PAIEMENT RENSEIGNEE,OK,3,2024Q1,182.0,109.0,False,False,False,True
OP_00304,CLIENT_0232,PERSONNE PHYSIQUE,COMPAGNIE_02,POLICE_00281,0,AUTOMOBILE,MONO AUTO,RENOUVELLEMENT,2023-11-18,2024-11-17,2024-03-28,2024-03-28,2024-03-28,,0,0,0,0,0,15,0,0,0,2024,2024-03,,DATE DE PAIEMENT NON RENSEIGNEE,OK,3,2024Q1,365.0,,False,False,False,False
OP_00305,CLIENT_0043,PERSONNE MORALE,COMPAGNIE_03,POLICE_00264,0,AUTOMOBILE,FLOTTE AUTOMOBILE,AFFAIRE NOUVELLE,2024-03-27,2025-03-26,2024-03-29,2024-05-15,2024-05-15,2024-05-22,6291800,6064300,755700,5600,7053000,15,943800,0,0,2024,2024-03,7.0,DATE DE PAIEMENT RENSEIGNEE,OK,3,2024Q1,364.0,7.0,False,False,False,True
OP_00306,CLIENT_0043,PERSONNE MORALE,COMPAGNIE_03,POLICE_00270,1,AUTOMOBILE,FLOTTE AUTOMOBILE,AFFAIRE NOUVELLE,2024-03-27,2025-03-26,2024-03-29,2024-05-15,2024-05-15,2024-05-22,2488300,2337800,299100,4500,2792000,15,373300,0,0,2024,2024-03,7.0,DATE DE PAIEMENT RENSEIGNEE,OK,3,2024Q1,364.0,7.0,False,False,False,True
OP_00307,CLIENT_0043,PERSONNE MORALE,COMPAGNIE_03,POLICE_00271,0,BRIS DE MACHINE,DOMMAGES AUX BIENS,AFFAIRE NOUVELLE,2024-03-27,2024-03-26,2024-03-29,2024-05-15,2024-05-15,2024-05-22,51599200,0,7483200,9100,59091500,18,9287900,0,0,2024,2024-03,7.0,DATE DE PAIEMENT RENSEIGNEE,EFFET_APRES_ECHEANCE,3,2024Q1,-1.0,7.0,True,False,False,True
OP_00308,CLIENT_0157,PERSONNE MORALE,COMPAGNIE_01,POLICE_00289,0,INDIVIDUELLE ACCIDENTS,0,AFFAIRE NOUVELLE,2024-03-28,2025-09-26,2024-03-29,2024-06-05,2024-06-05,2024-07-05,227700,0,27900,4500,260100,20,45500,0,0,2024,2024-03,30.0,DATE DE PAIEMENT RENSEIGNEE,OK,3,2024Q1,547.0,30.0,False,False,False,True
OP_00309,CLIENT_0214,PERSONNE PHYSIQUE,COMPAGNIE_02,POLICE_00257,0,AUTOMOBILE,MONO AUTO,RENOUVELLEMENT,2022-09-06,2023-09-05,2024-03-29,2024-03-29,2024-03-29,,0,0,0,0,0,15,0,0,0,2024,2024-03,,DATE DE PAIEMENT NON RENSEIGNEE,OK,3,2024Q1,364.0,,False,False,False,False
OP_00310,CLIENT_0111,PERSONNE MORALE,COMPAGNIE_07,POLICE_00133,1,ASSURANCES TRANSPORTS,MARITIME,RENOUVELLEMENT,2024-05-02,2025-05-01,2024-03-30,2024-09-02,2024-09-02,2024-09-02,100,0,0,0,100,1,0,0,0,2024,2024-03,0.0,DATE DE PAIEMENT RENSEIGNEE,OK,3,2024Q1,364.0,0.0,False,False,False,True
OP_00311,CLIENT_0178,PERSONNE PHYSIQUE,COMPAGNIE_01,POLICE_00213,5,AUTOMOBILE,MONO AUTO,RENOUVELLEMENT,2024-03-28,2024-09-27,2024-03-30,2024-03-30,2024-03-30,2024-05-11,20000,19500,2500,4500,27000,15,3000,0,0,2024,2024-03,42.0,DATE DE PAIEMENT RENSEIGNEE,OK,3,2024Q1,183.0,42.0,False,False,False,True
OP_00312,CLIENT_0209,PERSONNE PHYSIQUE,COMPAGNIE_01,POLICE_00245,0,AUTOMOBILE,MONO AUTO,AFFAIRE NOUVELLE,2023-08-30,2024-08-29,2024-03-30,2024-03-30,2024-03-30,2024-05-23,63200,0,2600,9500,75200,15,9500,0,0,2024,2024-03,54.0,DATE DE PAIEMENT RENSEIGNEE,OK,3,2024Q1,365.0,54.0,False,False,False,True
OP_00313,CLIENT_0233,PERSONNE PHYSIQUE,COMPAGNIE_02,POLICE_00283,9,AUTOMOBILE,MONO AUTO,PROROGATION,2024-03-30,2024-09-28,2024-03-30,2024-03-30,2024-05-07,2024-05-11,75400,29700,7500,0,82900,15,11300,0,0,2024,2024-03,4.0,DATE DE PAIEMENT RENSEIGNEE,OK,3,2024Q1,182.0,4.0,False,False,False,True
OP_00314,CLIENT_0227,PERSONNE PHYSIQUE,COMPAGNIE_02,POLICE_00276,0,AUTOMOBILE,MONO AUTO,RENOUVELLEMENT,2024-04-03,2025-04-02,2024-03-31,2024-03-31,2024-03-31,2024-05-13,123900,38500,12400,0,136300,15,18600,0,0,2024,2024-03,43.0,DATE DE PAIEMENT RENSEIGNEE,OK,3,2024Q1,364.0,43.0,False,False,False,True
OP_00315,CLIENT_0051,PERSONNE MORALE,COMPAGNIE_07,POLICE_00223,0,ASSURANCES TRANSPORTS,TERRESTRE,RENOUVELLEMENT,2024-04-30,2025-04-29,2024-04-01,2024-09-04,2024-09-04,2024-09-04,100,0,0,0,100,0,100,0,0,2024,2024-04,0.0,DATE DE PAIEMENT RENSEIGNEE,OK,4,2024Q2,364.0,0.0,False,False,False,True
OP_00316,CLIENT_0197,PERSONNE PHYSIQUE,COMPAGNIE_03,POLICE_00232,0,AUTOMOBILE,MONO AUTO,AFFAIRE NOUVELLE,2024-04-02,2024-10-02,2024-04-02,2024-04-02,2024-04-02,2024-04-16,24400,0,2800,3300,30500,15,3700,0,0,2024,2024-04,14.0,DATE DE PAIEMENT RENSEIGNEE,OK,4,2024Q2,183.0,14.0,False,False,False,True
OP_00317,CLIENT_0208,PERSONNE PHYSIQUE,COMPAGNIE_04,POLICE_00244,4,AUTOMOBILE,MONO AUTO,RENOUVELLEMENT,2024-04-08,2025-04-07,2024-04-03,2024-04-03,2024-04-03,2024-04-14,51700,44200,5500,3600,60900,15,7800,0,0,2024,2024-04,11.0,DATE DE PAIEMENT RENSEIGNEE,OK,4,2024Q2,364.0,11.0,False,False,False,True
OP_00318,CLIENT_0221,PERSONNE PHYSIQUE,COMPAGNIE_01,POLICE_00268,3,AUTOMOBILE,MONO AUTO,PROROGATION,2024-03-27,2024-09-20,2024-04-03,2024-03-27,2024-04-03,2024-04-27,29100,28600,2900,0,32000,15,4400,0,0,2024,2024-04,24.0,DATE DE PAIEMENT RENSEIGNEE,OK,4,2024Q2,177.0,24.0,False,False,False,True
OP_00319,CLIENT_0231,PERSONNE PHYSIQUE,COMPAGNIE_01,POLICE_00280,1,AUTOMOBILE,MONO AUTO,AFFAIRE NOUVELLE,2024-04-03,2024-10-02,2024-04-03,2024-04-03,2024-04-03,2024-04-24,20900,20300,2600,4700,28200,15,3100,0,0,2024,2024-04,21.0,DATE DE PAIEMENT RENSEIGNEE,OK,4,2024Q2,182.0,21.0,False,False,False,True
OP_00320,CLIENT_0239,PERSONNE PHYSIQUE,COMPAGNIE_03,POLICE_00291,7,AUTOMOBILE,MONO AUTO,RENOUVELLEMENT,2024-04-08,2024-10-07,2024-04-03,2024-04-02,2024-04-03,2024-05-06,65800,28200,0,6600,72300,15,9900,0,0,2024,2024-04,33.0,DATE DE PAIEMENT RENSEIGNEE,OK,4,2024Q2,182.0,33.0,False,False,False,True
OP_00321,CLIENT_0155,PERSONNE PHYSIQUE,COMPAGNIE_01,POLICE_00250,0,AUTOMOBILE,MONO AUTO,AFFAIRE NOUVELLE,2024-03-09,2025-03-08,2024-04-05,2024-04-05,2024-04-06,2024-05-29,66500,0,2700,10000,79100,15,10000,0,0,2024,2024-04,53.0,DATE DE PAIEMENT RENSEIGNEE,OK,4,2024Q2,364.0,53.0,False,False,False,True
OP_00322,CLIENT_0215,PERSONNE PHYSIQUE,COMPAGNIE_01,POLICE_00260,7,AUTOMOBILE,MONO AUTO,AFFAIRE NOUVELLE,2024-04-05,2024-08-04,2024-04-05,2024-04-05,2024-04-05,2024-05-02,18500,17900,2000,1100,21500,15,2800,0,0,2024,2024-04,27.0,DATE DE PAIEMENT RENSEIGNEE,OK,4,2024Q2,121.0,27.0,False,False,False,True
OP_00323,CLIENT_0219,PERSONNE PHYSIQUE,COMPAGNIE_03,POLICE_00266,0,TRAVEL ASSURANCE,0,RENOUVELLEMENT,2024-03-30,2024-09-29,2024-04-05,2024-03-30,2024-04-05,2024-04-05,31500,31000,3600,4100,39100,15,4700,0,0,2024,2024-04,0.0,DATE DE PAIEMENT RENSEIGNEE,OK,4,2024Q2,183.0,0.0,False,False,False,True
OP_00324,CLIENT_0242,PERSONNE PHYSIQUE,COMPAGNIE_02,POLICE_00300,16,AUTOMOBILE,MONO AUTO,PROROGATION,2024-04-06,2024-10-05,2024-04-05,2024-04-05,2024-04-05,2024-05-09,86700,39300,8700,0,95300,15,13000,0,0,2024,2024-04,34.0,DATE DE PAIEMENT RENSEIGNEE,OK,4,2024Q2,182.0,34.0,False,False,False,True
OP_00325,CLIENT_0245,PERSONNE PHYSIQUE,COMPAGNIE_03,POLICE_00303,0,AUTOMOBILE,MONO AUTO,RENOUVELLEMENT,2024-04-05,2025-04-04,2024-04-05,2024-04-05,2024-04-05,2024-05-03,80600,79700,8500,4400,93400,15,12100,0,0,2024,2024-04,28.0,DATE DE PAIEMENT RENSEIGNEE,OK,4,2024Q2,364.0,28.0,False,False,False,True
OP_00326,CLIENT_0026,PERSONNE PHYSIQUE,COMPAGNIE_03,POLICE_00026,2,AUTOMOBILE,MONO AUTO,RENOUVELLEMENT,2024-04-08,2025-07-07,2024-04-07,2024-04-07,2024-04-07,2024-05-12,15800,15600,1700,1000,18500,15,2400,0,0,2024,2024-04,35.0,DATE DE PAIEMENT RENSEIGNEE,OK,4,2024Q2,455.0,35.0,False,False,False,True
OP_00327,CLIENT_0212,PERSONNE PHYSIQUE,COMPAGNIE_01,POLICE_00251,0,AUTOMOBILE,MONO AUTO,AFFAIRE NOUVELLE,2024-03-24,2024-09-23,2024-04-07,2024-04-07,2024-04-07,2024-05-08,19800,0,3900,3000,26700,15,3000,0,0,2024,2024-04,31.0,DATE DE PAIEMENT RENSEIGNEE,OK,4,2024Q2,183.0,31.0,False,False,False,True
OP_00328,CLIENT_0212,PERSONNE PHYSIQUE,COMPAGNIE_01,POLICE_00252,0,AUTOMOBILE,MONO AUTO,AFFAIRE NOUVELLE,2024-03-23,2024-04-14,2024-04-07,2024-04-07,2024-04-07,2024-05-08,12100,0,0,1800,13900,15,1800,0,0,2024,2024-04,31.0,DATE DE PAIEMENT RENSEIGNEE,OK,4,2024Q2,22.0,31.0,False,False,False,True
OP_00329,CLIENT_0218,PERSONNE PHYSIQUE,COMPAGNIE_01,POLICE_00265,1,AUTOMOBILE,MONO AUTO,AFFAIRE NOUVELLE,2024-04-01,2025-03-31,2024-04-07,2024-04-07,2024-04-07,2024-05-01,47100,44900,5300,5500,57900,15,7100,0,0,2024,2024-04,24.0,DATE DE PAIEMENT RENSEIGNEE,OK,4,2024Q2,364.0,24.0,False,False,False,True
OP_00330,CLIENT_0235,PERSONNE PHYSIQUE,COMPAGNIE_01,POLICE_00286,1,AUTOMOBILE,MONO AUTO,AFFAIRE NOUVELLE,2024-04-07,2025-04-06,2024-04-07,2024-04-08,2024-04-08,2024-04-25,52100,48900,5700,5300,63200,15,7800,0,0,2024,2024-04,17.0,DATE DE PAIEMENT RENSEIGNEE,OK,4,2024Q2,364.0,17.0,False,False,False,True
OP_00331,CLIENT_0043,PERSONNE MORALE,COMPAGNIE_03,POLICE_00294,3,AUTOMOBILE,FLOTTE MOTO,INCORPORATION,2024-04-08,2024-12-04,2024-04-08,2024-05-15,2024-05-15,2024-05-22,38000,33500,4400,5300,47700,15,5700,0,0,2024,2024-04,7.0,DATE DE PAIEMENT RENSEIGNEE,OK,4,2024Q2,240.0,7.0,False,False,False,True
OP_00332,CLIENT_0050,PERSONNE MORALE,COMPAGNIE_06,POLICE_00050,70,AUTOMOBILE,FLOTTE AUTOMOBILE,INCORPORATION,2024-04-08,2025-01-06,2024-04-08,2024-06-30,2024-06-30,,25500,23500,2700,1000,29100,15,3800,0,0,2024,2024-04,,DATE DE PAIEMENT NON RENSEIGNEE,OK,4,2024Q2,273.0,,False,False,False,False
OP_00333,CLIENT_0200,PERSONNE PHYSIQUE,COMPAGNIE_07,POLICE_00235,1,MULTIRISQUE PROFESSIONNELLE,INCENDIE,AFFAIRE NOUVELLE,2024-04-10,2025-04-09,2024-04-08,2024-04-08,2024-04-08,2024-05-15,163200,0,26400,5800,195400,20,32600,0,0,2024,2024-04,37.0,DATE DE PAIEMENT RENSEIGNEE,OK,4,2024Q2,364.0,37.0,False,False,False,True
OP_00334,CLIENT_0211,PERSONNE PHYSIQUE,COMPAGNIE_01,POLICE_00248,0,AUTOMOBILE,MONO AUTO,AFFAIRE NOUVELLE,2024-01-08,2025-01-07,2024-04-08,2024-04-08,2024-04-08,2024-06-01,89500,0,0,13400,102900,15,13400,0,0,2024,2024-04,54.0,DATE DE PAIEMENT RENSEIGNEE,OK,4,2024Q2,365.0,54.0,False,False,False,True
OP_00335,CLIENT_0051,PERSONNE MORALE,COMPAGNIE_06,POLICE_00242,50,AUTOMOBILE,FLOTTE AUTOMOBILE,INCORPORATION,2024-04-08,2025-02-12,2024-04-09,2024-04-14,2024-04-15,2024-06-03,97200,0,12200,4600,114100,15,14600,0,0,2024,2024-04,49.0,DATE DE PAIEMENT RENSEIGNEE,OK,4,2024Q2,310.0,49.0,False,False,False,True
OP_00336,CLIENT_0051,PERSONNE MORALE,COMPAGNIE_01,POLICE_00246,0,AUTOMOBILE,MONO AUTO,AFFAIRE NOUVELLE,2023-10-09,2024-10-08,2024-04-09,2024-04-09,2024-04-09,,917500,0,0,130700,1048200,15,137600,0,0,2024,2024-04,,DATE DE PAIEMENT NON RENSEIGNEE,OK,4,2024Q2,365.0,,False,False,False,False
OP_00337,CLIENT_0152,PERSONNE PHYSIQUE,COMPAGNIE_02,POLICE_00259,0,AUTOMOBILE,MONO AUTO,AFFAIRE NOUVELLE,2024-04-26,2024-06-11,2024-04-09,2024-04-09,2024-04-09,,0,0,0,0,100,0,100,0,0,2024,2024-04,,DATE DE PAIEMENT NON RENSEIGNEE,OK,4,2024Q2,46.0,,False,False,False,False
OP_00338,CLIENT_0202,PERSONNE PHYSIQUE,COMPAGNIE_03,POLICE_00237,0,AUTOMOBILE,MONO AUTO,AFFAIRE NOUVELLE,2024-04-10,2025-04-09,2024-04-09,2024-04-09,2024-04-09,2024-04-19,135000,133500,16700,4100,155800,15,20200,0,0,2024,2024-04,10.0,DATE DE PAIEMENT RENSEIGNEE,OK,4,2024Q2,364.0,10.0,False,False,False,True
OP_00339,CLIENT_0224,PERSONNE PHYSIQUE,COMPAGNIE_01,POLICE_00273,1,AUTOMOBILE,MONO AUTO,AFFAIRE NOUVELLE,2024-04-10,2025-04-09,2024-04-10,2024-04-11,2024-04-11,2024-06-02,155400,48100,16100,5200,176700,15,23300,0,0,2024,2024-04,52.0,DATE DE PAIEMENT RENSEIGNEE,OK,4,2024Q2,364.0,52.0,False,False,False,True
OP_00340,CLIENT_0236,PERSONNE MORALE,COMPAGNIE_03,POLICE_00287,0,AUTOMOBILE,FLOTTE MOTO,RENOUVELLEMENT,2023-11-07,2024-11-06,2024-04-10,2024-04-10,2024-04-10,2024-04-10,0,0,0,0,0,15,0,0,0,2024,2024-04,0.0,DATE DE PAIEMENT RENSEIGNEE,OK,4,2024Q2,365.0,0.0,False,False,False,True
OP_00341,CLIENT_0252,PERSONNE PHYSIQUE,COMPAGNIE_03,POLICE_00310,2,AUTOMOBILE,MONO AUTO,RENOUVELLEMENT,2024-04-09,2025-04-08,2024-04-10,2024-04-10,2024-04-10,2024-05-03,176500,173600,21000,5200,202700,15,26500,0,0,2024,2024-04,23.0,DATE DE PAIEMENT RENSEIGNEE,OK,4,2024Q2,364.0,23.0,False,False,False,True
OP_00342,CLIENT_0076,PERSONNE MORALE,COMPAGNIE_02,POLICE_00261,7,AUTOMOBILE,MONO AUTO,RENOUVELLEMENT,2024-04-12,2025-04-11,2024-04-11,2024-04-11,2024-04-11,2024-05-29,187600,45700,19300,5400,212300,15,28100,0,0,2024,2024-04,48.0,DATE DE PAIEMENT RENSEIGNEE,OK,4,2024Q2,364.0,48.0,False,False,False,True
OP_00343,CLIENT_0247,PERSONNE PHYSIQUE,COMPAGNIE_04,POLICE_00305,0,AUTOMOBILE,MONO AUTO,RENOUVELLEMENT,2024-04-11,2024-07-10,2024-04-11,2024-04-11,2024-04-11,2024-07-19,10500,10100,1400,3100,14900,15,1600,0,0,2024,2024-04,99.0,DATE DE PAIEMENT RENSEIGNEE,OK,4,2024Q2,90.0,99.0,False,False,False,True
OP_00344,CLIENT_0246,PERSONNE PHYSIQUE,COMPAGNIE_05,POLICE_00304,0,TRAVEL ASSURANCE,0,RENOUVELLEMENT,2024-05-23,2024-08-12,2024-04-12,2024-04-12,2024-04-12,2024-07-13,29500,0,3500,0,33000,15,4400,0,0,2024,2024-04,92.0,DATE DE PAIEMENT RENSEIGNEE,OK,4,2024Q2,81.0,92.0,False,False,False,True
OP_00345,CLIENT_0073,PERSONNE PHYSIQUE,COMPAGNIE_08,POLICE_00297,0,RETRAITE COMPLEMENTAIRE,0,AFFAIRE NOUVELLE,2024-06-26,2054-06-25,2024-04-13,2024-04-13,2024-04-13,,18300,0,0,4600,22900,10,1800,0,0,2024,2024-04,,DATE DE PAIEMENT NON RENSEIGNEE,OK,4,2024Q2,10956.0,,False,False,False,False
OP_00346,CLIENT_0073,PERSONNE PHYSIQUE,COMPAGNIE_08,POLICE_00298,0,ASSURANCE RENTE EDUCATION,0,AFFAIRE NOUVELLE,2024-06-26,2038-06-25,2024-04-13,2024-04-13,2024-04-13,,17900,0,0,4500,22400,10,1800,0,0,2024,2024-04,,DATE DE PAIEMENT NON RENSEIGNEE,OK,4,2024Q2,5112.0,,False,False,False,False
OP_00347,CLIENT_0073,PERSONNE PHYSIQUE,COMPAGNIE_08,POLICE_00299,0,ASSURANCE RENTE EDUCATION,0,AFFAIRE NOUVELLE,2024-06-26,2041-06-25,2024-04-13,2024-04-13,2024-04-13,,17400,0,0,4400,21800,10,1700,0,0,2024,2024-04,,DATE DE PAIEMENT NON RENSEIGNEE,OK,4,2024Q2,6208.0,,False,False,False,False
OP_00348,CLIENT_0050,PERSONNE MORALE,COMPAGNIE_06,POLICE_00050,71,AUTOMOBILE,FLOTTE AUTOMOBILE,INCORPORATION,2024-04-12,2025-01-06,2024-04-14,2024-04-12,2024-04-14,2024-05-28,30500,28500,3200,1100,34800,15,4600,0,0,2024,2024-04,44.0,DATE DE PAIEMENT RENSEIGNEE,OK,4,2024Q2,269.0,44.0,False,False,False,True
OP_00349,CLIENT_0244,PERSONNE PHYSIQUE,COMPAGNIE_02,POLICE_00302,1,AUTOMOBILE,MONO AUTO,PROROGATION,2024-04-13,2024-10-14,2024-04-14,2024-04-14,2024-04-14,2024-05-18,24800,22500,2500,0,27200,15,3700,0,0,2024,2024-04,34.0,DATE DE PAIEMENT RENSEIGNEE,OK,4,2024Q2,184.0,34.0,False,False,False,True
OP_00350,CLIENT_0222,PERSONNE PHYSIQUE,COMPAGNIE_01,POLICE_00269,3,AUTOMOBILE,MONO AUTO,RENOUVELLEMENT,2024-04-08,2025-04-07,2024-04-15,2024-04-28,2024-05-30,2024-06-10,42800,41900,4700,4500,52100,15,6400,0,0,2024,2024-04,11.0,DATE DE PAIEMENT RENSEIGNEE,OK,4,2024Q2,364.0,11.0,False,False,False,True
OP_00351,CLIENT_0226,PERSONNE PHYSIQUE,COMPAGNIE_03,POLICE_00275,0,AUTOMOBILE,MONO AUTO,RENOUVELLEMENT,2024-04-16,2025-04-15,2024-04-16,2024-04-16,2024-04-16,2024-05-24,55500,54800,6000,4800,66400,15,8300,0,0,2024,2024-04,38.0,DATE DE PAIEMENT RENSEIGNEE,OK,4,2024Q2,364.0,38.0,False,False,False,True
OP_00352,CLIENT_0240,PERSONNE PHYSIQUE,COMPAGNIE_01,POLICE_00292,3,AUTOMOBILE,MONO AUTO,PROROGATION,2024-04-17,2024-10-16,2024-04-16,2024-04-16,2024-04-16,2024-04-30,22500,21200,2300,0,24800,15,3400,0,0,2024,2024-04,14.0,DATE DE PAIEMENT RENSEIGNEE,OK,4,2024Q2,182.0,14.0,False,False,False,True
OP_00353,CLIENT_0217,PERSONNE PHYSIQUE,COMPAGNIE_01,POLICE_00263,1,AUTOMOBILE,MONO AUTO,AFFAIRE NOUVELLE,2024-04-17,2025-04-16,2024-04-18,2024-05-12,2024-05-12,2024-05-12,45700,44600,5100,5600,56500,15,6900,0,0,2024,2024-04,0.0,DATE DE PAIEMENT RENSEIGNEE,OK,4,2024Q2,364.0,0.0,False,False,False,True
OP_00354,CLIENT_0256,PERSONNE PHYSIQUE,COMPAGNIE_02,POLICE_00315,8,AUTOMOBILE,MONO AUTO,RENOUVELLEMENT,2024-04-18,2025-04-17,2024-04-18,2024-04-18,2024-04-18,2024-05-14,52600,47100,5600,3200,61400,15,7900,0,0,2024,2024-04,26.0,DATE DE PAIEMENT RENSEIGNEE,OK,4,2024Q2,364.0,26.0,False,False,False,True
OP_00355,CLIENT_0023,PERSONNE PHYSIQUE,COMPAGNIE_01,POLICE_00282,0,AUTOMOBILE,FLOTTE AUTOMOBILE,RENOUVELLEMENT,2024-04-23,2025-04-22,2024-04-19,2024-04-19,2024-04-19,2024-06-10,253500,0,25900,5500,285000,15,38000,0,0,2024,2024-04,52.0,DATE DE PAIEMENT RENSEIGNEE,OK,4,2024Q2,364.0,52.0,False,False,False,True
OP_00356,CLIENT_0237,PERSONNE PHYSIQUE,COMPAGNIE_02,POLICE_00288,4,AUTOMOBILE,MONO AUTO,PROROGATION,2024-04-19,2024-10-18,2024-04-19,2024-04-19,2024-04-19,2024-05-28,98000,27100,9800,0,107800,15,14700,0,0,2024,2024-04,39.0,DATE DE PAIEMENT RENSEIGNEE,OK,4,2024Q2,182.0,39.0,False,False,False,True
OP_00357,CLIENT_0243,PERSONNE PHYSIQUE,COMPAGNIE_01,POLICE_00301,3,AUTOMOBILE,MONO AUTO,RENOUVELLEMENT,2024-04-19,2025-04-18,2024-04-19,2024-05-12,2024-05-23,2024-06-02,55500,54500,6000,4600,66100,15,8300,0,0,2024,2024-04,10.0,DATE DE PAIEMENT RENSEIGNEE,OK,4,2024Q2,364.0,10.0,False,False,False,True
OP_00358,CLIENT_0268,PERSONNE PHYSIQUE,COMPAGNIE_01,POLICE_00329,2,AUTOMOBILE,MONO AUTO,PROROGATION,2024-05-03,2024-11-02,2024-04-19,2024-04-19,2024-04-19,2024-05-17,23900,23500,2400,0,26300,15,3600,0,0,2024,2024-04,28.0,DATE DE PAIEMENT RENSEIGNEE,OK,4,2024Q2,183.0,28.0,False,False,False,True
OP_00359,CLIENT_0059,PERSONNE PHYSIQUE,COMPAGNIE_04,POLICE_00059,20,AUTOMOBILE,MONO AUTO,RENOUVELLEMENT,2024-04-20,2024-07-20,2024-04-20,2024-04-20,2024-04-20,2024-07-17,117300,115300,14500,3300,135100,15,17600,0,0,2024,2024-04,88.0,DATE DE PAIEMENT RENSEIGNEE,OK,4,2024Q2,91.0,88.0,False,False,False,True
OP_00360,CLIENT_0238,PERSONNE PHYSIQUE,COMPAGNIE_02,POLICE_00290,11,AUTOMOBILE,MONO AUTO,RENOUVELLEMENT,2024-04-23,2024-10-22,2024-04-20,2024-04-20,2024-04-20,2024-05-29,59500,26600,6300,3400,69200,15,8900,0,0,2024,2024-04,39.0,DATE DE PAIEMENT RENSEIGNEE,OK,4,2024Q2,182.0,39.0,False,False,False,True
OP_00361,CLIENT_0257,PERSONNE PHYSIQUE,COMPAGNIE_03,POLICE_00316,0,AUTOMOBILE,MONO AUTO,AFFAIRE NOUVELLE,2024-04-19,2024-10-18,2024-04-20,2024-04-20,2024-04-20,2024-05-10,23900,23500,2900,5000,31800,15,3600,0,0,2024,2024-04,20.0,DATE DE PAIEMENT RENSEIGNEE,OK,4,2024Q2,182.0,20.0,False,False,False,True
OP_00362,CLIENT_0050,PERSONNE MORALE,COMPAGNIE_06,POLICE_00050,73,AUTOMOBILE,FLOTTE AUTOMOBILE,INCORPORATION,2024-04-21,2025-01-06,2024-04-21,2024-04-21,2024-04-21,2024-05-28,28600,26600,3000,1100,32700,15,4300,0,0,2024,2024-04,37.0,DATE DE PAIEMENT RENSEIGNEE,OK,4,2024Q2,260.0,37.0,False,False,False,True
OP_00363,CLIENT_0231,PERSONNE PHYSIQUE,COMPAGNIE_02,POLICE_00318,0,AUTOMOBILE,MONO AUTO,AFFAIRE NOUVELLE,2024-04-28,2024-10-28,2024-04-21,2024-04-18,2024-04-21,2024-05-16,43100,40700,5400,1900,50400,15,6500,0,0,2024,2024-04,25.0,DATE DE PAIEMENT RENSEIGNEE,OK,4,2024Q2,183.0,25.0,False,False,False,True
OP_00364,CLIENT_0223,PERSONNE PHYSIQUE,COMPAGNIE_03,POLICE_00272,0,AUTOMOBILE,MONO AUTO,AFFAIRE NOUVELLE,2024-04-20,2024-07-19,2024-04-22,2024-05-30,2024-04-22,2024-05-30,13400,13100,1900,5700,20900,15,2000,0,0,2024,2024-04,38.0,DATE DE PAIEMENT RENSEIGNEE,OK,4,2024Q2,90.0,38.0,False,False,False,True
OP_00365,CLIENT_0234,PERSONNE PHYSIQUE,COMPAGNIE_03,POLICE_00284,1,AUTOMOBILE,MONO AUTO,RENOUVELLEMENT,2024-04-23,2024-08-28,2024-04-23,2024-04-23,2024-04-23,2024-05-30,17500,17200,1900,1100,20500,15,2600,0,0,2024,2024-04,37.0,DATE DE PAIEMENT RENSEIGNEE,OK,4,2024Q2,127.0,37.0,False,False,False,True
OP_00366,CLIENT_0255,PERSONNE PHYSIQUE,COMPAGNIE_01,POLICE_00314,2,AUTOMOBILE,MONO AUTO,RENOUVELLEMENT,2024-04-23,2025-04-22,2024-04-23,2024-04-23,2024-04-23,2024-05-30,46800,44600,5200,5500,57500,15,7000,0,0,2024,2024-04,37.0,DATE DE PAIEMENT RENSEIGNEE,OK,4,2024Q2,364.0,37.0,False,False,False,True
OP_00367,CLIENT_0241,PERSONNE PHYSIQUE,COMPAGNIE_03,POLICE_00293,0,AUTOMOBILE,MONO AUTO,AFFAIRE NOUVELLE,2024-04-24,2025-04-23,2024-04-24,2024-04-24,2024-04-24,2024-05-25,50400,49600,5600,5200,61200,15,7600,0,0,2024,2024-04,31.0,DATE DE PAIEMENT RENSEIGNEE,OK,4,2024Q2,364.0,31.0,False,False,False,True
OP_00368,CLIENT_0134,PERSONNE PHYSIQUE,COMPAGNIE_03,POLICE_00347,1,AUTOMOBILE,MONO AUTO,RENOUVELLEMENT,2024-04-27,2025-04-26,2024-04-25,2024-04-27,2024-04-27,2024-05-28,312100,50100,31700,5000,348800,15,46800,0,0,2024,2024-04,31.0,DATE DE PAIEMENT RENSEIGNEE,OK,4,2024Q2,364.0,31.0,False,False,False,True
OP_00369,CLIENT_0139,PERSONNE PHYSIQUE,COMPAGNIE_03,POLICE_00295,0,AUTOMOBILE,MONO AUTO,AFFAIRE NOUVELLE,2024-04-26,2025-04-25,2024-04-26,2024-04-26,2024-04-26,2024-05-27,145000,52100,14800,3000,162800,15,21700,0,0,2024,2024-04,31.0,DATE DE PAIEMENT RENSEIGNEE,OK,4,2024Q2,364.0,31.0,False,False,False,True
OP_00370,CLIENT_0258,PERSONNE PHYSIQUE,COMPAGNIE_02,POLICE_00317,0,AUTOMOBILE,MONO AUTO,AFFAIRE NOUVELLE,2024-04-17,2024-07-16,2024-04-26,2024-04-18,2024-04-26,2024-05-21,13200,11800,1500,1600,16400,15,2000,0,0,2024,2024-04,25.0,DATE DE PAIEMENT RENSEIGNEE,OK,4,2024Q2,90.0,25.0,False,False,False,True
OP_00371,CLIENT_0074,PERSONNE PHYSIQUE,COMPAGNIE_04,POLICE_00079,11,AUTOMOBILE,MONO AUTO,RENOUVELLEMENT,2024-04-27,2024-07-27,2024-04-27,2024-04-27,2024-04-27,2024-06-03,12600,12200,1300,0,13900,15,1900,0,0,2024,2024-04,37.0,DATE DE PAIEMENT RENSEIGNEE,OK,4,2024Q2,91.0,37.0,False,False,False,True
OP_00372,CLIENT_0115,PERSONNE PHYSIQUE,COMPAGNIE_03,POLICE_00313,0,AUTOMOBILE,MONO AUTO,RENOUVELLEMENT,2024-04-26,2024-07-25,2024-04-27,2024-04-27,2024-04-27,2024-05-19,9100,9100,1400,4500,14900,15,1400,0,0,2024,2024-04,22.0,DATE DE PAIEMENT RENSEIGNEE,OK,4,2024Q2,90.0,22.0,False,False,False,True
OP_00373,CLIENT_0193,PERSONNE PHYSIQUE,COMPAGNIE_04,POLICE_00322,7,AUTOMOBILE,FLOTTE MOTO,INCORPORATION,2024-05-01,2025-04-30,2024-04-27,2024-04-27,2024-04-27,2024-06-08,156700,155400,19100,3300,179100,15,23500,0,0,2024,2024-04,42.0,DATE DE PAIEMENT RENSEIGNEE,OK,4,2024Q2,364.0,42.0,False,False,False,True
OP_00374,CLIENT_0193,PERSONNE PHYSIQUE,COMPAGNIE_04,POLICE_00323,6,AUTOMOBILE,FLOTTE AUTOMOBILE,RENOUVELLEMENT,2024-05-01,2025-04-30,2024-04-27,2024-04-27,2024-04-27,2024-06-08,208500,200400,23600,3100,235200,15,31300,0,0,2024,2024-04,42.0,DATE DE PAIEMENT RENSEIGNEE,OK,4,2024Q2,364.0,42.0,False,False,False,True
OP_00375,CLIENT_0249,PERSONNE PHYSIQUE,COMPAGNIE_05,POLICE_00307,0,AUTOMOBILE,MONO AUTO,AFFAIRE NOUVELLE,2024-04-25,2025-04-24,2024-04-27,2024-04-27,2024-04-27,2024-06-17,78000,55300,8300,4900,91200,15,11700,0,0,2024,2024-04,51.0,DATE DE PAIEMENT RENSEIGNEE,OK,4,2024Q2,364.0,51.0,False,False,False,True
OP_00376,CLIENT_0253,PERSONNE PHYSIQUE,COMPAGNIE_02,POLICE_00311,9,AUTOMOBILE,FLOTTE MOTO,RENOUVELLEMENT,2024-04-27,2024-10-26,2024-04-28,2024-04-28,2024-04-28,2024-05-26,70900,41700,7600,5200,83700,15,10600,0,0,2024,2024-04,28.0,DATE DE PAIEMENT RENSEIGNEE,OK,4,2024Q2,182.0,28.0,False,False,False,True
OP_00377,CLIENT_0259,PERSONNE PHYSIQUE,COMPAGNIE_05,POLICE_00319,0,AUTOMOBILE,MONO AUTO,AFFAIRE NOUVELLE,2024-04-23,2024-07-22,2024-04-28,2024-04-23,2024-04-28,2024-06-11,11700,10400,1400,2600,15800,15,1800,0,0,2024,2024-04,44.0,DATE DE PAIEMENT RENSEIGNEE,OK,4,2024Q2,90.0,44.0,False,False,False,True
OP_00378,CLIENT_0014,PERSONNE PHYSIQUE,COMPAGNIE_03,POLICE_00014,5,AUTOMOBILE,MONO AUTO,RENOUVELLEMENT,2024-04-29,2025-04-28,2024-04-29,2024-04-29,2024-04-29,2024-05-21,56400,55700,6100,4700,67200,15,8500,0,0,2024,2024-04,22.0,DATE DE PAIEMENT RENSEIGNEE,OK,4,2024Q2,364.0,22.0,False,False,False,True
OP_00379,CLIENT_0275,PERSONNE PHYSIQUE,COMPAGNIE_02,POLICE_00336,8,AUTOMOBILE,MONO AUTO,PROROGATION,2024-05-06,2024-11-05,2024-04-29,2024-04-29,2024-04-29,,72400,21200,7200,0,79700,15,10900,0,0,2024,2024-04,,DATE DE PAIEMENT NON RENSEIGNEE,OK,4,2024Q2,183.0,,False,False,False,False
OP_00380,CLIENT_0100,PERSONNE PHYSIQUE,COMPAGNIE_02,POLICE_00296,0,AUTOMOBILE,MONO AUTO,AFFAIRE NOUVELLE,2024-04-30,2025-04-29,2024-04-30,2024-04-30,2024-04-30,2024-06-04,951900,101000,95500,3400,1050800,15,142800,0,0,2024,2024-04,35.0,DATE DE PAIEMENT RENSEIGNEE,OK,4,2024Q2,364.0,35.0,False,False,False,True
OP_00381,CLIENT_0266,PERSONNE PHYSIQUE,COMPAGNIE_01,POLICE_00327,3,AUTOMOBILE,MONO AUTO,AFFAIRE NOUVELLE,2024-05-01,2025-04-30,2024-04-30,2024-04-30,2024-04-30,2024-05-28,108000,53200,11300,4700,124000,15,16200,0,0,2024,2024-04,28.0,DATE DE PAIEMENT RENSEIGNEE,OK,4,2024Q2,364.0,28.0,False,False,False,True
OP_00382,CLIENT_0284,PERSONNE PHYSIQUE,COMPAGNIE_01,POLICE_00346,0,RC CHEF D'ENTREPRISE,RESPONSABILITE,AFFAIRE NOUVELLE,2024-04-30,2025-04-29,2024-04-30,2024-05-02,2024-05-02,2024-05-23,177800,0,21900,5100,204900,17,30200,0,0,2024,2024-04,21.0,DATE DE PAIEMENT RENSEIGNEE,OK,4,2024Q2,364.0,21.0,False,False,False,True
OP_00383,CLIENT_0248,PERSONNE PHYSIQUE,COMPAGNIE_05,POLICE_00306,0,AUTOMOBILE,MONO AUTO,AFFAIRE NOUVELLE,2024-05-01,2024-10-30,2024-05-01,2024-05-01,2024-05-01,2024-06-25,87300,34300,9300,5300,101800,15,13100,0,0,2024,2024-05,55.0,DATE DE PAIEMENT RENSEIGNEE,OK,5,2024Q2,182.0,55.0,False,False,False,True
OP_00384,CLIENT_0250,PERSONNE PHYSIQUE,COMPAGNIE_04,POLICE_00308,4,AUTOMOBILE,FLOTTE MOTO,RENOUVELLEMENT,2024-04-26,2025-04-25,2024-05-01,2024-05-01,2024-05-01,2024-08-04,37000,35600,4000,2600,43600,15,5600,0,0,2024,2024-05,95.0,DATE DE PAIEMENT RENSEIGNEE,OK,5,2024Q2,364.0,95.0,False,False,False,True
OP_00385,CLIENT_0293,PERSONNE PHYSIQUE,COMPAGNIE_06,POLICE_00356,3,AUTOMOBILE,MONO AUTO,RENOUVELLEMENT,2024-05-07,2025-05-06,2024-05-01,2024-05-01,2024-05-01,,489000,68100,49500,5700,544200,15,73400,0,0,2024,2024-05,,DATE DE PAIEMENT NON RENSEIGNEE,OK,5,2024Q2,364.0,,False,False,False,False
OP_00386,CLIENT_0113,PERSONNE PHYSIQUE,COMPAGNIE_01,POLICE_00124,2,AUTOMOBILE,MONO AUTO,RENOUVELLEMENT,2024-05-02,2025-05-01,2024-05-02,2024-05-02,2024-05-06,,111200,51300,0,0,111200,15,16700,0,0,2024,2024-05,,DATE DE PAIEMENT NON RENSEIGNEE,OK,5,2024Q2,364.0,,False,False,False,False
OP_00387,CLIENT_0136,PERSONNE PHYSIQUE,COMPAGNIE_04,POLICE_00362,0,ASSURANCE SANTE,ASSURANCE MALADIE GROUPE,AFFAIRE NOUVELLE,2024-05-02,2025-05-01,2024-05-02,2024-05-02,2024-05-02,,973900,0,0,32600,1006600,10,97400,0,0,2024,2024-05,,DATE DE PAIEMENT NON RENSEIGNEE,OK,5,2024Q2,364.0,,False,False,False,False
OP_00388,CLIENT_0073,PERSONNE PHYSIQUE,COMPAGNIE_01,POLICE_00078,3,AUTOMOBILE,MONO AUTO,PROROGATION,2024-05-02,2024-10-28,2024-05-03,2024-05-03,2024-05-03,2024-05-27,16000,15200,1600,0,17600,15,2400,0,0,2024,2024-05,24.0,DATE DE PAIEMENT RENSEIGNEE,OK,5,2024Q2,179.0,24.0,False,False,False,True
OP_00389,CLIENT_0264,PERSONNE PHYSIQUE,COMPAGNIE_02,POLICE_00325,0,TRAVEL ASSURANCE,0,RENOUVELLEMENT,2024-09-11,2024-11-18,2024-05-03,2024-05-07,2024-05-07,,27800,21500,4000,5600,37300,10,2800,0,0,2024,2024-05,,DATE DE PAIEMENT NON RENSEIGNEE,OK,5,2024Q2,68.0,,False,False,False,False
OP_00390,CLIENT_0265,PERSONNE MORALE,COMPAGNIE_07,POLICE_00326,1,MULTIRISQUE PROFESSIONNELLE,INCENDIE,AFFAIRE NOUVELLE,2024-05-01,2025-04-30,2024-05-03,2024-05-28,2024-05-28,,100,0,0,0,100,1,0,0,0,2024,2024-05,,DATE DE PAIEMENT NON RENSEIGNEE,OK,5,2024Q2,364.0,,False,False,False,False
OP_00391,CLIENT_0296,PERSONNE PHYSIQUE,COMPAGNIE_03,POLICE_00360,1,AUTOMOBILE,MONO AUTO,AFFAIRE NOUVELLE,2024-05-03,2025-05-02,2024-05-03,2024-05-03,2024-05-03,2024-05-30,55600,54800,6000,4900,66500,15,8300,0,0,2024,2024-05,27.0,DATE DE PAIEMENT RENSEIGNEE,OK,5,2024Q2,364.0,27.0,False,False,False,True
OP_00392,CLIENT_0298,PERSONNE PHYSIQUE,COMPAGNIE_01,POLICE_00363,0,RC CHEF D'ENTREPRISE,RESPONSABILITE,AFFAIRE NOUVELLE,2024-05-04,2025-05-03,2024-05-03,2024-05-03,2024-05-03,2024-05-18,105900,0,13300,5300,124500,17,18000,0,0,2024,2024-05,15.0,DATE DE PAIEMENT RENSEIGNEE,OK,5,2024Q2,364.0,15.0,False,False,False,True
OP_00393,CLIENT_0251,PERSONNE PHYSIQUE,COMPAGNIE_03,POLICE_00309,0,AUTOMOBILE,MONO AUTO,AFFAIRE NOUVELLE,2024-05-03,2024-05-02,2024-05-04,2024-05-04,2024-05-04,2024-05-27,38200,37400,4200,3900,46300,15,5700,0,0,2024,2024-05,23.0,DATE DE PAIEMENT RENSEIGNEE,EFFET_APRES_ECHEANCE,5,2024Q2,-1.0,23.0,True,False,False,True
OP_00394,CLIENT_0270,PERSONNE PHYSIQUE,COMPAGNIE_02,POLICE_00331,6,AUTOMOBILE,MONO AUTO,RENOUVELLEMENT,2024-05-01,2025-04-30,2024-05-04,2024-05-04,2024-05-04,,160900,67000,16400,3400,180800,15,24100,0,0,2024,2024-05,,DATE DE PAIEMENT NON RENSEIGNEE,OK,5,2024Q2,364.0,,False,False,False,False
OP_00395,CLIENT_0271,PERSONNE PHYSIQUE,COMPAGNIE_03,POLICE_00332,0,AUTOMOBILE,MONO AUTO,AFFAIRE NOUVELLE,2024-05-01,2024-07-31,2024-05-04,2024-05-04,2024-05-04,2024-06-08,10200,10000,1500,4300,16000,15,1500,0,0,2024,2024-05,35.0,DATE DE PAIEMENT RENSEIGNEE,OK,5,2024Q2,91.0,35.0,False,False,False,True
OP_00396,CLIENT_0260,PERSONNE PHYSIQUE,COMPAGNIE_06,POLICE_00320,2,AUTOMOBILE,MONO AUTO,RENOUVELLEMENT,2024-05-05,2024-05-05,2024-05-05,2024-05-05,2024-05-05,,92100,18800,9200,0,101400,15,13800,0,0,2024,2024-05,,DATE DE PAIEMENT NON RENSEIGNEE,OK,5,2024Q2,0.0,,False,False,False,False
OP_00397,CLIENT_0299,PERSONNE PHYSIQUE,COMPAGNIE_03,POLICE_00364,0,AUTOMOBILE,MONO AUTO,AFFAIRE NOUVELLE,2021-10-22,2022-10-24,2024-05-05,2024-05-05,2024-05-05,,0,0,0,2700,0,15,0,0,0,2024,2024-05,,DATE DE PAIEMENT NON RENSEIGNEE,OK,5,2024Q2,367.0,,False,False,False,False
OP_00398,CLIENT_0050,PERSONNE MORALE,COMPAGNIE_06,POLICE_00050,70,AUTOMOBILE,FLOTTE AUTOMOBILE,INCORPORATION,2024-04-08,2025-01-06,2024-05-06,2024-06-30,2024-05-06,,-26000,24000,-2700,-1000,-29700,0,-3900,0,0,2024,2024-05,,DATE DE PAIEMENT NON RENSEIGNEE,OK,5,2024Q2,273.0,,False,False,True,False
OP_00399,CLIENT_0113,PERSONNE PHYSIQUE,COMPAGNIE_01,POLICE_00124,2,AUTOMOBILE,MONO AUTO,RENOUVELLEMENT,2024-05-02,2025-05-01,2024-05-06,2024-06-14,2024-06-14,2024-07-08,82500,0,0,0,82500,15,12400,0,0,2024,2024-05,24.0,DATE DE PAIEMENT RENSEIGNEE,OK,5,2024Q2,364.0,24.0,False,False,False,True
OP_00400,CLIENT_0254,PERSONNE PHYSIQUE,COMPAGNIE_01,POLICE_00312,4,AUTOMOBILE,FLOTTE MOTO,RENOUVELLEMENT,2024-05-05,2024-11-03,2024-05-06,2024-05-06,2024-05-06,2024-06-13,24700,23800,3000,5600,33300,15,3700,0,0,2024,2024-05,38.0,DATE DE PAIEMENT RENSEIGNEE,OK,5,2024Q2,182.0,38.0,False,False,False,True
OP_00401,CLIENT_0262,PERSONNE PHYSIQUE,COMPAGNIE_05,POLICE_00321,0,AUTOMOBILE,MONO AUTO,AFFAIRE NOUVELLE,2024-05-07,2025-05-06,2024-05-07,2024-05-07,2024-05-07,2024-06-17,102900,43000,10800,4900,118600,15,15400,0,0,2024,2024-05,41.0,DATE DE PAIEMENT RENSEIGNEE,OK,5,2024Q2,364.0,41.0,False,False,False,True
OP_00402,CLIENT_0285,PERSONNE PHYSIQUE,COMPAGNIE_01,POLICE_00348,5,AUTOMOBILE,MONO AUTO,RENOUVELLEMENT,2024-05-07,2024-05-07,2024-05-07,2024-05-07,2024-05-07,2024-05-30,24300,22500,3000,5500,32800,15,3700,0,0,2024,2024-05,23.0,DATE DE PAIEMENT RENSEIGNEE,OK,5,2024Q2,0.0,23.0,False,False,False,True
OP_00403,CLIENT_0291,PERSONNE MORALE,COMPAGNIE_04,POLICE_00354,0,MULTIRISQUE PROFESSIONNELLE,0,AFFAIRE NOUVELLE,2024-04-30,2025-04-29,2024-05-07,2024-05-07,2024-05-11,2024-06-07,207600,0,37100,5500,250300,17,35300,0,0,2024,2024-05,27.0,DATE DE PAIEMENT RENSEIGNEE,OK,5,2024Q2,364.0,27.0,False,False,False,True
OP_00404,CLIENT_0201,PERSONNE PHYSIQUE,COMPAGNIE_02,POLICE_00359,2,AUTOMOBILE,MONO AUTO,RENOUVELLEMENT,2024-05-27,2025-05-26,2024-05-08,2024-05-11,2024-05-11,,258200,67400,26200,3400,287800,15,38700,0,0,2024,2024-05,,DATE DE PAIEMENT NON RENSEIGNEE,OK,5,2024Q2,364.0,,False,False,False,False
OP_00405,CLIENT_0263,PERSONNE PHYSIQUE,COMPAGNIE_02,POLICE_00324,5,AUTOMOBILE,MONO AUTO,RENOUVELLEMENT,2024-05-12,2025-05-11,2024-05-08,2024-05-08,2024-05-08,,215300,62800,21900,3300,240500,15,32300,0,0,2024,2024-05,,DATE DE PAIEMENT NON RENSEIGNEE,OK,5,2024Q2,364.0,,False,False,False,False
OP_00406,CLIENT_0268,PERSONNE PHYSIQUE,COMPAGNIE_07,POLICE_00375,0,ASSURANCE VIE,0,AFFAIRE NOUVELLE,2023-05-11,2050-05-10,2024-05-08,2024-05-08,2024-05-08,2024-05-20,15000,0,0,3500,18500,25,3700,0,0,2024,2024-05,12.0,DATE DE PAIEMENT RENSEIGNEE,OK,5,2024Q2,9861.0,12.0,False,False,False,True
OP_00407,CLIENT_0268,PERSONNE PHYSIQUE,COMPAGNIE_07,POLICE_00376,0,ASSURANCE RENTE EDUCATION,0,AFFAIRE NOUVELLE,2023-05-15,2043-05-14,2024-05-08,2024-05-08,2024-05-08,2024-05-20,16200,0,0,3800,19900,25,4000,0,0,2024,2024-05,12.0,DATE DE PAIEMENT RENSEIGNEE,OK,5,2024Q2,7304.0,12.0,False,False,False,True
OP_00408,CLIENT_0281,PERSONNE PHYSIQUE,COMPAGNIE_04,POLICE_00342,0,AUTOMOBILE,MONO AUTO,AFFAIRE NOUVELLE,2023-07-01,2024-06-30,2024-05-08,2024-05-08,2024-05-23,,0,0,0,0,0,15,0,0,0,2024,2024-05,,DATE DE PAIEMENT NON RENSEIGNEE,OK,5,2024Q2,365.0,,False,False,False,False
OP_00409,CLIENT_0292,PERSONNE PHYSIQUE,COMPAGNIE_04,POLICE_00355,5,AUTOMOBILE,MONO AUTO,RENOUVELLEMENT,2024-05-08,2025-05-07,2024-05-08,2024-05-08,2024-05-08,2024-06-07,327100,52400,32800,1100,361100,15,49100,0,0,2024,2024-05,30.0,DATE DE PAIEMENT RENSEIGNEE,OK,5,2024Q2,364.0,30.0,False,False,False,True
OP_00410,CLIENT_0289,PERSONNE MORALE,COMPAGNIE_07,POLICE_00352,0,ASSURANCE SANTE,ASSURANCE MALADIE GROUPE,AFFAIRE NOUVELLE,2024-04-27,2025-04-26,2024-05-09,2024-05-24,2024-05-24,2024-07-13,7799600,0,0,80600,7880200,17,780000,0,0,2024,2024-05,50.0,DATE DE PAIEMENT RENSEIGNEE,OK,5,2024Q2,364.0,50.0,False,False,False,True
OP_00411,CLIENT_0302,PERSONNE MORALE,COMPAGNIE_01,POLICE_00367,0,MULTIRISQUE PROFESSIONNELLE,INCENDIE,AFFAIRE NOUVELLE,2024-05-09,2025-05-08,2024-05-09,2024-05-15,2024-05-15,2024-08-06,62100,0,11800,4600,78400,20,12400,0,0,2024,2024-05,83.0,DATE DE PAIEMENT RENSEIGNEE,OK,5,2024Q2,364.0,83.0,False,False,False,True
OP_00412,CLIENT_0302,PERSONNE MORALE,COMPAGNIE_01,POLICE_00368,0,RC CHEF D'ENTREPRISE,RESPONSABILITE,AFFAIRE NOUVELLE,2024-05-09,2025-05-08,2024-05-09,2024-05-15,2024-05-15,2024-08-06,92800,0,11700,4600,109200,17,15800,0,0,2024,2024-05,83.0,DATE DE PAIEMENT RENSEIGNEE,OK,5,2024Q2,364.0,83.0,False,False,False,True
OP_00413,CLIENT_0304,PERSONNE PHYSIQUE,COMPAGNIE_03,POLICE_00370,4,AUTOMOBILE,MONO AUTO,RENOUVELLEMENT,2023-11-11,2024-05-10,2024-05-09,2023-11-09,2024-05-09,2024-11-07,0,30100,0,3500,0,15,0,0,0,2024,2024-05,182.0,DATE DE PAIEMENT RENSEIGNEE,OK,5,2024Q2,181.0,182.0,False,False,False,True
OP_00414,CLIENT_0304,PERSONNE PHYSIQUE,COMPAGNIE_03,POLICE_00370,5,AUTOMOBILE,MONO AUTO,RENOUVELLEMENT,2024-05-11,2024-11-10,2024-05-09,2024-05-09,2024-05-09,,29700,29300,3100,1000,33800,15,4500,0,0,2024,2024-05,,DATE DE PAIEMENT NON RENSEIGNEE,OK,5,2024Q2,183.0,,False,False,False,False
OP_00415,CLIENT_0157,PERSONNE MORALE,COMPAGNIE_07,POLICE_00393,0,TOUS RISQUES CHANTIER,DOMMAGES AUX BIENS,AFFAIRE NOUVELLE,2024-05-18,2025-03-17,2024-05-10,2024-06-05,2024-06-05,2024-07-03,2368700,0,285500,10800,2665000,15,355300,0,0,2024,2024-05,28.0,DATE DE PAIEMENT RENSEIGNEE,OK,5,2024Q2,303.0,28.0,False,False,False,True
OP_00416,CLIENT_0157,PERSONNE MORALE,COMPAGNIE_07,POLICE_00394,0,INDIVIDUELLE ACCIDENTS,0,AFFAIRE NOUVELLE,2024-05-18,2025-03-17,2024-05-10,2024-06-05,2024-06-05,2024-07-03,569700,0,69000,5500,644200,20,113900,0,0,2024,2024-05,28.0,DATE DE PAIEMENT RENSEIGNEE,OK,5,2024Q2,303.0,28.0,False,False,False,True
OP_00417,CLIENT_0297,PERSONNE PHYSIQUE,COMPAGNIE_03,POLICE_00361,5,AUTOMOBILE,MONO AUTO,RENOUVELLEMENT,2024-05-10,2024-11-09,2024-05-10,2024-05-10,2024-05-10,2024-06-06,20700,19900,2200,900,23700,15,3100,0,0,2024,2024-05,27.0,DATE DE PAIEMENT RENSEIGNEE,OK,5,2024Q2,183.0,27.0,False,False,False,True
OP_00418,CLIENT_0305,PERSONNE PHYSIQUE,COMPAGNIE_04,POLICE_00371,7,AUTOMOBILE,MONO AUTO,RENOUVELLEMENT,2024-05-10,2024-11-09,2024-05-10,2024-05-10,2024-05-10,2024-06-05,18300,17600,2200,4100,24600,15,2700,0,0,2024,2024-05,26.0,DATE DE PAIEMENT RENSEIGNEE,OK,5,2024Q2,183.0,26.0,False,False,False,True
OP_00419,CLIENT_0137,PERSONNE PHYSIQUE,COMPAGNIE_04,POLICE_00381,11,AUTOMOBILE,MONO AUTO,RENOUVELLEMENT,2024-05-12,2024-08-11,2024-05-11,2024-05-13,2024-05-13,2024-06-02,13200,12800,1600,3100,17900,15,2000,0,0,2024,2024-05,20.0,DATE DE PAIEMENT RENSEIGNEE,OK,5,2024Q2,91.0,20.0,False,False,False,True
OP_00420,CLIENT_0274,PERSONNE PHYSIQUE,COMPAGNIE_05,POLICE_00335,0,AUTOMOBILE,MONO AUTO,AFFAIRE NOUVELLE,2024-05-09,2025-05-08,2024-05-12,2024-05-12,2024-05-12,2024-06-18,60600,54400,6500,4800,72000,15,9100,0,0,2024,2024-05,37.0,DATE DE PAIEMENT RENSEIGNEE,OK,5,2024Q2,364.0,37.0,False,False,False,True
OP_00421,CLIENT_0276,PERSONNE PHYSIQUE,COMPAGNIE_03,POLICE_00337,0,AUTOMOBILE,MONO AUTO,AFFAIRE NOUVELLE,2024-05-12,2024-08-11,2024-05-12,2024-05-12,2024-05-12,2024-06-16,12600,12400,1800,5400,19700,15,1900,0,0,2024,2024-05,35.0,DATE DE PAIEMENT RENSEIGNEE,OK,5,2024Q2,91.0,35.0,False,False,False,True
OP_00422,CLIENT_0303,PERSONNE PHYSIQUE,COMPAGNIE_03,POLICE_00369,0,AUTOMOBILE,MONO AUTO,AFFAIRE NOUVELLE,2021-11-01,2022-10-31,2024-05-12,2024-05-12,2024-05-12,2024-05-12,0,46000,0,-5000,0,15,0,0,0,2024,2024-05,0.0,DATE DE PAIEMENT RENSEIGNEE,OK,5,2024Q2,364.0,0.0,False,False,False,True
OP_00423,CLIENT_0309,PERSONNE PHYSIQUE,COMPAGNIE_02,POLICE_00385,5,AUTOMOBILE,MONO AUTO,RENOUVELLEMENT,2024-05-14,2025-05-13,2024-05-12,2024-05-13,2024-05-13,,167500,57800,17100,3100,187700,15,25100,0,0,2024,2024-05,,DATE DE PAIEMENT NON RENSEIGNEE,OK,5,2024Q2,364.0,,False,False,False,False
OP_00424,CLIENT_0050,PERSONNE MORALE,COMPAGNIE_06,POLICE_00343,76,AUTOMOBILE,MONO AUTO,INCORPORATION,2024-05-13,2025-01-06,2024-05-13,2024-05-13,2024-05-13,,31700,29600,3300,1100,36000,15,4700,0,0,2024,2024-05,,DATE DE PAIEMENT NON RENSEIGNEE,OK,5,2024Q2,238.0,,False,False,False,False
OP_00425,CLIENT_0272,PERSONNE PHYSIQUE,COMPAGNIE_03,POLICE_00333,0,AUTOMOBILE,MONO AUTO,AFFAIRE NOUVELLE,2024-05-09,2025-05-08,2024-05-13,2024-05-13,2024-05-13,2024-06-17,120100,48500,12400,4300,136900,15,18000,0,0,2024,2024-05,35.0,DATE DE PAIEMENT RENSEIGNEE,OK,5,2024Q2,364.0,35.0,False,False,False,True
OP_00426,CLIENT_0277,PERSONNE PHYSIQUE,COMPAGNIE_05,POLICE_00338,5,AUTOMOBILE,MONO AUTO,RENOUVELLEMENT,2024-04-11,2024-10-10,2024-05-13,2024-04-11,2024-05-13,2024-07-26,67900,26200,6800,0,74700,15,10200,0,0,2024,2024-05,74.0,DATE DE PAIEMENT RENSEIGNEE,OK,5,2024Q2,182.0,74.0,False,False,False,True
OP_00427,CLIENT_0312,PERSONNE PHYSIQUE,COMPAGNIE_01,POLICE_00389,2,AUTOMOBILE,MONO AUTO,RENOUVELLEMENT,2024-05-10,2024-08-09,2024-05-13,2024-06-24,2024-06-24,2024-08-03,44100,43300,5300,0,49300,15,6600,0,0,2024,2024-05,40.0,DATE DE PAIEMENT RENSEIGNEE,OK,5,2024Q2,91.0,40.0,False,False,False,True
OP_00428,CLIENT_0190,PERSONNE MORALE,COMPAGNIE_01,POLICE_00386,2,ASSURANCE SANTE,ASSURANCE MALADIE GROUPE,INCORPORATION,2024-04-28,2025-03-26,2024-05-14,2024-05-14,2024-05-14,,220200,0,0,4300,224500,17,37400,0,0,2024,2024-05,,DATE DE PAIEMENT NON RENSEIGNEE,OK,5,2024Q2,332.0,,False,False,False,False
OP_00429,CLIENT_0261,PERSONNE PHYSIQUE,COMPAGNIE_02,POLICE_00259,0,TRAVEL ASSURANCE,0,AFFAIRE NOUVELLE,2024-04-29,2024-06-14,2024-05-14,2024-05-13,2024-05-14,2024-06-04,23400,0,3400,5300,32100,10,2300,0,0,2024,2024-05,21.0,DATE DE PAIEMENT RENSEIGNEE,OK,5,2024Q2,46.0,21.0,False,False,False,True
OP_00430,CLIENT_0282,PERSONNE PHYSIQUE,COMPAGNIE_04,POLICE_00344,0,AUTOMOBILE,MONO AUTO,AFFAIRE NOUVELLE,2024-05-14,2025-05-13,2024-05-14,2024-05-14,2024-05-14,2024-06-19,61200,59500,6400,3200,70700,15,9200,0,0,2024,2024-05,36.0,DATE DE PAIEMENT RENSEIGNEE,OK,5,2024Q2,364.0,36.0,False,False,False,True
OP_00431,CLIENT_0288,PERSONNE PHYSIQUE,COMPAGNIE_02,POLICE_00351,6,AUTOMOBILE,MONO AUTO,RENOUVELLEMENT,2024-05-14,2024-05-14,2024-05-14,2024-05-14,2024-05-14,,61200,27600,6400,2700,70400,15,9200,0,0,2024,2024-05,,DATE DE PAIEMENT NON RENSEIGNEE,OK,5,2024Q2,0.0,,False,False,False,False
OP_00432,CLIENT_0320,PERSONNE MORALE,COMPAGNIE_02,POLICE_00400,0,MULTIRISQUE PROFESSIONNELLE,INCENDIE,AFFAIRE NOUVELLE,,,2024-05-14,2024-05-14,2024-05-14,2024-05-08,289100,0,0,0,289100,20,57800,0,0,2024,2024-05,-6.0,DATE DE PAIEMENT RENSEIGNEE,PAIEMENT_AVANT_ENCAISSEMENT,5,2024Q2,,-6.0,False,True,False,False
OP_00433,CLIENT_0043,PERSONNE MORALE,COMPAGNIE_03,POLICE_00043,83,ASSURANCE SANTE,ASSURANCE MALADIE GROUPE,INCORPORATION,2023-09-19,2024-01-24,2024-05-15,2024-05-15,2024-05-15,2024-05-23,499500,0,0,0,539000,10,49900,0,0,2024,2024-05,8.0,DATE DE PAIEMENT RENSEIGNEE,OK,5,2024Q2,127.0,8.0,False,False,False,True
OP_00434,CLIENT_0043,PERSONNE MORALE,COMPAGNIE_03,POLICE_00043,85,ASSURANCE SANTE,ASSURANCE MALADIE GROUPE,INCORPORATION,2023-10-10,2024-01-24,2024-05-15,2024-05-15,2024-05-15,2024-05-23,328900,0,0,0,357400,10,32900,0,0,2024,2024-05,8.0,DATE DE PAIEMENT RENSEIGNEE,OK,5,2024Q2,106.0,8.0,False,False,False,True
OP_00435,CLIENT_0043,PERSONNE MORALE,COMPAGNIE_03,POLICE_00043,86,ASSURANCE SANTE,ASSURANCE MALADIE GROUPE,INCORPORATION,2023-10-10,2024-01-24,2024-05-15,2024-05-15,2024-05-15,2024-05-23,108500,0,0,0,108500,10,10900,0,0,2024,2024-05,8.0,DATE DE PAIEMENT RENSEIGNEE,OK,5,2024Q2,106.0,8.0,False,False,False,True
OP_00436,CLIENT_0043,PERSONNE MORALE,COMPAGNIE_03,POLICE_00043,87,ASSURANCE SANTE,ASSURANCE MALADIE GROUPE,INCORPORATION,2023-10-17,2024-01-24,2024-05-15,2024-05-15,2024-05-15,2024-05-23,48500,0,0,0,48500,10,4900,0,0,2024,2024-05,8.0,DATE DE PAIEMENT RENSEIGNEE,OK,5,2024Q2,99.0,8.0,False,False,False,True
OP_00437,CLIENT_0043,PERSONNE MORALE,COMPAGNIE_03,POLICE_00377,3,AUTOMOBILE,FLOTTE AUTOMOBILE,AFFAIRE NOUVELLE,2023-07-26,2023-11-08,2024-05-15,2024-05-15,2024-05-15,2024-05-23,34200,0,0,0,42100,15,5100,0,0,2024,2024-05,8.0,DATE DE PAIEMENT RENSEIGNEE,OK,5,2024Q2,105.0,8.0,False,False,False,True
OP_00438,CLIENT_0043,PERSONNE MORALE,COMPAGNIE_07,POLICE_00382,9,ASSURANCES TRANSPORTS,MARITIME,RENOUVELLEMENT,2022-12-10,2023-12-24,2024-05-15,2024-08-16,2024-08-16,2024-08-16,100,0,0,0,100,1,100,0,0,2024,2024-05,0.0,DATE DE PAIEMENT RENSEIGNEE,OK,5,2024Q2,379.0,0.0,False,False,False,True
OP_00439,CLIENT_0043,PERSONNE MORALE,COMPAGNIE_07,POLICE_00382,11,ASSURANCES TRANSPORTS,MARITIME,AFFAIRE NOUVELLE,2023-12-19,2024-12-24,2024-05-15,2024-11-14,2024-11-14,2024-11-14,5287800,0,632400,72100,5992200,15,793200,0,0,2024,2024-05,0.0,DATE DE PAIEMENT RENSEIGNEE,OK,5,2024Q2,371.0,0.0,False,False,False,True
OP_00440,CLIENT_0043,PERSONNE MORALE,COMPAGNIE_07,POLICE_00383,4,AUTOMOBILE,FLOTTE AUTOMOBILE,RENOUVELLEMENT,2024-03-28,2025-03-27,2024-05-15,2024-11-14,2024-11-14,2024-11-14,1092500,0,110200,9700,1212500,15,163900,0,0,2024,2024-05,0.0,DATE DE PAIEMENT RENSEIGNEE,OK,5,2024Q2,364.0,0.0,False,False,False,True
OP_00441,CLIENT_0043,PERSONNE MORALE,COMPAGNIE_07,POLICE_00383,4,AUTOMOBILE,FLOTTE AUTOMOBILE,INCORPORATION,2024-03-28,2025-03-27,2024-05-15,2024-11-14,2024-11-14,2024-11-14,1002000,0,101200,10400,1113600,15,150300,0,0,2024,2024-05,0.0,DATE DE PAIEMENT RENSEIGNEE,OK,5,2024Q2,364.0,0.0,False,False,False,True
OP_00442,CLIENT_0043,PERSONNE MORALE,COMPAGNIE_07,POLICE_00383,4,AUTOMOBILE,FLOTTE AUTOMOBILE,INCORPORATION,2024-03-28,2025-03-27,2024-05-15,2024-11-14,2024-11-14,2024-11-14,2032100,0,203900,9700,2245700,15,304800,0,0,2024,2024-05,0.0,DATE DE PAIEMENT RENSEIGNEE,OK,5,2024Q2,364.0,0.0,False,False,False,True
OP_00443,CLIENT_0043,PERSONNE MORALE,COMPAGNIE_07,POLICE_00384,1,AUTOMOBILE,FLOTTE AUTOMOBILE,RENOUVELLEMENT,2023-03-30,2024-03-27,2024-05-15,2024-08-16,2024-08-16,2024-11-14,315200,0,0,4500,319700,15,47300,0,0,2024,2024-05,90.0,DATE DE PAIEMENT RENSEIGNEE,OK,5,2024Q2,363.0,90.0,False,False,False,True
OP_00444,CLIENT_0269,PERSONNE PHYSIQUE,COMPAGNIE_03,POLICE_00330,1,AUTOMOBILE,MONO AUTO,RENOUVELLEMENT,2024-05-09,2024-11-07,2024-05-15,2024-05-15,2024-05-15,2024-05-25,26200,25800,2900,2800,31900,15,3900,0,0,2024,2024-05,10.0,DATE DE PAIEMENT RENSEIGNEE,OK,5,2024Q2,182.0,10.0,False,False,False,True
OP_00445,CLIENT_0279,PERSONNE PHYSIQUE,COMPAGNIE_08,POLICE_00340,0,RETRAITE COMPLEMENTAIRE,ASSURANCE DE PERSONNES,AFFAIRE NOUVELLE,2024-05-15,2032-05-14,2024-05-15,2024-05-15,2024-05-15,2024-09-07,5500,0,0,5500,11000,10,600,0,0,2024,2024-05,115.0,DATE DE PAIEMENT RENSEIGNEE,OK,5,2024Q2,2921.0,115.0,False,False,False,True
OP_00446,CLIENT_0290,PERSONNE PHYSIQUE,COMPAGNIE_02,POLICE_00353,4,AUTOMOBILE,MONO AUTO,PROROGATION,2024-05-17,2024-11-16,2024-05-15,2024-05-15,2024-05-15,,51300,23800,5100,0,56400,15,7700,0,0,2024,2024-05,,DATE DE PAIEMENT NON RENSEIGNEE,OK,5,2024Q2,183.0,,False,False,False,False
OP_00447,CLIENT_0321,PERSONNE PHYSIQUE,COMPAGNIE_02,POLICE_00401,0,AUTOMOBILE,MONO AUTO,AFFAIRE NOUVELLE,,,2024-05-15,2024-05-15,2024-05-15,2024-05-09,0,0,0,0,0,15,100,0,0,2024,2024-05,-6.0,DATE DE PAIEMENT RENSEIGNEE,PAIEMENT_AVANT_ENCAISSEMENT,5,2024Q2,,-6.0,False,True,False,False
OP_00448,CLIENT_0103,PERSONNE PHYSIQUE,COMPAGNIE_02,POLICE_00411,0,TRAVEL ASSURANCE,0,AFFAIRE NOUVELLE,,,2024-05-16,2024-05-16,2024-05-16,2024-05-09,0,0,0,0,0,0,0,0,0,2024,2024-05,-7.0,DATE DE PAIEMENT RENSEIGNEE,PAIEMENT_AVANT_ENCAISSEMENT,5,2024Q2,,-7.0,False,True,False,False
OP_00449,CLIENT_0286,PERSONNE MORALE,COMPAGNIE_04,POLICE_00349,20,ASSURANCE SANTE,ASSURANCE MALADIE GROUPE,INCORPORATION,2024-05-06,2024-11-27,2024-05-16,2024-05-16,2024-05-23,,126300,0,0,6800,133100,10,12600,0,0,2024,2024-05,,DATE DE PAIEMENT NON RENSEIGNEE,OK,5,2024Q2,205.0,,False,False,False,False
OP_00450,CLIENT_0329,PERSONNE PHYSIQUE,COMPAGNIE_02,POLICE_00415,0,ASSURANCE SANTE,ASSURANCE MALADIE GROUPE,AFFAIRE NOUVELLE,,,2024-05-16,2024-05-16,2024-05-16,2024-05-09,0,0,0,0,0,0,0,0,0,2024,2024-05,-7.0,DATE DE PAIEMENT RENSEIGNEE,PAIEMENT_AVANT_ENCAISSEMENT,5,2024Q2,,-7.0,False,True,False,False
OP_00451,CLIENT_0015,PERSONNE PHYSIQUE,COMPAGNIE_01,POLICE_00015,4,AUTOMOBILE,MONO AUTO,PROROGATION,2024-07-14,2025-01-13,2024-05-17,2024-05-17,2024-05-17,,68100,22200,6800,0,74900,15,10200,0,0,2024,2024-05,,DATE DE PAIEMENT NON RENSEIGNEE,OK,5,2024Q2,183.0,,False,False,False,False
OP_00452,CLIENT_0267,PERSONNE PHYSIQUE,COMPAGNIE_01,POLICE_00328,5,AUTOMOBILE,MONO AUTO,RENOUVELLEMENT,2024-05-17,2024-08-16,2024-05-17,2024-05-17,2024-05-17,,106800,30500,11100,4600,122600,15,16000,0,0,2024,2024-05,,DATE DE PAIEMENT NON RENSEIGNEE,OK,5,2024Q2,91.0,,False,False,False,False
OP_00453,CLIENT_0278,PERSONNE MORALE,COMPAGNIE_01,POLICE_00339,1,AUTOMOBILE,MONO AUTO,AFFAIRE NOUVELLE,2024-05-17,2025-05-16,2024-05-17,2024-05-17,2024-05-17,2024-06-11,44900,43800,5000,5500,55500,15,6700,0,0,2024,2024-05,25.0,DATE DE PAIEMENT RENSEIGNEE,OK,5,2024Q2,364.0,25.0,False,False,False,True
OP_00454,CLIENT_0287,PERSONNE PHYSIQUE,COMPAGNIE_03,POLICE_00350,0,AUTOMOBILE,MONO AUTO,AFFAIRE NOUVELLE,2024-05-17,2024-05-17,2024-05-17,2024-05-17,2024-05-17,2024-06-17,15000,14800,2000,4900,21900,15,2300,0,0,2024,2024-05,31.0,DATE DE PAIEMENT RENSEIGNEE,OK,5,2024Q2,0.0,31.0,False,False,False,True
OP_00455,CLIENT_0307,PERSONNE PHYSIQUE,COMPAGNIE_07,POLICE_00374,0,ASSURANCE RENTE EDUCATION,0,AFFAIRE NOUVELLE,2022-09-25,2047-09-24,2024-05-17,2024-05-17,2024-05-17,2024-06-19,8600,0,0,3000,11600,24,2100,0,0,2024,2024-05,33.0,DATE DE PAIEMENT RENSEIGNEE,OK,5,2024Q2,9130.0,33.0,False,False,False,True
OP_00456,CLIENT_0331,PERSONNE PHYSIQUE,COMPAGNIE_02,POLICE_00420,0,TRAVEL ASSURANCE,0,AFFAIRE NOUVELLE,2024-07-20,2024-08-19,2024-05-17,2024-05-16,2024-05-17,,16500,0,2700,5700,24900,10,1700,0,0,2024,2024-05,,DATE DE PAIEMENT NON RENSEIGNEE,OK,5,2024Q2,30.0,,False,False,False,False
OP_00457,CLIENT_0310,PERSONNE PHYSIQUE,COMPAGNIE_02,POLICE_00387,5,AUTOMOBILE,MONO AUTO,PROROGATION,2024-05-27,2024-11-25,2024-05-18,2024-06-14,2024-06-14,,43600,40800,5400,1100,50000,15,6500,0,0,2024,2024-05,,DATE DE PAIEMENT NON RENSEIGNEE,OK,5,2024Q2,182.0,,False,False,False,False
OP_00458,CLIENT_0315,PERSONNE PHYSIQUE,COMPAGNIE_02,POLICE_00392,7,AUTOMOBILE,MONO AUTO,RENOUVELLEMENT,2024-05-17,2024-11-16,2024-05-18,2024-05-18,2024-05-18,,111000,30800,11400,3200,125600,15,16700,0,0,2024,2024-05,,DATE DE PAIEMENT NON RENSEIGNEE,OK,5,2024Q2,183.0,,False,False,False,False
OP_00459,CLIENT_0075,PERSONNE PHYSIQUE,COMPAGNIE_01,POLICE_00432,0,AUTOMOBILE,MONO AUTO,AFFAIRE NOUVELLE,2023-12-30,2024-12-07,2024-05-19,2024-05-19,2024-06-06,,0,0,0,0,0,15,0,0,0,2024,2024-05,,DATE DE PAIEMENT NON RENSEIGNEE,OK,5,2024Q2,343.0,,False,False,False,False
OP_00460,CLIENT_0283,PERSONNE PHYSIQUE,COMPAGNIE_01,POLICE_00345,4,AUTOMOBILE,MONO AUTO,PROROGATION,2024-05-19,2024-11-14,2024-05-19,2024-05-19,2024-05-19,2024-06-11,22600,22300,2300,0,24900,15,3400,0,0,2024,2024-05,23.0,DATE DE PAIEMENT RENSEIGNEE,OK,5,2024Q2,179.0,23.0,False,False,False,True
OP_00461,CLIENT_0333,PERSONNE PHYSIQUE,COMPAGNIE_02,POLICE_00422,0,TRAVEL ASSURANCE,0,AFFAIRE NOUVELLE,2024-07-22,2024-08-20,2024-05-19,2024-05-18,2024-05-19,,19400,0,2900,4900,27200,10,1900,0,0,2024,2024-05,,DATE DE PAIEMENT NON RENSEIGNEE,OK,5,2024Q2,29.0,,False,False,False,False
OP_00462,CLIENT_0333,PERSONNE PHYSIQUE,COMPAGNIE_02,POLICE_00423,1,TRAVEL ASSURANCE,0,MODIFICATION,2024-07-22,2024-08-21,2024-05-19,2024-05-19,2024-05-19,,41400,0,5000,0,46400,10,4100,0,0,2024,2024-05,,DATE DE PAIEMENT NON RENSEIGNEE,OK,5,2024Q2,30.0,,False,False,False,False
OP_00463,CLIENT_0043,PERSONNE MORALE,COMPAGNIE_03,POLICE_00043,75,ASSURANCE SANTE,ASSURANCE MALADIE GROUPE,INCORPORATION,2023-06-23,2024-01-24,2024-05-20,2024-05-20,2024-05-20,2024-05-22,205000,0,0,0,205000,10,20500,0,0,2024,2024-05,2.0,DATE DE PAIEMENT RENSEIGNEE,OK,5,2024Q2,215.0,2.0,False,False,False,True
OP_00464,CLIENT_0043,PERSONNE MORALE,COMPAGNIE_03,POLICE_00043,82,ASSURANCE SANTE,ASSURANCE MALADIE GROUPE,INCORPORATION,2023-09-06,2024-01-24,2024-05-20,2024-05-20,2024-05-20,2024-05-22,400400,0,0,0,400400,10,40000,0,0,2024,2024-05,2.0,DATE DE PAIEMENT RENSEIGNEE,OK,5,2024Q2,140.0,2.0,False,False,False,True
OP_00465,CLIENT_0043,PERSONNE MORALE,COMPAGNIE_03,POLICE_00043,89,ASSURANCE SANTE,ASSURANCE MALADIE GROUPE,INCORPORATION,2023-11-21,2024-01-24,2024-05-20,2024-05-20,2024-05-20,2024-05-22,417400,0,0,0,417400,10,41700,0,0,2024,2024-05,2.0,DATE DE PAIEMENT RENSEIGNEE,OK,5,2024Q2,64.0,2.0,False,False,False,True
OP_00466,CLIENT_0043,PERSONNE MORALE,COMPAGNIE_03,POLICE_00043,92,ASSURANCE SANTE,ASSURANCE MALADIE GROUPE,INCORPORATION,2023-11-13,2024-01-24,2024-05-20,2024-05-20,2024-05-20,2024-05-22,138700,0,0,0,158000,10,15800,0,0,2024,2024-05,2.0,DATE DE PAIEMENT RENSEIGNEE,OK,5,2024Q2,72.0,2.0,False,False,False,True
OP_00467,CLIENT_0043,PERSONNE MORALE,COMPAGNIE_03,POLICE_00294,1,AUTOMOBILE,FLOTTE MOTO,INCORPORATION,2023-08-10,2023-11-08,2024-05-20,2024-05-20,2024-05-20,,4500,0,0,0,4500,15,700,0,0,2024,2024-05,,DATE DE PAIEMENT NON RENSEIGNEE,OK,5,2024Q2,90.0,,False,False,False,False
OP_00468,CLIENT_0043,PERSONNE MORALE,COMPAGNIE_03,POLICE_00294,2,AUTOMOBILE,FLOTTE MOTO,RENOUVELLEMENT,2023-12-05,2024-12-04,2024-05-20,2024-05-20,2024-05-20,2024-05-22,2332700,0,0,0,2610300,15,391500,0,0,2024,2024-05,2.0,DATE DE PAIEMENT RENSEIGNEE,OK,5,2024Q2,365.0,2.0,False,False,False,True
OP_00469,CLIENT_0043,PERSONNE MORALE,COMPAGNIE_03,POLICE_00377,1,AUTOMOBILE,FLOTTE AUTOMOBILE,AFFAIRE NOUVELLE,2023-05-03,2023-11-08,2024-05-20,2024-05-20,2024-05-20,,54100,0,0,0,54100,15,8100,0,0,2024,2024-05,,DATE DE PAIEMENT NON RENSEIGNEE,OK,5,2024Q2,189.0,,False,False,False,False
OP_00470,CLIENT_0073,PERSONNE PHYSIQUE,COMPAGNIE_01,POLICE_00395,1,TRAVEL ASSURANCE,0,AFFAIRE NOUVELLE,2024-06-17,2024-07-01,2024-05-20,2024-06-03,2024-06-14,,12000,0,1700,2000,15800,15,1800,0,0,2024,2024-05,,DATE DE PAIEMENT NON RENSEIGNEE,OK,5,2024Q2,14.0,,False,False,False,False
OP_00471,CLIENT_0273,PERSONNE PHYSIQUE,COMPAGNIE_01,POLICE_00334,4,AUTOMOBILE,MONO AUTO,RENOUVELLEMENT,2024-05-17,2024-11-16,2024-05-20,2024-05-20,2024-05-20,2024-06-14,35700,34200,4800,4500,45000,15,5300,0,0,2024,2024-05,25.0,DATE DE PAIEMENT RENSEIGNEE,OK,5,2024Q2,183.0,25.0,False,False,False,True
OP_00472,CLIENT_0328,PERSONNE MORALE,COMPAGNIE_02,POLICE_00413,0,RC SCOLAIRE,RESPONSABILITE,AFFAIRE NOUVELLE,,,2024-05-20,2024-05-20,2024-05-20,2024-05-13,0,0,0,0,0,0,0,0,0,2024,2024-05,-7.0,DATE DE PAIEMENT RENSEIGNEE,PAIEMENT_AVANT_ENCAISSEMENT,5,2024Q2,,-7.0,False,True,False,False
OP_00473,CLIENT_0341,PERSONNE PHYSIQUE,COMPAGNIE_03,POLICE_00437,0,AUTOMOBILE,MONO AUTO,AFFAIRE NOUVELLE,2024-05-20,2024-08-19,2024-05-20,2024-05-20,2024-05-20,2024-08-28,10800,10600,1600,5200,17600,15,1600,0,0,2024,2024-05,100.0,DATE DE PAIEMENT RENSEIGNEE,OK,5,2024Q2,91.0,100.0,False,False,False,True
OP_00474,CLIENT_0043,PERSONNE MORALE,COMPAGNIE_03,POLICE_00043,109,ASSURANCE SANTE,ASSURANCE MALADIE GROUPE,INCORPORATION,2024-02-23,2025-01-24,2024-05-21,2024-10-16,2024-10-16,,1077300,0,0,28400,1105700,10,107700,0,0,2024,2024-05,,DATE DE PAIEMENT NON RENSEIGNEE,OK,5,2024Q2,336.0,,False,False,False,False
OP_00475,CLIENT_0043,PERSONNE MORALE,COMPAGNIE_03,POLICE_00043,118,ASSURANCE SANTE,ASSURANCE MALADIE GROUPE,INCORPORATION,2024-05-13,2025-01-24,2024-05-21,2024-05-22,2024-05-22,2024-05-22,-319400,0,0,0,-319400,10,-31900,0,0,2024,2024-05,0.0,DATE DE PAIEMENT RENSEIGNEE,OK,5,2024Q2,256.0,0.0,False,False,True,True
OP_00476,CLIENT_0094,PERSONNE PHYSIQUE,COMPAGNIE_01,POLICE_00102,9,AUTOMOBILE,MONO AUTO,PROROGATION,2024-05-18,2024-08-17,2024-05-21,2024-05-21,2024-05-21,2024-06-14,13400,12900,1300,0,14700,15,2000,0,0,2024,2024-05,24.0,DATE DE PAIEMENT RENSEIGNEE,OK,5,2024Q2,91.0,24.0,False,False,False,True
OP_00477,CLIENT_0265,PERSONNE MORALE,COMPAGNIE_07,POLICE_00372,0,MULTIRISQUE PROFESSIONNELLE,INCENDIE,AFFAIRE NOUVELLE,2024-05-01,2025-04-30,2024-05-21,2024-05-21,2024-05-21,,3080900,0,390800,4500,3476200,20,616200,0,0,2024,2024-05,,DATE DE PAIEMENT NON RENSEIGNEE,OK,5,2024Q2,364.0,,False,False,False,False
OP_00478,CLIENT_0280,PERSONNE PHYSIQUE,COMPAGNIE_04,POLICE_00341,6,AUTOMOBILE,MONO AUTO,RENOUVELLEMENT,2024-05-24,2025-05-23,2024-05-21,2024-05-21,2024-05-21,2024-06-27,40800,39300,4400,2900,48100,15,6100,0,0,2024,2024-05,37.0,DATE DE PAIEMENT RENSEIGNEE,OK,5,2024Q2,364.0,37.0,False,False,False,True
OP_00479,CLIENT_0294,PERSONNE PHYSIQUE,COMPAGNIE_03,POLICE_00357,0,AUTOMOBILE,MONO AUTO,AFFAIRE NOUVELLE,2024-05-21,2024-11-20,2024-05-21,2024-05-21,2024-05-21,2024-06-17,28400,28000,3300,4600,36300,15,4300,0,0,2024,2024-05,27.0,DATE DE PAIEMENT RENSEIGNEE,OK,5,2024Q2,183.0,27.0,False,False,False,True
OP_00480,CLIENT_0295,PERSONNE PHYSIQUE,COMPAGNIE_01,POLICE_00358,1,AUTOMOBILE,MONO AUTO,AFFAIRE NOUVELLE,2024-05-22,2025-05-21,2024-05-21,2024-05-24,2024-05-24,2024-06-14,511100,86900,51700,5500,568200,15,76700,0,0,2024,2024-05,21.0,DATE DE PAIEMENT RENSEIGNEE,OK,5,2024Q2,364.0,21.0,False,False,False,True
OP_00481,CLIENT_0316,PERSONNE PHYSIQUE,COMPAGNIE_03,POLICE_00396,0,AUTOMOBILE,MONO AUTO,AFFAIRE NOUVELLE,2024-05-21,2024-08-20,2024-05-21,2024-05-21,2024-05-21,2024-06-07,43300,42400,5900,5600,54800,15,6500,0,0,2024,2024-05,17.0,DATE DE PAIEMENT RENSEIGNEE,OK,5,2024Q2,91.0,17.0,False,False,False,True
OP_00482,CLIENT_0335,PERSONNE MORALE,COMPAGNIE_02,POLICE_00425,0,AUTOMOBILE,MONO AUTO,AFFAIRE NOUVELLE,2024-05-16,2025-05-19,2024-05-21,2024-05-21,2024-05-21,,240400,45500,24300,2800,267600,15,36100,0,0,2024,2024-05,,DATE DE PAIEMENT NON RENSEIGNEE,OK,5,2024Q2,368.0,,False,False,False,False
OP_00483,CLIENT_0043,PERSONNE MORALE,COMPAGNIE_03,POLICE_00043,84,ASSURANCE SANTE,ASSURANCE MALADIE GROUPE,INCORPORATION,2023-09-28,2024-01-24,2024-05-22,2024-05-22,2024-05-22,2024-05-22,194300,0,0,16600,210800,10,19400,0,0,2024,2024-05,0.0,DATE DE PAIEMENT RENSEIGNEE,OK,5,2024Q2,118.0,0.0,False,False,False,True
OP_00484,CLIENT_0043,PERSONNE MORALE,COMPAGNIE_03,POLICE_00043,119,ASSURANCE SANTE,ASSURANCE MALADIE GROUPE,INCORPORATION,2024-05-09,2025-01-24,2024-05-22,2024-05-22,2024-05-22,2024-05-22,-383500,0,0,0,-383500,10,-38400,0,0,2024,2024-05,0.0,DATE DE PAIEMENT RENSEIGNEE,OK,5,2024Q2,260.0,0.0,False,False,True,True
OP_00485,CLIENT_0043,PERSONNE MORALE,COMPAGNIE_03,POLICE_00377,2,AUTOMOBILE,FLOTTE AUTOMOBILE,AFFAIRE NOUVELLE,2023-07-25,2023-11-08,2024-05-22,2024-05-22,2024-05-22,2024-05-22,28200,0,8500,0,36700,15,4200,0,0,2024,2024-05,0.0,DATE DE PAIEMENT RENSEIGNEE,OK,5,2024Q2,106.0,0.0,False,False,False,True
OP_00486,CLIENT_0043,PERSONNE MORALE,COMPAGNIE_03,POLICE_00419,3,BRIS DE MACHINE,DOMMAGES AUX BIENS,AFFAIRE NOUVELLE,2023-07-25,2023-11-08,2024-05-22,2024-05-22,2024-05-22,2024-05-22,753100,0,91700,10900,855700,18,135500,0,0,2024,2024-05,0.0,DATE DE PAIEMENT RENSEIGNEE,OK,5,2024Q2,106.0,0.0,False,False,False,True
OP_00487,CLIENT_0131,PERSONNE PHYSIQUE,COMPAGNIE_01,POLICE_00149,5,AUTOMOBILE,MONO AUTO,PROROGATION,2024-05-22,2024-11-21,2024-05-22,2024-05-22,2024-05-22,2024-06-09,59600,20700,6000,0,65500,15,8900,0,0,2024,2024-05,18.0,DATE DE PAIEMENT RENSEIGNEE,OK,5,2024Q2,183.0,18.0,False,False,False,True
OP_00488,CLIENT_0190,PERSONNE MORALE,COMPAGNIE_01,POLICE_00433,0,AUTOMOBILE,MONO AUTO,AFFAIRE NOUVELLE,2023-07-03,2024-07-02,2024-05-22,2024-05-22,2024-05-22,2024-05-22,258100,0,0,5100,263200,15,38700,0,0,2024,2024-05,0.0,DATE DE PAIEMENT RENSEIGNEE,OK,5,2024Q2,365.0,0.0,False,False,False,True
OP_00489,CLIENT_0319,PERSONNE MORALE,COMPAGNIE_03,POLICE_00399,1,ACCESSOIRE COMPAGNIE,0,AJUSTEMENT,2022-12-27,2023-12-26,2024-05-22,2024-05-22,2024-05-22,2024-05-22,989500,0,0,0,989500,100,989500,0,0,2024,2024-05,0.0,DATE DE PAIEMENT RENSEIGNEE,OK,5,2024Q2,364.0,0.0,False,False,False,True
OP_00490,CLIENT_0010,PERSONNE MORALE,COMPAGNIE_05,POLICE_00010,30,AUTOMOBILE,FLOTTE AUTOMOBILE,INCORPORATION,2024-05-23,2025-01-06,2024-05-23,2024-05-24,2024-05-24,2024-06-08,261500,48400,26600,4800,292900,15,39200,0,0,2024,2024-05,15.0,DATE DE PAIEMENT RENSEIGNEE,OK,5,2024Q2,228.0,15.0,False,False,False,True
OP_00491,CLIENT_0043,PERSONNE MORALE,COMPAGNIE_03,POLICE_00043,56,ASSURANCE SANTE,ASSURANCE MALADIE GROUPE,INCORPORATION,2023-03-21,2024-01-24,2024-05-23,2024-05-23,2024-05-23,2024-05-23,-227200,0,0,0,-227200,10,-22700,0,0,2024,2024-05,0.0,DATE DE PAIEMENT RENSEIGNEE,OK,5,2024Q2,309.0,0.0,False,False,True,True
OP_00492,CLIENT_0043,PERSONNE MORALE,COMPAGNIE_03,POLICE_00043,57,ASSURANCE SANTE,ASSURANCE MALADIE GROUPE,INCORPORATION,2023-03-28,2024-01-24,2024-05-23,2024-05-23,2024-05-23,2024-05-23,-77900,0,0,0,-77900,10,-7800,0,0,2024,2024-05,0.0,DATE DE PAIEMENT RENSEIGNEE,OK,5,2024Q2,302.0,0.0,False,False,True,True
OP_00493,CLIENT_0043,PERSONNE MORALE,COMPAGNIE_03,POLICE_00043,69,ASSURANCE SANTE,ASSURANCE MALADIE GROUPE,INCORPORATION,2023-05-17,2024-01-24,2024-05-23,2024-05-23,2024-05-23,2024-05-23,-1786800,0,0,0,-1786800,10,-178700,0,0,2024,2024-05,0.0,DATE DE PAIEMENT RENSEIGNEE,OK,5,2024Q2,252.0,0.0,False,False,True,True
OP_00494,CLIENT_0043,PERSONNE MORALE,COMPAGNIE_03,POLICE_00043,78,ASSURANCE SANTE,ASSURANCE MALADIE GROUPE,INCORPORATION,2023-07-26,2024-01-24,2024-05-23,2024-05-23,2024-05-23,2024-05-23,-401700,0,0,0,-401700,10,-40200,0,0,2024,2024-05,0.0,DATE DE PAIEMENT RENSEIGNEE,OK,5,2024Q2,182.0,0.0,False,False,True,True
OP_00495,CLIENT_0043,PERSONNE MORALE,COMPAGNIE_03,POLICE_00043,80,ASSURANCE SANTE,ASSURANCE MALADIE GROUPE,INCORPORATION,2023-08-17,2024-01-24,2024-05-23,2024-05-23,2024-05-23,2024-05-23,-36000,0,0,0,-36000,10,-3600,0,0,2024,2024-05,0.0,DATE DE PAIEMENT RENSEIGNEE,OK,5,2024Q2,160.0,0.0,False,False,True,True
OP_00496,CLIENT_0043,PERSONNE MORALE,COMPAGNIE_03,POLICE_00043,81,ASSURANCE SANTE,ASSURANCE MALADIE GROUPE,INCORPORATION,2023-09-06,2024-01-24,2024-05-23,2024-05-23,2024-05-23,2024-05-23,-66000,0,0,0,-66000,10,-6600,0,0,2024,2024-05,0.0,DATE DE PAIEMENT RENSEIGNEE,OK,5,2024Q2,140.0,0.0,False,False,True,True
OP_00497,CLIENT_0043,PERSONNE MORALE,COMPAGNIE_03,POLICE_00043,88,ASSURANCE SANTE,ASSURANCE MALADIE GROUPE,INCORPORATION,2023-11-21,2024-01-24,2024-05-23,2024-05-23,2024-05-23,2024-05-23,-91700,0,0,0,-91700,10,-9200,0,0,2024,2024-05,0.0,DATE DE PAIEMENT RENSEIGNEE,OK,5,2024Q2,64.0,0.0,False,False,True,True
OP_00498,CLIENT_0043,PERSONNE MORALE,COMPAGNIE_03,POLICE_00043,91,ASSURANCE SANTE,ASSURANCE MALADIE GROUPE,INCORPORATION,2023-11-21,2024-01-24,2024-05-23,2024-05-23,2024-05-23,2024-05-23,-16400,0,0,0,-16400,10,-1600,0,0,2024,2024-05,0.0,DATE DE PAIEMENT RENSEIGNEE,OK,5,2024Q2,64.0,0.0,False,False,True,True
OP_00499,CLIENT_0043,PERSONNE MORALE,COMPAGNIE_03,POLICE_00043,93,ASSURANCE SANTE,ASSURANCE MALADIE GROUPE,INCORPORATION,2023-12-13,2024-01-24,2024-05-23,2024-05-23,2024-05-23,2024-05-23,-24100,0,0,0,-24100,10,-2400,0,0,2024,2024-05,0.0,DATE DE PAIEMENT RENSEIGNEE,OK,5,2024Q2,42.0,0.0,False,False,True,True
OP_00500,CLIENT_0043,PERSONNE MORALE,COMPAGNIE_03,POLICE_00043,97,ASSURANCE SANTE,ASSURANCE MALADIE GROUPE,INCORPORATION,2024-01-25,2025-01-24,2024-05-23,2024-05-23,2024-05-23,2024-05-23,-96800,0,0,0,-96800,10,-9700,0,0,2024,2024-05,0.0,DATE DE PAIEMENT RENSEIGNEE,OK,5,2024Q2,365.0,0.0,False,False,True,True
OP_00501,CLIENT_0043,PERSONNE MORALE,COMPAGNIE_03,POLICE_00043,98,ASSURANCE SANTE,ASSURANCE MALADIE GROUPE,INCORPORATION,2024-01-25,2025-01-24,2024-05-23,2024-05-23,2024-05-23,2024-05-23,77500,0,0,23300,100800,10,7800,0,0,2024,2024-05,0.0,DATE DE PAIEMENT RENSEIGNEE,OK,5,2024Q2,365.0,0.0,False,False,False,True
OP_00502,CLIENT_0043,PERSONNE MORALE,COMPAGNIE_03,POLICE_00419,2,BRIS DE MACHINE,DOMMAGES AUX BIENS,AFFAIRE NOUVELLE,2023-05-25,2024-01-24,2024-05-23,2024-05-23,2024-05-23,2024-05-23,-2337400,0,-753900,-9700,-3101100,18,-420700,0,0,2024,2024-05,0.0,DATE DE PAIEMENT RENSEIGNEE,OK,5,2024Q2,244.0,0.0,False,False,True,True
OP_00503,CLIENT_0043,PERSONNE MORALE,COMPAGNIE_03,POLICE_00427,1,BRIS DE MACHINE,DOMMAGES AUX BIENS,AFFAIRE NOUVELLE,2023-05-25,2024-01-24,2024-05-23,2024-05-23,2024-05-23,2024-05-23,-3983500,0,-894200,-10300,-4888000,18,-717000,0,0,2024,2024-05,0.0,DATE DE PAIEMENT RENSEIGNEE,OK,5,2024Q2,244.0,0.0,False,False,True,True
OP_00504,CLIENT_0043,PERSONNE MORALE,COMPAGNIE_03,POLICE_00428,1,AUTOMOBILE,FLOTTE AUTOMOBILE,AFFAIRE NOUVELLE,2023-07-27,2024-01-24,2024-05-23,2024-05-23,2024-05-23,2024-05-23,-125000,0,-10400,-4600,-140000,15,-18800,0,0,2024,2024-05,0.0,DATE DE PAIEMENT RENSEIGNEE,OK,5,2024Q2,181.0,0.0,False,False,True,True
OP_00505,CLIENT_0050,PERSONNE MORALE,COMPAGNIE_06,POLICE_00093,78,AUTOMOBILE,MONO AUTO,INCORPORATION,2024-05-23,2025-01-06,2024-05-23,2024-05-23,2024-05-23,,24800,22900,2600,1000,28400,15,3700,0,0,2024,2024-05,,DATE DE PAIEMENT NON RENSEIGNEE,OK,5,2024Q2,228.0,,False,False,False,False
OP_00506,CLIENT_0061,PERSONNE PHYSIQUE,COMPAGNIE_02,POLICE_00061,4,AUTOMOBILE,MONO AUTO,RENOUVELLEMENT,2024-05-26,2024-08-25,2024-05-23,2024-05-23,2024-05-23,,40500,12400,4100,0,44600,15,6100,0,0,2024,2024-05,,DATE DE PAIEMENT NON RENSEIGNEE,OK,5,2024Q2,91.0,,False,False,False,False
OP_00507,CLIENT_0310,PERSONNE PHYSIQUE,COMPAGNIE_02,POLICE_00412,0,AUTOMOBILE,MONO AUTO,AFFAIRE NOUVELLE,,,2024-05-23,2024-05-23,2024-05-23,2024-05-16,0,0,0,0,0,15,0,0,0,2024,2024-05,-7.0,DATE DE PAIEMENT RENSEIGNEE,PAIEMENT_AVANT_ENCAISSEMENT,5,2024Q2,,-7.0,False,True,False,False
OP_00508,CLIENT_0318,PERSONNE MORALE,COMPAGNIE_04,POLICE_00398,4,AUTOMOBILE,MONO AUTO,RENOUVELLEMENT,2024-05-23,2025-05-22,2024-05-23,2024-06-07,2024-06-07,2025-03-15,58600,57100,6100,2900,67600,15,8800,0,0,2024,2024-05,281.0,DATE DE PAIEMENT RENSEIGNEE,OK,5,2024Q2,364.0,281.0,False,False,False,True
OP_00509,CLIENT_0322,PERSONNE PHYSIQUE,COMPAGNIE_02,POLICE_00403,0,AUTOMOBILE,MONO AUTO,AFFAIRE NOUVELLE,,,2024-05-23,2024-05-23,2024-05-23,2024-05-16,37000,0,0,0,37000,15,5500,0,0,2024,2024-05,-7.0,DATE DE PAIEMENT RENSEIGNEE,PAIEMENT_AVANT_ENCAISSEMENT,5,2024Q2,,-7.0,False,True,False,False
OP_00510,CLIENT_0338,PERSONNE PHYSIQUE,COMPAGNIE_05,POLICE_00430,0,AUTOMOBILE,MONO AUTO,RENOUVELLEMENT,2024-05-25,2025-05-24,2024-05-24,2024-05-24,2024-05-24,,125400,47500,13000,4800,143200,15,18800,0,0,2024,2024-05,,DATE DE PAIEMENT NON RENSEIGNEE,OK,5,2024Q2,364.0,,False,False,False,False
OP_00511,CLIENT_0244,PERSONNE PHYSIQUE,COMPAGNIE_02,POLICE_00405,0,AUTOMOBILE,MONO AUTO,AFFAIRE NOUVELLE,,,2024-05-25,2024-05-25,2024-05-25,2024-05-18,0,0,0,0,0,0,0,0,0,2024,2024-05,-7.0,DATE DE PAIEMENT RENSEIGNEE,PAIEMENT_AVANT_ENCAISSEMENT,5,2024Q2,,-7.0,False,True,False,False
OP_00512,CLIENT_0301,PERSONNE PHYSIQUE,COMPAGNIE_04,POLICE_00366,0,TRAVEL ASSURANCE,0,AFFAIRE NOUVELLE,2024-06-18,2024-07-18,2024-05-25,2024-05-25,2024-05-25,2024-06-21,22700,0,2700,0,25400,15,3400,0,0,2024,2024-05,27.0,DATE DE PAIEMENT RENSEIGNEE,OK,5,2024Q2,30.0,27.0,False,False,False,True
OP_00513,CLIENT_0306,PERSONNE PHYSIQUE,COMPAGNIE_03,POLICE_00373,1,AUTOMOBILE,MONO AUTO,RENOUVELLEMENT,2024-05-25,2025-05-24,2024-05-25,2024-05-25,2024-05-25,2024-06-15,49700,49000,5400,4300,59400,15,7500,0,0,2024,2024-05,21.0,DATE DE PAIEMENT RENSEIGNEE,OK,5,2024Q2,364.0,21.0,False,False,False,True
OP_00514,CLIENT_0337,PERSONNE PHYSIQUE,COMPAGNIE_03,POLICE_00429,0,AUTOMOBILE,MONO AUTO,AFFAIRE NOUVELLE,2024-05-25,2025-05-24,2024-05-26,2024-05-26,2024-05-26,2024-06-05,42000,41200,4700,5100,51900,15,6300,0,0,2024,2024-05,10.0,DATE DE PAIEMENT RENSEIGNEE,OK,5,2024Q2,364.0,10.0,False,False,False,True
OP_00515,CLIENT_0308,PERSONNE MORALE,COMPAGNIE_01,POLICE_00378,0,AUTOMOBILE,FLOTTE AUTOMOBILE,INCORPORATION,2023-09-19,2024-05-10,2024-05-27,2024-05-27,2024-05-27,2024-05-27,114000,0,11500,1100,126500,15,17100,0,0,2024,2024-05,0.0,DATE DE PAIEMENT RENSEIGNEE,OK,5,2024Q2,234.0,0.0,False,False,False,True
OP_00516,CLIENT_0308,PERSONNE MORALE,COMPAGNIE_01,POLICE_00378,10,AUTOMOBILE,MONO AUTO,RENOUVELLEMENT,2023-05-11,2024-05-10,2024-05-27,2024-05-27,2024-05-27,2024-05-27,335800,0,34100,5200,375100,15,50400,0,0,2024,2024-05,0.0,DATE DE PAIEMENT RENSEIGNEE,OK,5,2024Q2,365.0,0.0,False,False,False,True
OP_00517,CLIENT_0308,PERSONNE MORALE,COMPAGNIE_01,POLICE_00379,0,AUTOMOBILE,MONO AUTO,INCORPORATION,2023-08-09,2024-05-10,2024-05-27,2024-05-27,2024-05-27,2024-05-27,32000,0,4000,1000,37000,15,4800,0,0,2024,2024-05,0.0,DATE DE PAIEMENT RENSEIGNEE,OK,5,2024Q2,275.0,0.0,False,False,False,True
OP_00518,CLIENT_0308,PERSONNE MORALE,COMPAGNIE_01,POLICE_00380,0,AUTOMOBILE,MONO AUTO,INCORPORATION,2023-09-19,2024-05-10,2024-05-27,2024-05-27,2024-05-27,2024-05-27,12900,0,1700,1000,15600,15,1900,0,0,2024,2024-05,0.0,DATE DE PAIEMENT RENSEIGNEE,OK,5,2024Q2,234.0,0.0,False,False,False,True
OP_00519,CLIENT_0314,PERSONNE MORALE,COMPAGNIE_02,POLICE_00391,0,AUTOMOBILE,MONO AUTO,AFFAIRE NOUVELLE,2024-05-26,2024-11-25,2024-05-27,2024-05-26,2024-05-27,,32600,30000,4300,3000,39800,15,4900,0,0,2024,2024-05,,DATE DE PAIEMENT NON RENSEIGNEE,OK,5,2024Q2,183.0,,False,False,False,False
OP_00520,CLIENT_0336,PERSONNE PHYSIQUE,COMPAGNIE_05,POLICE_00426,0,AUTOMOBILE,MONO AUTO,AFFAIRE NOUVELLE,2024-05-26,2025-05-25,2024-05-27,2024-05-27,2024-05-27,2024-06-09,122000,47600,12600,4400,139000,15,18300,0,0,2024,2024-05,13.0,DATE DE PAIEMENT RENSEIGNEE,OK,5,2024Q2,364.0,13.0,False,False,False,True
OP_00521,CLIENT_0300,PERSONNE MORALE,COMPAGNIE_02,POLICE_00365,0,AUTOMOBILE,MONO AUTO,AFFAIRE NOUVELLE,2024-05-28,2024-05-27,2024-05-28,2024-06-25,2024-06-25,,1092800,0,109600,3300,1205600,15,163900,0,0,2024,2024-05,,DATE DE PAIEMENT NON RENSEIGNEE,EFFET_APRES_ECHEANCE,5,2024Q2,-1.0,,True,False,False,False
OP_00522,CLIENT_0343,PERSONNE PHYSIQUE,COMPAGNIE_02,POLICE_00441,4,AUTOMOBILE,MONO AUTO,RENOUVELLEMENT,2024-05-29,2025-05-28,2024-05-28,2024-05-28,2024-05-28,,176200,66400,18000,3400,197500,15,26400,0,0,2024,2024-05,,DATE DE PAIEMENT NON RENSEIGNEE,OK,5,2024Q2,364.0,,False,False,False,False
OP_00523,CLIENT_0050,PERSONNE MORALE,COMPAGNIE_06,POLICE_00050,77,AUTOMOBILE,FLOTTE AUTOMOBILE,INCORPORATION,2024-05-19,2025-01-06,2024-05-29,2024-06-06,2024-06-06,,28100,26000,2900,1100,32100,15,4200,0,0,2024,2024-05,,DATE DE PAIEMENT NON RENSEIGNEE,OK,5,2024Q2,232.0,,False,False,False,False
OP_00524,CLIENT_0240,PERSONNE PHYSIQUE,COMPAGNIE_02,POLICE_00417,0,AUTOMOBILE,MONO AUTO,AFFAIRE NOUVELLE,,,2024-05-29,2024-05-29,2024-05-29,2024-05-22,0,0,0,0,0,0,0,0,0,2024,2024-05,-7.0,DATE DE PAIEMENT RENSEIGNEE,PAIEMENT_AVANT_ENCAISSEMENT,5,2024Q2,,-7.0,False,True,False,False
OP_00525,CLIENT_0264,PERSONNE PHYSIQUE,COMPAGNIE_01,POLICE_00406,4,AUTOMOBILE,MONO AUTO,PROROGATION,2023-12-05,2024-06-04,2024-05-29,2023-11-25,2024-05-29,,54200,24500,5400,0,59600,15,8100,0,0,2024,2024-05,,DATE DE PAIEMENT NON RENSEIGNEE,OK,5,2024Q2,182.0,,False,False,False,False
OP_00526,CLIENT_0323,PERSONNE MORALE,COMPAGNIE_02,POLICE_00404,0,RC CHEF D'ENTREPRISE,RESPONSABILITE,AFFAIRE NOUVELLE,,,2024-05-29,2024-05-29,2024-05-29,2024-05-22,0,0,0,0,0,0,0,0,0,2024,2024-05,-7.0,DATE DE PAIEMENT RENSEIGNEE,PAIEMENT_AVANT_ENCAISSEMENT,5,2024Q2,,-7.0,False,True,False,False
OP_00527,CLIENT_0324,PERSONNE MORALE,COMPAGNIE_01,POLICE_00407,1,AUTOMOBILE,MONO AUTO,AFFAIRE NOUVELLE,2024-05-04,2024-11-03,2024-05-29,2024-05-29,2024-05-29,2024-06-08,28500,0,3300,4800,36600,15,4300,0,0,2024,2024-05,10.0,DATE DE PAIEMENT RENSEIGNEE,OK,5,2024Q2,183.0,10.0,False,False,False,True
OP_00528,CLIENT_0021,PERSONNE PHYSIQUE,COMPAGNIE_02,POLICE_00402,0,AUTOMOBILE,MONO AUTO,AFFAIRE NOUVELLE,,,2024-05-31,2024-05-31,2024-05-31,2024-05-24,0,0,0,0,0,0,100,0,0,2024,2024-05,-7.0,DATE DE PAIEMENT RENSEIGNEE,PAIEMENT_AVANT_ENCAISSEMENT,5,2024Q2,,-7.0,False,True,False,False
OP_00529,CLIENT_0191,PERSONNE PHYSIQUE,COMPAGNIE_04,POLICE_00418,13,AUTOMOBILE,MONO AUTO,RENOUVELLEMENT,2024-05-30,2024-08-29,2024-05-31,2024-05-31,2024-05-31,2024-06-15,22700,22300,3000,2700,28400,15,3400,0,0,2024,2024-05,15.0,DATE DE PAIEMENT RENSEIGNEE,OK,5,2024Q2,91.0,15.0,False,False,False,True
OP_00530,CLIENT_0264,PERSONNE PHYSIQUE,COMPAGNIE_01,POLICE_00406,5,AUTOMOBILE,MONO AUTO,RENOUVELLEMENT,2024-06-05,2024-12-04,2024-05-31,2024-06-08,2024-06-08,2024-06-08,77900,36400,8300,5100,91300,5,3900,0,0,2024,2024-05,0.0,DATE DE PAIEMENT RENSEIGNEE,OK,5,2024Q2,182.0,0.0,False,False,False,True
OP_00531,CLIENT_0317,PERSONNE PHYSIQUE,COMPAGNIE_04,POLICE_00397,0,ASSURANCE RENTE EDUCATION,0,AFFAIRE NOUVELLE,2021-07-14,2030-07-13,2024-05-31,2024-05-31,2024-05-31,2024-05-31,11000,0,0,5500,16500,9,1000,0,0,2024,2024-05,0.0,DATE DE PAIEMENT RENSEIGNEE,OK,5,2024Q2,3286.0,0.0,False,False,False,True
OP_00532,CLIENT_0345,PERSONNE PHYSIQUE,COMPAGNIE_01,POLICE_00444,5,AUTOMOBILE,MONO AUTO,RENOUVELLEMENT,2024-06-10,2024-12-09,2024-05-31,2024-06-21,2024-06-21,,0,100,0,0,100,0,14400,0,0,2024,2024-05,,DATE DE PAIEMENT NON RENSEIGNEE,OK,5,2024Q2,182.0,,False,False,False,False
OP_00533,CLIENT_0327,PERSONNE PHYSIQUE,COMPAGNIE_02,POLICE_00410,0,AUTOMOBILE,MONO AUTO,AFFAIRE NOUVELLE,,,2024-06-01,2024-06-01,2024-06-01,2024-05-25,0,0,0,0,0,0,0,0,0,2024,2024-06,-7.0,DATE DE PAIEMENT RENSEIGNEE,PAIEMENT_AVANT_ENCAISSEMENT,6,2024Q2,,-7.0,False,True,False,False
OP_00534,CLIENT_0349,PERSONNE PHYSIQUE,COMPAGNIE_01,POLICE_00448,1,AUTOMOBILE,MONO AUTO,RENOUVELLEMENT,2024-05-30,2024-11-28,2024-06-01,2024-06-01,2024-06-01,2024-07-08,22400,21400,2700,4700,29800,15,3400,0,0,2024,2024-06,37.0,DATE DE PAIEMENT RENSEIGNEE,OK,6,2024Q2,182.0,37.0,False,False,False,True
OP_00535,CLIENT_0014,PERSONNE PHYSIQUE,COMPAGNIE_02,POLICE_00414,0,ASSURANCE SANTE,ASSURANCE MALADIE GROUPE,AFFAIRE NOUVELLE,,,2024-06-02,2024-06-02,2024-06-02,2024-05-26,0,0,0,0,0,10,0,0,0,2024,2024-06,-7.0,DATE DE PAIEMENT RENSEIGNEE,PAIEMENT_AVANT_ENCAISSEMENT,6,2024Q2,,-7.0,False,True,False,False
OP_00536,CLIENT_0015,PERSONNE PHYSIQUE,COMPAGNIE_01,POLICE_00015,5,AUTOMOBILE,MONO AUTO,RESILIATION,2024-07-14,2025-01-13,2024-06-02,2024-06-02,2024-06-02,2024-06-02,-66800,0,-2100,-4600,-73400,15,-10000,0,0,2024,2024-06,0.0,DATE DE PAIEMENT RENSEIGNEE,OK,6,2024Q2,183.0,0.0,False,False,True,True
OP_00537,CLIENT_0311,PERSONNE PHYSIQUE,COMPAGNIE_01,POLICE_00388,4,AUTOMOBILE,MONO AUTO,RENOUVELLEMENT,2024-05-08,2025-05-07,2024-06-02,2024-06-02,2024-06-02,2024-06-09,54600,52200,5900,4400,64900,15,8200,0,0,2024,2024-06,7.0,DATE DE PAIEMENT RENSEIGNEE,OK,6,2024Q2,364.0,7.0,False,False,False,True
OP_00538,CLIENT_0326,PERSONNE MORALE,COMPAGNIE_02,POLICE_00409,0,AUTOMOBILE,MONO AUTO,AFFAIRE NOUVELLE,,,2024-06-02,2024-06-02,2024-06-02,2024-05-26,0,0,0,0,0,0,0,0,0,2024,2024-06,-7.0,DATE DE PAIEMENT RENSEIGNEE,PAIEMENT_AVANT_ENCAISSEMENT,6,2024Q2,,-7.0,False,True,False,False
OP_00539,CLIENT_0345,PERSONNE PHYSIQUE,COMPAGNIE_01,POLICE_00451,5,AUTOMOBILE,MONO AUTO,RENOUVELLEMENT,2024-06-10,2024-12-09,2024-06-02,2024-08-30,2024-08-30,2024-09-09,85800,85800,10900,5100,101800,15,12900,0,0,2024,2024-06,10.0,DATE DE PAIEMENT RENSEIGNEE,OK,6,2024Q2,182.0,10.0,False,False,False,True
OP_00540,CLIENT_0345,PERSONNE PHYSIQUE,COMPAGNIE_05,POLICE_00452,0,AUTOMOBILE,MONO AUTO,AFFAIRE NOUVELLE,2024-06-01,2024-11-30,2024-06-02,2024-06-01,2024-06-02,,61600,58800,7700,3200,72500,15,9200,0,0,2024,2024-06,,DATE DE PAIEMENT NON RENSEIGNEE,OK,6,2024Q2,182.0,,False,False,False,False
OP_00541,CLIENT_0350,PERSONNE PHYSIQUE,COMPAGNIE_02,POLICE_00450,2,AUTOMOBILE,MONO AUTO,RENOUVELLEMENT,2024-06-05,2025-06-04,2024-06-02,2024-08-20,2024-10-26,2024-10-13,229300,68800,27900,3000,260200,15,34400,0,0,2024,2024-06,-13.0,DATE DE PAIEMENT RENSEIGNEE,PAIEMENT_AVANT_ENCAISSEMENT,6,2024Q2,364.0,-13.0,False,True,False,False
OP_00542,CLIENT_0073,PERSONNE PHYSIQUE,COMPAGNIE_01,POLICE_00395,1,TRAVEL ASSURANCE,0,RESILIATION,2024-06-17,2024-07-01,2024-06-03,2024-06-03,2024-06-14,2024-08-10,-10700,0,-1500,-1800,-14000,10,-1100,0,0,2024,2024-06,57.0,DATE DE PAIEMENT RENSEIGNEE,OK,6,2024Q2,14.0,57.0,False,False,True,True
OP_00543,CLIENT_0143,PERSONNE PHYSIQUE,COMPAGNIE_01,POLICE_00168,5,AUTOMOBILE,MONO AUTO,PROROGATION,2024-06-05,2024-09-04,2024-06-03,2024-06-04,2024-06-05,2024-06-19,20900,20100,2100,0,23000,15,3100,0,0,2024,2024-06,14.0,DATE DE PAIEMENT RENSEIGNEE,OK,6,2024Q2,91.0,14.0,False,False,False,True
OP_00544,CLIENT_0334,PERSONNE PHYSIQUE,COMPAGNIE_02,POLICE_00424,0,TRAVEL ASSURANCE,0,AFFAIRE NOUVELLE,2024-07-14,2024-10-13,2024-06-03,2024-06-03,2024-06-03,,27700,0,4000,5500,37200,10,2800,0,0,2024,2024-06,,DATE DE PAIEMENT NON RENSEIGNEE,OK,6,2024Q2,91.0,,False,False,False,False
OP_00545,CLIENT_0348,PERSONNE PHYSIQUE,COMPAGNIE_02,POLICE_00447,0,TRAVEL ASSURANCE,0,AFFAIRE NOUVELLE,2024-05-30,2024-06-07,2024-06-03,2024-06-03,2024-06-03,,7100,0,1500,5100,13800,10,700,0,0,2024,2024-06,,DATE DE PAIEMENT NON RENSEIGNEE,OK,6,2024Q2,8.0,,False,False,False,False
OP_00546,CLIENT_0127,PERSONNE PHYSIQUE,COMPAGNIE_02,POLICE_00434,0,TRAVEL ASSURANCE,0,AFFAIRE NOUVELLE,2024-07-08,2024-07-12,2024-06-04,2024-06-04,2024-06-04,,5000,0,1100,4500,10600,10,500,0,0,2024,2024-06,,DATE DE PAIEMENT NON RENSEIGNEE,OK,6,2024Q2,4.0,,False,False,False,False
OP_00547,CLIENT_0313,PERSONNE PHYSIQUE,COMPAGNIE_02,POLICE_00390,6,AUTOMOBILE,MONO AUTO,RENOUVELLEMENT,2024-06-12,2025-06-11,2024-06-04,2024-06-04,2024-06-04,,189700,79500,19300,3200,212100,15,28500,0,0,2024,2024-06,,DATE DE PAIEMENT NON RENSEIGNEE,OK,6,2024Q2,364.0,,False,False,False,False
OP_00548,CLIENT_0345,PERSONNE PHYSIQUE,COMPAGNIE_01,POLICE_00459,5,AUTOMOBILE,MONO AUTO,PROROGATION,2024-06-14,2024-12-13,2024-06-04,2024-08-30,2024-08-30,2024-09-09,86300,85700,10400,0,96600,15,12900,0,0,2024,2024-06,10.0,DATE DE PAIEMENT RENSEIGNEE,OK,6,2024Q2,182.0,10.0,False,False,False,True
OP_00549,CLIENT_0067,PERSONNE MORALE,COMPAGNIE_01,POLICE_00209,2,AUTOMOBILE,MONO AUTO,RENOUVELLEMENT,2023-07-19,2024-07-28,2024-06-05,2024-06-05,2024-06-05,2024-06-05,191700,0,0,4800,196600,15,28800,0,0,2024,2024-06,0.0,DATE DE PAIEMENT RENSEIGNEE,OK,6,2024Q2,375.0,0.0,False,False,False,True
OP_00550,CLIENT_0067,PERSONNE MORALE,COMPAGNIE_01,POLICE_00431,0,AUTOMOBILE,MONO AUTO,RENOUVELLEMENT,2023-07-19,2024-07-18,2024-06-05,2024-06-05,2024-06-23,,0,0,0,0,0,15,0,0,0,2024,2024-06,,DATE DE PAIEMENT NON RENSEIGNEE,OK,6,2024Q2,365.0,,False,False,False,False
OP_00551,CLIENT_0354,PERSONNE PHYSIQUE,COMPAGNIE_04,POLICE_00457,6,AUTOMOBILE,MONO AUTO,AFFAIRE NOUVELLE,2021-06-29,2021-12-29,2024-06-05,2024-06-05,2024-06-05,2024-06-05,-23600,0,0,0,-23600,15,-3500,0,0,2024,2024-06,0.0,DATE DE PAIEMENT RENSEIGNEE,OK,6,2024Q2,183.0,0.0,False,False,True,True
OP_00552,CLIENT_0246,PERSONNE PHYSIQUE,COMPAGNIE_01,POLICE_00449,3,AUTOMOBILE,MONO AUTO,RENOUVELLEMENT,2024-06-06,2025-06-05,2024-06-06,2024-06-06,2024-06-06,2024-07-13,51800,50700,5700,5500,63000,15,7800,0,0,2024,2024-06,37.0,DATE DE PAIEMENT RENSEIGNEE,OK,6,2024Q2,364.0,37.0,False,False,False,True
OP_00553,CLIENT_0339,PERSONNE PHYSIQUE,COMPAGNIE_01,POLICE_00435,1,AUTOMOBILE,MONO AUTO,AFFAIRE NOUVELLE,2024-06-06,2025-06-09,2024-06-06,2024-06-06,2024-06-06,2024-07-22,57600,56700,6200,4600,68400,15,8600,0,0,2024,2024-06,46.0,DATE DE PAIEMENT RENSEIGNEE,OK,6,2024Q2,368.0,46.0,False,False,False,True
OP_00554,CLIENT_0043,PERSONNE MORALE,COMPAGNIE_03,POLICE_00460,2,BRIS DE MACHINE,0,RETRAIT,2024-04-10,2024-10-19,2024-06-07,2024-06-07,2024-06-07,,-6321000,0,-758500,0,-7079500,15,-948100,0,0,2024,2024-06,,DATE DE PAIEMENT NON RENSEIGNEE,OK,6,2024Q2,192.0,,False,False,True,False
OP_00555,CLIENT_0038,PERSONNE PHYSIQUE,COMPAGNIE_01,POLICE_00038,7,AUTOMOBILE,MONO AUTO,PROROGATION,2024-07-02,2025-01-01,2024-06-08,2024-06-08,2024-06-08,2024-07-17,96000,22700,9600,0,105600,15,14400,0,0,2024,2024-06,39.0,DATE DE PAIEMENT RENSEIGNEE,OK,6,2024Q2,183.0,39.0,False,False,False,True
OP_00556,CLIENT_0177,PERSONNE PHYSIQUE,COMPAGNIE_01,POLICE_00212,2,AUTOMOBILE,MONO AUTO,RENOUVELLEMENT,2024-06-14,2024-09-13,2024-06-10,2024-06-29,2024-06-29,2024-07-17,19700,19100,2000,0,21700,15,3000,0,0,2024,2024-06,18.0,DATE DE PAIEMENT RENSEIGNEE,OK,6,2024Q2,91.0,18.0,False,False,False,True
OP_00557,CLIENT_0206,PERSONNE PHYSIQUE,COMPAGNIE_01,POLICE_00241,3,AUTOMOBILE,MONO AUTO,RENOUVELLEMENT,2024-06-13,2025-06-12,2024-06-10,2024-06-10,2024-06-10,2024-07-11,162200,45400,16700,4900,183800,15,24300,0,0,2024,2024-06,31.0,DATE DE PAIEMENT RENSEIGNEE,OK,6,2024Q2,364.0,31.0,False,False,False,True
OP_00558,CLIENT_0325,PERSONNE MORALE,COMPAGNIE_02,POLICE_00408,0,AUTOMOBILE,MONO AUTO,AFFAIRE NOUVELLE,,,2024-06-10,2024-06-10,2024-06-10,2024-06-03,0,0,0,0,0,0,0,0,0,2024,2024-06,-7.0,DATE DE PAIEMENT RENSEIGNEE,PAIEMENT_AVANT_ENCAISSEMENT,6,2024Q2,,-7.0,False,True,False,False
OP_00559,CLIENT_0340,PERSONNE PHYSIQUE,COMPAGNIE_02,POLICE_00436,0,AUTOMOBILE,MONO AUTO,AFFAIRE NOUVELLE,2024-06-08,2024-12-07,2024-06-10,2024-06-10,2024-06-10,,69100,23800,7300,3400,79800,15,10400,0,0,2024,2024-06,,DATE DE PAIEMENT NON RENSEIGNEE,OK,6,2024Q2,182.0,,False,False,False,False
OP_00560,CLIENT_0363,PERSONNE MORALE,COMPAGNIE_01,POLICE_00470,0,RC CHEF D'ENTREPRISE,RESPONSABILITE,AFFAIRE NOUVELLE,2024-06-10,2025-06-09,2024-06-10,2024-07-10,2024-07-10,2024-07-31,110300,0,13900,5500,129700,17,18800,0,0,2024,2024-06,21.0,DATE DE PAIEMENT RENSEIGNEE,OK,6,2024Q2,364.0,21.0,False,False,False,True
OP_00561,CLIENT_0363,PERSONNE MORALE,COMPAGNIE_01,POLICE_00471,0,MULTIRISQUE PROFESSIONNELLE,INCENDIE,AFFAIRE NOUVELLE,2024-06-10,2025-06-09,2024-06-10,2024-06-10,2024-06-10,2024-07-05,13200,0,3400,4900,21500,20,2600,0,0,2024,2024-06,25.0,DATE DE PAIEMENT RENSEIGNEE,OK,6,2024Q2,364.0,25.0,False,False,False,True
OP_00562,CLIENT_0027,PERSONNE MORALE,COMPAGNIE_01,POLICE_00469,0,RC CHEF D'ENTREPRISE,RESPONSABILITE,RENOUVELLEMENT,2024-06-15,2025-06-14,2024-06-11,2024-06-12,2024-06-12,2024-07-06,111500,0,14000,5600,131100,17,19000,0,0,2024,2024-06,24.0,DATE DE PAIEMENT RENSEIGNEE,OK,6,2024Q2,364.0,24.0,False,False,False,True
OP_00563,CLIENT_0330,PERSONNE PHYSIQUE,COMPAGNIE_02,POLICE_00416,0,ASSURANCE SANTE,ASSURANCE MALADIE GROUPE,AFFAIRE NOUVELLE,,,2024-06-11,2024-06-11,2024-06-11,2024-06-04,0,0,0,0,0,10,0,0,0,2024,2024-06,-7.0,DATE DE PAIEMENT RENSEIGNEE,PAIEMENT_AVANT_ENCAISSEMENT,6,2024Q2,,-7.0,False,True,False,False
OP_00564,CLIENT_0332,PERSONNE PHYSIQUE,COMPAGNIE_02,POLICE_00421,0,TRAVEL ASSURANCE,0,AFFAIRE NOUVELLE,2024-08-15,2024-09-14,2024-06-12,2024-06-11,2024-06-12,,19100,0,2900,4900,26800,10,1900,0,0,2024,2024-06,,DATE DE PAIEMENT NON RENSEIGNEE,OK,6,2024Q2,30.0,,False,False,False,False
OP_00565,CLIENT_0351,PERSONNE PHYSIQUE,COMPAGNIE_02,POLICE_00454,0,AUTOMOBILE,MONO AUTO,AFFAIRE NOUVELLE,2024-06-14,2025-06-13,2024-06-12,2024-07-01,2024-07-01,,41900,36900,4500,3000,49400,15,6300,0,0,2024,2024-06,,DATE DE PAIEMENT NON RENSEIGNEE,OK,6,2024Q2,364.0,,False,False,False,False
OP_00566,CLIENT_0359,PERSONNE PHYSIQUE,COMPAGNIE_02,POLICE_00465,1,AUTOMOBILE,MONO AUTO,RENOUVELLEMENT,2024-06-13,2025-06-12,2024-06-12,2024-06-12,2024-06-12,,72200,67200,7600,3400,83200,15,10800,0,0,2024,2024-06,,DATE DE PAIEMENT NON RENSEIGNEE,OK,6,2024Q2,364.0,,False,False,False,False
OP_00567,CLIENT_0045,PERSONNE PHYSIQUE,COMPAGNIE_01,POLICE_00045,0,AUTOMOBILE,MONO AUTO,AFFAIRE NOUVELLE,2023-10-05,2024-10-04,2024-06-13,2024-06-13,2024-06-13,2024-06-13,438200,0,0,5000,443200,15,65700,0,0,2024,2024-06,0.0,DATE DE PAIEMENT RENSEIGNEE,OK,6,2024Q2,365.0,0.0,False,False,False,True
OP_00568,CLIENT_0050,PERSONNE MORALE,COMPAGNIE_06,POLICE_00443,0,AUTOMOBILE,FLOTTE AUTOMOBILE,AFFAIRE NOUVELLE,,,2024-06-13,2024-03-20,2024-06-13,2024-03-20,30100,0,0,0,30100,15,4500,0,0,2024,2024-06,-85.0,DATE DE PAIEMENT RENSEIGNEE,PAIEMENT_AVANT_ENCAISSEMENT,6,2024Q2,,-85.0,False,True,False,False
OP_00569,CLIENT_0250,PERSONNE PHYSIQUE,COMPAGNIE_03,POLICE_00439,2,AUTOMOBILE,MONO AUTO,RENOUVELLEMENT,2024-06-27,2025-06-26,2024-06-13,2024-06-13,2024-06-13,2024-09-20,171300,58700,17600,4900,193800,15,25700,0,0,2024,2024-06,99.0,DATE DE PAIEMENT RENSEIGNEE,OK,6,2024Q2,364.0,99.0,False,False,False,True
OP_00570,CLIENT_0356,PERSONNE PHYSIQUE,COMPAGNIE_03,POLICE_00461,0,AUTOMOBILE,MONO AUTO,AFFAIRE NOUVELLE,2011-11-09,2022-11-08,2024-06-13,2024-06-09,2024-06-13,2024-06-09,0,0,0,0,0,15,0,0,0,2024,2024-06,-4.0,DATE DE PAIEMENT RENSEIGNEE,PAIEMENT_AVANT_ENCAISSEMENT,6,2024Q2,4017.0,-4.0,False,True,False,False
OP_00571,CLIENT_0347,PERSONNE PHYSIQUE,COMPAGNIE_03,POLICE_00446,0,AUTOMOBILE,MONO AUTO,RETRAIT,,,2024-06-14,2024-06-14,2024-06-14,2024-06-14,0,0,0,0,0,15,0,0,0,2024,2024-06,0.0,DATE DE PAIEMENT RENSEIGNEE,OK,6,2024Q2,,0.0,False,False,False,True
OP_00572,CLIENT_0300,PERSONNE MORALE,COMPAGNIE_07,POLICE_00438,0,AUTOMOBILE,FLOTTE AUTOMOBILE,AFFAIRE NOUVELLE,2024-06-20,2025-06-19,2024-06-15,2024-06-18,2024-06-18,2024-10-14,825300,0,83600,10800,919700,15,123800,0,0,2024,2024-06,118.0,DATE DE PAIEMENT RENSEIGNEE,OK,6,2024Q2,364.0,118.0,False,False,False,True
OP_00573,CLIENT_0362,PERSONNE PHYSIQUE,COMPAGNIE_02,POLICE_00468,2,AUTOMOBILE,MONO AUTO,RENOUVELLEMENT,2024-06-16,2025-06-15,2024-06-15,2025-06-14,2025-06-16,2025-08-04,225200,0,22800,2900,250800,15,33800,0,0,2024,2024-06,49.0,DATE DE PAIEMENT RENSEIGNEE,OK,6,2024Q2,364.0,49.0,False,False,False,True
OP_00574,CLIENT_0368,PERSONNE PHYSIQUE,COMPAGNIE_01,POLICE_00477,10,AUTOMOBILE,MONO AUTO,PROROGATION,2024-06-14,2024-12-12,2024-06-15,2024-06-15,2024-06-15,2024-07-07,63700,62900,7600,0,71300,15,9600,0,0,2024,2024-06,22.0,DATE DE PAIEMENT RENSEIGNEE,OK,6,2024Q2,181.0,22.0,False,False,False,True
OP_00575,CLIENT_0327,PERSONNE PHYSIQUE,COMPAGNIE_02,POLICE_00453,7,AUTOMOBILE,MONO AUTO,PROROGATION,2024-06-24,2024-12-23,2024-06-16,2024-06-16,2024-06-16,,59000,28800,5900,0,64900,15,8800,0,0,2024,2024-06,,DATE DE PAIEMENT NON RENSEIGNEE,OK,6,2024Q2,182.0,,False,False,False,False
OP_00576,CLIENT_0342,PERSONNE PHYSIQUE,COMPAGNIE_01,POLICE_00440,1,AUTOMOBILE,MONO AUTO,AFFAIRE NOUVELLE,2024-06-16,2024-12-15,2024-06-16,2024-06-16,2024-06-16,2024-07-31,38700,37400,4400,5200,48300,15,5800,0,0,2024,2024-06,45.0,DATE DE PAIEMENT RENSEIGNEE,OK,6,2024Q2,182.0,45.0,False,False,False,True
OP_00577,CLIENT_0352,PERSONNE PHYSIQUE,COMPAGNIE_04,POLICE_00455,9,AUTOMOBILE,MONO AUTO,AFFAIRE NOUVELLE,2021-01-28,2021-07-27,2024-06-17,2024-06-17,2024-06-17,2024-06-17,-30900,0,0,0,-30900,15,-4600,0,0,2024,2024-06,0.0,DATE DE PAIEMENT RENSEIGNEE,OK,6,2024Q2,180.0,0.0,False,False,True,True
OP_00578,CLIENT_0374,PERSONNE PHYSIQUE,COMPAGNIE_05,POLICE_00484,1,AUTOMOBILE,MONO AUTO,RENOUVELLEMENT,2024-06-22,2025-06-21,2024-06-17,2024-06-17,2024-06-17,,51100,45700,5600,5100,61800,15,7700,0,0,2024,2024-06,,DATE DE PAIEMENT NON RENSEIGNEE,OK,6,2024Q2,364.0,,False,False,False,False
OP_00579,CLIENT_0160,PERSONNE PHYSIQUE,COMPAGNIE_01,POLICE_00485,1,AUTOMOBILE,MONO AUTO,AFFAIRE NOUVELLE,2024-06-17,2025-06-16,2024-06-19,2024-06-20,2024-06-20,2024-08-02,168800,165700,20900,5400,195100,15,25300,0,0,2024,2024-06,43.0,DATE DE PAIEMENT RENSEIGNEE,OK,6,2024Q2,364.0,43.0,False,False,False,True
OP_00580,CLIENT_0344,PERSONNE PHYSIQUE,COMPAGNIE_02,POLICE_00442,0,AUTOMOBILE,MONO AUTO,AFFAIRE NOUVELLE,2024-06-21,2025-06-20,2024-06-21,2024-06-21,2024-06-21,,47800,42100,5100,3400,56300,15,7200,0,0,2024,2024-06,,DATE DE PAIEMENT NON RENSEIGNEE,OK,6,2024Q2,364.0,,False,False,False,False
OP_00581,CLIENT_0365,PERSONNE PHYSIQUE,COMPAGNIE_03,POLICE_00473,3,AUTOMOBILE,MONO AUTO,RENOUVELLEMENT,2024-07-09,2025-07-08,2024-06-22,2024-06-22,2024-06-22,2024-09-06,49600,47600,5400,4700,59700,15,7400,0,0,2024,2024-06,76.0,DATE DE PAIEMENT RENSEIGNEE,OK,6,2024Q2,364.0,76.0,False,False,False,True
OP_00582,CLIENT_0366,PERSONNE PHYSIQUE,COMPAGNIE_01,POLICE_00474,1,TRAVEL ASSURANCE,0,AFFAIRE NOUVELLE,2024-08-27,2024-09-07,2024-06-22,2024-08-25,2024-08-25,2024-09-14,13600,0,1900,2300,17700,15,2000,0,0,2024,2024-06,20.0,DATE DE PAIEMENT RENSEIGNEE,OK,6,2024Q2,11.0,20.0,False,False,False,True
OP_00583,CLIENT_0370,PERSONNE PHYSIQUE,COMPAGNIE_04,POLICE_00479,4,AUTOMOBILE,MONO AUTO,RENOUVELLEMENT,2024-06-22,2025-06-21,2024-06-22,2024-06-23,2024-06-23,2025-03-14,66400,64700,7100,4800,78300,15,10000,0,0,2024,2024-06,264.0,DATE DE PAIEMENT RENSEIGNEE,OK,6,2024Q2,364.0,264.0,False,False,False,True
OP_00584,CLIENT_0346,PERSONNE MORALE,COMPAGNIE_03,POLICE_00445,0,AUTOMOBILE,MONO AUTO,AFFAIRE NOUVELLE,2021-11-26,2022-11-25,2024-06-23,2024-06-23,2024-06-27,,0,0,0,0,0,15,0,0,0,2024,2024-06,,DATE DE PAIEMENT NON RENSEIGNEE,OK,6,2024Q2,364.0,,False,False,False,False
OP_00585,CLIENT_0381,PERSONNE PHYSIQUE,COMPAGNIE_01,POLICE_00500,3,AUTOMOBILE,MONO AUTO,RENOUVELLEMENT,2024-06-23,2024-12-23,2024-06-23,2024-06-23,2024-06-23,2024-08-02,61100,30900,6500,4300,72000,15,9200,0,0,2024,2024-06,40.0,DATE DE PAIEMENT RENSEIGNEE,OK,6,2024Q2,183.0,40.0,False,False,False,True
OP_00586,CLIENT_0360,PERSONNE MORALE,COMPAGNIE_02,POLICE_00466,0,AUTOMOBILE,MONO AUTO,AFFAIRE NOUVELLE,2024-06-24,2025-06-23,2024-06-24,2024-06-24,2024-06-24,,65400,61000,8200,3000,76600,15,9800,0,0,2024,2024-06,,DATE DE PAIEMENT NON RENSEIGNEE,OK,6,2024Q2,364.0,,False,False,False,False
OP_00587,CLIENT_0380,PERSONNE PHYSIQUE,COMPAGNIE_03,POLICE_00499,1,AUTOMOBILE,MONO AUTO,RENOUVELLEMENT,2024-06-24,2025-06-23,2024-06-24,2024-06-24,2024-06-24,,83400,36900,8700,3800,95900,15,12500,0,0,2024,2024-06,,DATE DE PAIEMENT NON RENSEIGNEE,OK,6,2024Q2,364.0,,False,False,False,False
OP_00588,CLIENT_0194,PERSONNE PHYSIQUE,COMPAGNIE_01,POLICE_00476,6,AUTOMOBILE,MONO AUTO,RENOUVELLEMENT,2024-06-24,2024-12-23,2024-06-25,2024-08-27,2024-09-03,2024-09-17,24000,22900,2900,5400,32300,15,3600,0,0,2024,2024-06,14.0,DATE DE PAIEMENT RENSEIGNEE,OK,6,2024Q2,182.0,14.0,False,False,False,True
OP_00589,CLIENT_0355,PERSONNE PHYSIQUE,COMPAGNIE_04,POLICE_00458,5,AUTOMOBILE,MONO AUTO,AFFAIRE NOUVELLE,2021-05-07,2022-05-06,2024-06-25,2024-06-25,2024-06-25,2024-06-25,-2000,0,0,0,-2000,15,-300,0,0,2024,2024-06,0.0,DATE DE PAIEMENT RENSEIGNEE,OK,6,2024Q2,364.0,0.0,False,False,True,True
OP_00590,CLIENT_0353,PERSONNE PHYSIQUE,COMPAGNIE_04,POLICE_00456,0,AUTOMOBILE,MONO AUTO,AFFAIRE NOUVELLE,2022-08-12,2023-08-11,2024-06-26,2024-06-26,2024-06-26,2024-06-26,-23500,0,0,0,-23500,15,-3500,0,0,2024,2024-06,0.0,DATE DE PAIEMENT RENSEIGNEE,OK,6,2024Q2,364.0,0.0,False,False,True,True
OP_00591,CLIENT_0358,PERSONNE PHYSIQUE,COMPAGNIE_01,POLICE_00464,3,AUTOMOBILE,MONO AUTO,RENOUVELLEMENT,2024-06-26,2025-06-25,2024-06-26,2024-06-26,2024-06-26,2024-07-27,63800,62700,6900,5300,76000,15,9600,0,0,2024,2024-06,31.0,DATE DE PAIEMENT RENSEIGNEE,OK,6,2024Q2,364.0,31.0,False,False,False,True
OP_00592,CLIENT_0369,PERSONNE PHYSIQUE,COMPAGNIE_04,POLICE_00478,8,AUTOMOBILE,MONO AUTO,RENOUVELLEMENT,2024-06-29,2024-09-28,2024-06-26,2024-06-26,2024-06-26,2025-03-18,11800,11300,1500,3400,16700,15,1800,0,0,2024,2024-06,265.0,DATE DE PAIEMENT RENSEIGNEE,OK,6,2024Q2,91.0,265.0,False,False,False,True
OP_00593,CLIENT_0371,PERSONNE PHYSIQUE,COMPAGNIE_07,POLICE_00480,1,AUTOMOBILE,MONO AUTO,AFFAIRE NOUVELLE,2024-06-26,2025-06-25,2024-06-26,2024-06-26,2024-06-26,2024-07-15,210400,0,21600,5600,237500,15,31600,0,0,2024,2024-06,19.0,DATE DE PAIEMENT RENSEIGNEE,OK,6,2024Q2,364.0,19.0,False,False,False,True
OP_00594,CLIENT_0383,PERSONNE PHYSIQUE,COMPAGNIE_01,POLICE_00502,1,TRAVEL ASSURANCE,0,AFFAIRE NOUVELLE,2024-06-28,2024-07-06,2024-06-26,2024-06-26,2024-06-26,2024-08-05,10600,10600,1500,1800,13900,15,1600,0,0,2024,2024-06,40.0,DATE DE PAIEMENT RENSEIGNEE,OK,6,2024Q2,8.0,40.0,False,False,False,True
OP_00595,CLIENT_0391,PERSONNE PHYSIQUE,COMPAGNIE_01,POLICE_00511,2,AUTOMOBILE,MONO AUTO,AFFAIRE NOUVELLE,2024-06-26,2024-12-26,2024-06-26,2024-06-27,2024-06-27,2024-07-31,90500,89200,11500,5600,107600,15,13600,0,0,2024,2024-06,34.0,DATE DE PAIEMENT RENSEIGNEE,OK,6,2024Q2,183.0,34.0,False,False,False,True
OP_00596,CLIENT_0003,PERSONNE PHYSIQUE,COMPAGNIE_02,POLICE_00003,25,AUTOMOBILE,MONO AUTO,PROROGATION,2024-06-27,2024-12-26,2024-06-27,2024-06-27,2024-06-27,,35000,16400,3500,0,38500,15,5200,0,0,2024,2024-06,,DATE DE PAIEMENT NON RENSEIGNEE,OK,6,2024Q2,182.0,,False,False,False,False
OP_00597,CLIENT_0248,PERSONNE PHYSIQUE,COMPAGNIE_03,POLICE_00462,4,AUTOMOBILE,MONO AUTO,AFFAIRE NOUVELLE,2023-08-08,2024-02-04,2024-06-27,2024-06-27,2024-06-27,2024-06-27,22500,0,0,0,28400,15,4300,0,0,2024,2024-06,0.0,DATE DE PAIEMENT RENSEIGNEE,OK,6,2024Q2,180.0,0.0,False,False,False,True
OP_00598,CLIENT_0020,PERSONNE PHYSIQUE,COMPAGNIE_01,POLICE_00020,4,AUTOMOBILE,MONO AUTO,RENOUVELLEMENT,2024-06-30,2024-09-29,2024-06-28,2024-06-29,2024-06-29,2024-08-03,17600,16800,2200,4700,24600,15,2600,0,0,2024,2024-06,35.0,DATE DE PAIEMENT RENSEIGNEE,OK,6,2024Q2,91.0,35.0,False,False,False,True
OP_00599,CLIENT_0387,PERSONNE PHYSIQUE,COMPAGNIE_04,POLICE_00507,17,AUTOMOBILE,MONO AUTO,RENOUVELLEMENT,2024-06-28,2024-12-28,2024-06-28,2024-06-28,2024-06-28,2024-08-10,50200,21100,5300,2700,58300,15,7500,0,0,2024,2024-06,43.0,DATE DE PAIEMENT RENSEIGNEE,OK,6,2024Q2,183.0,43.0,False,False,False,True
OP_00600,CLIENT_0084,PERSONNE MORALE,COMPAGNIE_01,POLICE_00094,6,AUTOMOBILE,MONO AUTO,PROROGATION,2024-07-06,2025-01-05,2024-06-29,2024-07-30,2024-07-31,2025-02-05,46800,45700,5600,0,52400,15,7000,0,0,2024,2024-06,189.0,DATE DE PAIEMENT RENSEIGNEE,OK,6,2024Q2,183.0,189.0,False,False,False,True
OP_00601,CLIENT_0240,PERSONNE PHYSIQUE,COMPAGNIE_02,POLICE_00483,11,AUTOMOBILE,MONO AUTO,PROROGATION,2024-06-29,2024-12-28,2024-06-29,2024-06-29,2024-06-29,,110800,30700,11100,0,121900,15,16600,0,0,2024,2024-06,,DATE DE PAIEMENT NON RENSEIGNEE,OK,6,2024Q2,182.0,,False,False,False,False
OP_00602,CLIENT_0375,PERSONNE PHYSIQUE,COMPAGNIE_01,POLICE_00486,1,TRAVEL ASSURANCE,0,AFFAIRE NOUVELLE,2024-06-29,2024-07-05,2024-06-29,2024-06-29,2024-06-29,2024-07-17,7700,0,1200,2200,11100,10,800,0,0,2024,2024-06,18.0,DATE DE PAIEMENT RENSEIGNEE,OK,6,2024Q2,6.0,18.0,False,False,False,True
OP_00603,CLIENT_0364,PERSONNE PHYSIQUE,COMPAGNIE_03,POLICE_00472,0,AUTOMOBILE,MONO AUTO,AFFAIRE NOUVELLE,2024-07-01,2024-12-30,2024-06-30,2024-06-30,2024-06-30,2024-09-15,55900,26700,6000,4500,66400,15,8400,0,0,2024,2024-06,77.0,DATE DE PAIEMENT RENSEIGNEE,OK,6,2024Q2,182.0,77.0,False,False,False,True
OP_00604,CLIENT_0378,PERSONNE PHYSIQUE,COMPAGNIE_02,POLICE_00496,0,AUTOMOBILE,MONO AUTO,AFFAIRE NOUVELLE,2024-07-01,2025-06-30,2024-06-30,2024-07-01,2024-07-01,2024-10-20,254400,58300,25800,3100,283300,15,38200,0,0,2024,2024-06,111.0,DATE DE PAIEMENT RENSEIGNEE,OK,6,2024Q2,364.0,111.0,False,False,False,True
OP_00605,CLIENT_0190,PERSONNE MORALE,COMPAGNIE_01,POLICE_00433,0,AUTOMOBILE,MONO AUTO,RENOUVELLEMENT,2024-07-03,2025-07-02,2024-07-01,2024-07-01,2024-07-01,2025-02-09,1065400,0,107000,4900,1177300,15,159800,0,0,2024,2024-07,223.0,DATE DE PAIEMENT RENSEIGNEE,OK,7,2024Q3,364.0,223.0,False,False,False,True
OP_00606,CLIENT_0376,PERSONNE PHYSIQUE,COMPAGNIE_03,POLICE_00487,1,AUTOMOBILE,MONO AUTO,RENOUVELLEMENT,2024-07-05,2025-07-04,2024-07-01,2024-07-01,2024-07-01,2024-09-11,40800,40100,4600,4900,50300,15,6100,0,0,2024,2024-07,72.0,DATE DE PAIEMENT RENSEIGNEE,OK,7,2024Q3,364.0,72.0,False,False,False,True
OP_00607,CLIENT_0281,PERSONNE PHYSIQUE,COMPAGNIE_04,POLICE_00342,4,AUTOMOBILE,MONO AUTO,RENOUVELLEMENT,2024-07-01,2025-06-30,2024-07-02,2024-07-02,2024-07-02,2024-08-22,118500,51800,12200,3400,134100,15,17800,0,0,2024,2024-07,51.0,DATE DE PAIEMENT RENSEIGNEE,OK,7,2024Q3,364.0,51.0,False,False,False,True
OP_00608,CLIENT_0357,PERSONNE PHYSIQUE,COMPAGNIE_03,POLICE_00463,0,AUTOMOBILE,MONO AUTO,AFFAIRE NOUVELLE,2024-07-02,2024-10-01,2024-07-02,2024-07-02,2024-07-02,2024-09-25,18600,18400,2100,2500,23300,15,2800,0,0,2024,2024-07,85.0,DATE DE PAIEMENT RENSEIGNEE,OK,7,2024Q3,91.0,85.0,False,False,False,True
OP_00609,CLIENT_0361,PERSONNE PHYSIQUE,COMPAGNIE_01,POLICE_00467,4,AUTOMOBILE,MONO AUTO,PROROGATION,2024-07-08,2025-01-06,2024-07-02,2024-07-02,2024-07-02,2024-07-30,20800,19700,2100,0,22900,15,3100,0,0,2024,2024-07,28.0,DATE DE PAIEMENT RENSEIGNEE,OK,7,2024Q3,182.0,28.0,False,False,False,True
OP_00610,CLIENT_0373,PERSONNE MORALE,COMPAGNIE_01,POLICE_00482,1,AUTOMOBILE,MONO AUTO,AFFAIRE NOUVELLE,2024-07-02,2025-07-01,2024-07-02,2024-07-06,2024-07-06,2024-08-18,147500,144400,18400,5500,171300,15,22100,0,0,2024,2024-07,43.0,DATE DE PAIEMENT RENSEIGNEE,OK,7,2024Q3,364.0,43.0,False,False,False,True
OP_00611,CLIENT_0377,PERSONNE PHYSIQUE,COMPAGNIE_03,POLICE_00490,1,AUTOMOBILE,MONO AUTO,RENOUVELLEMENT,2024-07-02,2024-10-01,2024-07-02,2024-07-02,2024-07-02,2024-09-11,10600,0,1500,4500,16700,15,1600,0,0,2024,2024-07,71.0,DATE DE PAIEMENT RENSEIGNEE,OK,7,2024Q3,91.0,71.0,False,False,False,True
OP_00612,CLIENT_0379,PERSONNE MORALE,COMPAGNIE_07,POLICE_00497,0,GLOBALE DOMMAGES,INCENDIE,AFFAIRE NOUVELLE,2024-07-02,2025-07-01,2024-07-02,2024-07-03,2024-07-03,2024-10-01,161600,0,31000,5000,197500,20,32300,0,0,2024,2024-07,90.0,DATE DE PAIEMENT RENSEIGNEE,OK,7,2024Q3,364.0,90.0,False,False,False,True
OP_00613,CLIENT_0323,PERSONNE MORALE,COMPAGNIE_01,POLICE_00491,1,AUTOMOBILE,MONO AUTO,RENOUVELLEMENT,2024-07-03,2025-07-02,2024-07-03,2024-11-09,2024-11-09,2025-01-01,107700,37200,11200,4600,123500,15,16200,0,0,2024,2024-07,53.0,DATE DE PAIEMENT RENSEIGNEE,OK,7,2024Q3,364.0,53.0,False,False,False,True
OP_00614,CLIENT_0367,PERSONNE MORALE,COMPAGNIE_01,POLICE_00475,0,TRAVEL ASSURANCE,0,AFFAIRE NOUVELLE,2024-07-07,2024-07-13,2024-07-03,2024-07-03,2024-07-03,2024-07-25,7100,0,1100,2000,10100,15,1100,0,0,2024,2024-07,22.0,DATE DE PAIEMENT RENSEIGNEE,OK,7,2024Q3,6.0,22.0,False,False,False,True
OP_00615,CLIENT_0392,PERSONNE PHYSIQUE,COMPAGNIE_05,POLICE_00512,0,AUTOMOBILE,MONO AUTO,RENOUVELLEMENT,2024-08-14,2025-08-13,2024-07-03,2024-07-03,2024-07-03,,109700,47100,11500,5100,126300,15,16500,0,0,2024,2024-07,,DATE DE PAIEMENT NON RENSEIGNEE,OK,7,2024Q3,364.0,,False,False,False,False
OP_00616,CLIENT_0079,PERSONNE PHYSIQUE,COMPAGNIE_05,POLICE_00084,2,AUTOMOBILE,MONO AUTO,RENOUVELLEMENT,2024-07-05,2025-01-04,2024-07-04,2024-07-04,2024-07-04,2024-07-13,19700,0,2400,4500,26600,15,3000,0,0,2024,2024-07,9.0,DATE DE PAIEMENT RENSEIGNEE,OK,7,2024Q3,183.0,9.0,False,False,False,True
OP_00617,CLIENT_0240,PERSONNE PHYSIQUE,COMPAGNIE_01,POLICE_00498,1,AUTOMOBILE,MONO AUTO,AFFAIRE NOUVELLE,2024-07-04,2025-01-03,2024-07-05,2024-07-05,2024-07-05,2024-08-15,50300,49000,6700,5400,62400,15,7500,0,0,2024,2024-07,41.0,DATE DE PAIEMENT RENSEIGNEE,OK,7,2024Q3,183.0,41.0,False,False,False,True
OP_00618,CLIENT_0399,PERSONNE PHYSIQUE,COMPAGNIE_01,POLICE_00521,2,AUTOMOBILE,MONO AUTO,RENOUVELLEMENT,2024-07-08,2025-07-07,2024-07-06,2024-07-07,2024-07-07,2024-08-03,46800,45800,5200,5000,57000,15,7000,0,0,2024,2024-07,27.0,DATE DE PAIEMENT RENSEIGNEE,OK,7,2024Q3,364.0,27.0,False,False,False,True
OP_00619,CLIENT_0082,PERSONNE PHYSIQUE,COMPAGNIE_02,POLICE_00087,1,AUTOMOBILE,MONO AUTO,RENOUVELLEMENT,2024-07-15,2025-01-14,2024-07-07,2024-07-10,2024-07-10,2024-10-25,20900,18300,2300,2000,25300,15,3100,0,0,2024,2024-07,107.0,DATE DE PAIEMENT RENSEIGNEE,OK,7,2024Q3,183.0,107.0,False,False,False,True
OP_00620,CLIENT_0085,PERSONNE MORALE,COMPAGNIE_01,POLICE_00090,7,AUTOMOBILE,MONO AUTO,RENOUVELLEMENT,2024-07-14,2025-01-13,2024-07-07,2024-08-07,2024-08-08,,47800,46400,5700,0,53600,15,7200,0,0,2024,2024-07,,DATE DE PAIEMENT NON RENSEIGNEE,OK,7,2024Q3,183.0,,False,False,False,False
OP_00621,CLIENT_0126,PERSONNE MORALE,COMPAGNIE_04,POLICE_00144,6,ASSURANCE SANTE,ASSURANCE MALADIE GROUPE,INCORPORATION,2024-03-10,2025-03-09,2024-07-07,2024-07-12,2024-07-07,2024-08-05,832300,0,0,37300,869600,10,83200,0,0,2024,2024-07,29.0,DATE DE PAIEMENT RENSEIGNEE,OK,7,2024Q3,364.0,29.0,False,False,False,True
OP_00622,CLIENT_0126,PERSONNE MORALE,COMPAGNIE_04,POLICE_00349,21,ASSURANCE SANTE,ASSURANCE MALADIE GROUPE,INCORPORATION,2024-07-01,2024-12-01,2024-07-07,2024-07-07,2024-07-07,2024-08-05,52300,0,0,3800,56100,10,5200,0,0,2024,2024-07,29.0,DATE DE PAIEMENT RENSEIGNEE,OK,7,2024Q3,153.0,29.0,False,False,False,True
OP_00623,CLIENT_0382,PERSONNE PHYSIQUE,COMPAGNIE_01,POLICE_00501,1,TRAVEL ASSURANCE,0,AFFAIRE NOUVELLE,2024-07-09,2024-07-17,2024-07-07,2024-07-07,2024-07-07,2024-08-16,12000,12000,1700,2000,15700,15,1800,0,0,2024,2024-07,40.0,DATE DE PAIEMENT RENSEIGNEE,OK,7,2024Q3,8.0,40.0,False,False,False,True
OP_00624,CLIENT_0043,PERSONNE MORALE,COMPAGNIE_03,POLICE_00271,2,BRIS DE MACHINE,0,AFFAIRE NOUVELLE,2024-07-05,2025-03-26,2024-07-08,2025-01-21,2025-01-21,,4620400,0,671300,9000,5300600,17,785500,0,0,2024,2024-07,,DATE DE PAIEMENT NON RENSEIGNEE,OK,7,2024Q3,264.0,,False,False,False,False
OP_00625,CLIENT_0318,PERSONNE MORALE,COMPAGNIE_05,POLICE_00514,0,AUTOMOBILE,MONO AUTO,AFFAIRE NOUVELLE,2024-07-09,2024-10-08,2024-07-08,2024-07-08,2024-07-08,,14500,13100,1800,3600,19900,15,2200,0,0,2024,2024-07,,DATE DE PAIEMENT NON RENSEIGNEE,OK,7,2024Q3,91.0,,False,False,False,False
OP_00626,CLIENT_0013,PERSONNE PHYSIQUE,COMPAGNIE_01,POLICE_00013,5,AUTOMOBILE,MONO AUTO,RENOUVELLEMENT,2024-07-10,2025-01-09,2024-07-10,2024-07-10,2024-07-10,2024-07-31,21300,20900,2600,4800,28600,15,3200,0,0,2024,2024-07,21.0,DATE DE PAIEMENT RENSEIGNEE,OK,7,2024Q3,183.0,21.0,False,False,False,True
OP_00627,CLIENT_0247,PERSONNE PHYSIQUE,COMPAGNIE_04,POLICE_00522,10,AUTOMOBILE,MONO AUTO,RENOUVELLEMENT,2024-07-11,2024-10-10,2024-07-10,2024-07-10,2024-07-10,2024-08-14,10300,10000,1300,3000,14700,15,1500,0,0,2024,2024-07,35.0,DATE DE PAIEMENT RENSEIGNEE,OK,7,2024Q3,91.0,35.0,False,False,False,True
OP_00628,CLIENT_0386,PERSONNE PHYSIQUE,COMPAGNIE_02,POLICE_00506,0,TRAVEL ASSURANCE,0,AFFAIRE NOUVELLE,2024-08-16,2024-11-15,2024-07-10,2024-07-10,2024-07-10,2024-10-24,19100,0,2900,5100,27100,10,1900,0,0,2024,2024-07,106.0,DATE DE PAIEMENT RENSEIGNEE,OK,7,2024Q3,91.0,106.0,False,False,False,True
OP_00629,CLIENT_0006,PERSONNE PHYSIQUE,COMPAGNIE_01,POLICE_00529,0,AUTOMOBILE,MONO AUTO,RENOUVELLEMENT,2024-07-11,2025-10-10,2024-07-11,2024-07-12,2024-07-12,2024-08-03,13100,12300,1800,4500,19300,15,2000,0,0,2024,2024-07,22.0,DATE DE PAIEMENT RENSEIGNEE,OK,7,2024Q3,456.0,22.0,False,False,False,True
OP_00630,CLIENT_0007,PERSONNE PHYSIQUE,COMPAGNIE_03,POLICE_00007,3,AUTOMOBILE,MONO AUTO,RENOUVELLEMENT,2024-07-13,2025-01-12,2024-07-11,2024-07-16,2024-07-16,,27700,27200,2900,1100,31700,15,4100,0,0,2024,2024-07,,DATE DE PAIEMENT NON RENSEIGNEE,OK,7,2024Q3,183.0,,False,False,False,False
OP_00631,CLIENT_0372,PERSONNE PHYSIQUE,COMPAGNIE_05,POLICE_00481,0,AUTOMOBILE,MONO AUTO,RENOUVELLEMENT,2024-07-10,2025-07-09,2024-07-11,2024-07-11,2024-07-11,,131400,66900,13600,5100,150100,15,19700,0,0,2024,2024-07,,DATE DE PAIEMENT NON RENSEIGNEE,OK,7,2024Q3,364.0,,False,False,False,False
OP_00632,CLIENT_0076,PERSONNE MORALE,COMPAGNIE_07,POLICE_00081,0,ASSURANCES TRANSPORTS,MARITIME,AFFAIRE NOUVELLE,2024-02-17,2025-02-16,2024-07-12,2024-07-17,2024-07-17,,1137600,0,0,0,1137600,15,170600,0,0,2024,2024-07,,DATE DE PAIEMENT NON RENSEIGNEE,OK,7,2024Q3,365.0,,False,False,False,False
OP_00633,CLIENT_0247,PERSONNE PHYSIQUE,COMPAGNIE_04,POLICE_00522,11,AUTOMOBILE,MONO AUTO,RESILIATION,2024-07-11,2024-07-11,2024-07-12,2024-07-12,2024-07-12,,-1400,0,100,-14200,-15500,15,-200,0,0,2024,2024-07,,DATE DE PAIEMENT NON RENSEIGNEE,OK,7,2024Q3,0.0,,False,False,True,False
OP_00634,CLIENT_0064,PERSONNE PHYSIQUE,COMPAGNIE_04,POLICE_00065,21,AUTOMOBILE,MONO AUTO,RENOUVELLEMENT,2024-07-13,2024-10-12,2024-07-13,2024-07-13,2024-07-13,2024-08-29,18900,18500,2200,2800,23800,15,2800,0,0,2024,2024-07,47.0,DATE DE PAIEMENT RENSEIGNEE,OK,7,2024Q3,91.0,47.0,False,False,False,True
OP_00635,CLIENT_0051,PERSONNE MORALE,COMPAGNIE_01,POLICE_00492,0,AUTOMOBILE,MONO AUTO,AFFAIRE NOUVELLE,2024-07-14,2024-08-13,2024-07-14,2024-11-20,2024-11-20,2025-01-12,56200,0,6100,5200,67500,15,8400,0,0,2024,2024-07,53.0,DATE DE PAIEMENT RENSEIGNEE,OK,7,2024Q3,30.0,53.0,False,False,False,True
OP_00636,CLIENT_0388,PERSONNE PHYSIQUE,COMPAGNIE_04,POLICE_00508,1,ASSURANCE RENTE EDUCATION,0,AFFAIRE NOUVELLE,2024-10-06,2044-10-05,2024-07-14,2024-07-14,2024-07-14,,11100,0,0,5500,16600,15,1700,0,0,2024,2024-07,,DATE DE PAIEMENT NON RENSEIGNEE,OK,7,2024Q3,7304.0,,False,False,False,False
OP_00637,CLIENT_0024,PERSONNE PHYSIQUE,COMPAGNIE_03,POLICE_00024,5,AUTOMOBILE,MONO AUTO,RENOUVELLEMENT,2024-07-15,2024-10-14,2024-07-15,2024-07-15,2024-07-15,2024-09-14,11400,11200,1200,1000,13600,15,1700,0,0,2024,2024-07,61.0,DATE DE PAIEMENT RENSEIGNEE,OK,7,2024Q3,91.0,61.0,False,False,False,True
OP_00638,CLIENT_0026,PERSONNE PHYSIQUE,COMPAGNIE_03,POLICE_00026,3,AUTOMOBILE,MONO AUTO,RENOUVELLEMENT,2024-07-15,2025-07-14,2024-07-15,2024-07-15,2024-07-15,2024-09-07,51300,50600,5500,4100,60900,15,7700,0,0,2024,2024-07,54.0,DATE DE PAIEMENT RENSEIGNEE,OK,7,2024Q3,364.0,54.0,False,False,False,True
OP_00639,CLIENT_0050,PERSONNE MORALE,COMPAGNIE_06,POLICE_00050,79,AUTOMOBILE,FLOTTE AUTOMOBILE,INCORPORATION,2024-07-15,2024-07-15,2024-07-15,2024-07-18,2024-07-18,,17000,15500,1800,900,19700,15,2600,0,0,2024,2024-07,,DATE DE PAIEMENT NON RENSEIGNEE,OK,7,2024Q3,0.0,,False,False,False,False
OP_00640,CLIENT_0051,PERSONNE MORALE,COMPAGNIE_01,POLICE_00493,0,AUTOMOBILE,MONO AUTO,AFFAIRE NOUVELLE,2024-07-14,2024-08-13,2024-07-15,2024-11-20,2024-11-20,2025-01-12,60200,0,6600,5500,72300,15,9000,0,0,2024,2024-07,53.0,DATE DE PAIEMENT RENSEIGNEE,OK,7,2024Q3,30.0,53.0,False,False,False,True
OP_00641,CLIENT_0132,PERSONNE PHYSIQUE,COMPAGNIE_01,POLICE_00150,4,AUTOMOBILE,MONO AUTO,RENOUVELLEMENT,2024-07-14,2024-11-13,2024-07-15,2024-07-14,2024-07-15,2024-08-11,18000,17400,2000,2200,22300,15,2700,0,0,2024,2024-07,27.0,DATE DE PAIEMENT RENSEIGNEE,OK,7,2024Q3,122.0,27.0,False,False,False,True
OP_00642,CLIENT_0174,PERSONNE PHYSIQUE,COMPAGNIE_05,POLICE_00488,0,AUTOMOBILE,MONO AUTO,RENOUVELLEMENT,2024-07-15,2024-10-14,2024-07-15,2024-07-15,2024-07-15,,109600,106700,13800,5700,129100,15,16400,0,0,2024,2024-07,,DATE DE PAIEMENT NON RENSEIGNEE,OK,7,2024Q3,91.0,,False,False,False,False
OP_00643,CLIENT_0174,PERSONNE PHYSIQUE,COMPAGNIE_05,POLICE_00489,0,AUTOMOBILE,MONO AUTO,RENOUVELLEMENT,2024-07-15,2024-10-14,2024-07-15,2024-07-15,2024-07-15,,102100,99300,12900,5500,120500,15,15300,0,0,2024,2024-07,,DATE DE PAIEMENT NON RENSEIGNEE,OK,7,2024Q3,91.0,,False,False,False,False
OP_00644,CLIENT_0045,PERSONNE PHYSIQUE,COMPAGNIE_01,POLICE_00494,2,AUTOMOBILE,MONO AUTO,RENOUVELLEMENT,2024-07-24,2025-07-23,2024-07-16,2024-07-16,2024-07-16,2024-08-27,33800,15000,3900,4800,42400,15,5100,0,0,2024,2024-07,42.0,DATE DE PAIEMENT RENSEIGNEE,OK,7,2024Q3,364.0,42.0,False,False,False,True
OP_00645,CLIENT_0045,PERSONNE PHYSIQUE,COMPAGNIE_03,POLICE_00495,2,AUTOMOBILE,MONO AUTO,RENOUVELLEMENT,2024-07-26,2025-07-25,2024-07-16,2024-07-16,2024-07-16,2024-09-24,115500,114800,14400,4400,134400,15,17300,0,0,2024,2024-07,70.0,DATE DE PAIEMENT RENSEIGNEE,OK,7,2024Q3,364.0,70.0,False,False,False,True
OP_00646,CLIENT_0396,PERSONNE PHYSIQUE,COMPAGNIE_01,POLICE_00517,1,AUTOMOBILE,MONO AUTO,AFFAIRE NOUVELLE,2024-07-16,2024-10-15,2024-07-16,2024-07-16,2024-07-16,2024-08-15,63100,19400,6900,5400,75400,15,9500,0,0,2024,2024-07,30.0,DATE DE PAIEMENT RENSEIGNEE,OK,7,2024Q3,91.0,30.0,False,False,False,True
OP_00647,CLIENT_0385,PERSONNE PHYSIQUE,COMPAGNIE_02,POLICE_00505,0,TRAVEL ASSURANCE,0,AFFAIRE NOUVELLE,2024-08-23,2024-11-22,2024-07-17,2024-07-17,2024-07-17,2024-10-31,32200,0,3900,0,36100,10,3200,0,0,2024,2024-07,106.0,DATE DE PAIEMENT RENSEIGNEE,OK,7,2024Q3,91.0,106.0,False,False,False,True
OP_00648,CLIENT_0409,PERSONNE MORALE,COMPAGNIE_07,POLICE_00537,2,ASSURANCE SANTE,ASSURANCE MALADIE GROUPE,RENOUVELLEMENT,2024-10-31,2025-05-02,2024-07-17,2024-07-17,2024-07-17,2024-09-21,2836500,0,0,41300,2877800,10,283600,0,0,2024,2024-07,66.0,DATE DE PAIEMENT RENSEIGNEE,OK,7,2024Q3,183.0,66.0,False,False,False,True
OP_00649,CLIENT_0412,PERSONNE MORALE,COMPAGNIE_01,POLICE_00540,0,RC SCOLAIRE,RESPONSABILITE,AFFAIRE NOUVELLE,2024-07-16,2025-07-15,2024-07-17,2024-07-17,2024-07-17,2024-09-07,118300,0,14700,4500,137500,15,17700,0,0,2024,2024-07,52.0,DATE DE PAIEMENT RENSEIGNEE,OK,7,2024Q3,364.0,52.0,False,False,False,True
OP_00650,CLIENT_0075,PERSONNE PHYSIQUE,COMPAGNIE_01,POLICE_00541,3,AUTOMOBILE,MONO AUTO,RENOUVELLEMENT,2024-07-18,2025-07-17,2024-07-19,2024-10-25,2024-10-25,2024-11-03,119300,116200,15000,5600,139800,15,17900,0,0,2024,2024-07,9.0,DATE DE PAIEMENT RENSEIGNEE,OK,7,2024Q3,364.0,9.0,False,False,False,True
OP_00651,CLIENT_0223,PERSONNE PHYSIQUE,COMPAGNIE_03,POLICE_00272,1,AUTOMOBILE,MONO AUTO,RENOUVELLEMENT,2024-07-20,2025-04-19,2024-07-19,2024-07-20,2024-07-20,2024-09-25,34200,33600,3500,1000,38700,15,5100,0,0,2024,2024-07,67.0,DATE DE PAIEMENT RENSEIGNEE,OK,7,2024Q3,273.0,67.0,False,False,False,True
OP_00652,CLIENT_0407,PERSONNE PHYSIQUE,COMPAGNIE_01,POLICE_00534,2,AUTOMOBILE,MONO AUTO,RENOUVELLEMENT,2024-07-19,2025-07-18,2024-07-19,2024-07-19,2024-07-19,,79500,78500,8400,4900,92900,15,11900,0,0,2024,2024-07,,DATE DE PAIEMENT NON RENSEIGNEE,OK,7,2024Q3,364.0,,False,False,False,False
OP_00653,CLIENT_0027,PERSONNE MORALE,COMPAGNIE_02,POLICE_00027,29,AUTOMOBILE,FLOTTE AUTOMOBILE,INCORPORATION,2024-07-20,2025-01-05,2024-07-20,2024-07-26,2024-07-26,2024-10-10,57100,0,7200,2900,67100,15,8600,0,0,2024,2024-07,76.0,DATE DE PAIEMENT RENSEIGNEE,OK,7,2024Q3,169.0,76.0,False,False,False,True
OP_00654,CLIENT_0059,PERSONNE PHYSIQUE,COMPAGNIE_04,POLICE_00535,0,AUTOMOBILE,MONO AUTO,RENOUVELLEMENT,2024-07-21,2024-10-20,2024-07-20,2024-07-20,2024-07-20,2024-08-12,109100,108500,13400,2800,125400,15,16400,0,0,2024,2024-07,23.0,DATE DE PAIEMENT RENSEIGNEE,OK,7,2024Q3,91.0,23.0,False,False,False,True
OP_00655,CLIENT_0240,PERSONNE PHYSIQUE,COMPAGNIE_01,POLICE_00525,0,AUTOMOBILE,FLOTTE AUTOMOBILE,AFFAIRE NOUVELLE,2024-07-20,2025-07-19,2024-07-20,2024-07-20,2024-07-20,2024-09-21,106500,0,11200,5700,123500,15,16000,0,0,2024,2024-07,63.0,DATE DE PAIEMENT RENSEIGNEE,OK,7,2024Q3,364.0,63.0,False,False,False,True
OP_00656,CLIENT_0384,PERSONNE PHYSIQUE,COMPAGNIE_03,POLICE_00504,1,AUTOMOBILE,MONO AUTO,RENOUVELLEMENT,2024-07-26,2025-07-25,2024-07-20,2024-07-20,2024-07-20,2024-09-23,208700,76800,21200,3200,233200,15,31300,0,0,2024,2024-07,65.0,DATE DE PAIEMENT RENSEIGNEE,OK,7,2024Q3,364.0,65.0,False,False,False,True
OP_00657,CLIENT_0389,PERSONNE PHYSIQUE,COMPAGNIE_01,POLICE_00509,3,AUTOMOBILE,MONO AUTO,RENOUVELLEMENT,2024-07-25,2025-07-24,2024-07-20,2024-07-20,2024-07-20,2024-08-24,137600,62200,14300,5200,157100,15,20600,0,0,2024,2024-07,35.0,DATE DE PAIEMENT RENSEIGNEE,OK,7,2024Q3,364.0,35.0,False,False,False,True
OP_00658,CLIENT_0048,PERSONNE MORALE,COMPAGNIE_01,POLICE_00048,2,AUTOMOBILE,MONO AUTO,RENOUVELLEMENT,2024-07-21,2025-01-20,2024-07-21,2024-07-21,2024-07-21,2024-09-12,59100,23000,5900,0,65000,15,8900,0,0,2024,2024-07,53.0,DATE DE PAIEMENT RENSEIGNEE,OK,7,2024Q3,183.0,53.0,False,False,False,True
OP_00659,CLIENT_0352,PERSONNE PHYSIQUE,COMPAGNIE_03,POLICE_00520,1,AUTOMOBILE,MONO AUTO,RENOUVELLEMENT,2024-07-21,2025-01-20,2024-07-21,2024-07-21,2024-07-21,,27600,27200,3200,4500,35300,15,4100,0,0,2024,2024-07,,DATE DE PAIEMENT NON RENSEIGNEE,OK,7,2024Q3,183.0,,False,False,False,False
OP_00660,CLIENT_0393,PERSONNE PHYSIQUE,COMPAGNIE_01,POLICE_00513,1,TRAVEL ASSURANCE,0,AFFAIRE NOUVELLE,2024-08-04,2024-08-24,2024-07-21,2024-07-21,2024-07-21,2024-08-23,24300,0,3200,2100,29500,10,2400,0,0,2024,2024-07,33.0,DATE DE PAIEMENT RENSEIGNEE,OK,7,2024Q3,20.0,33.0,False,False,False,True
OP_00661,CLIENT_0065,PERSONNE PHYSIQUE,COMPAGNIE_02,POLICE_00067,8,AUTOMOBILE,MONO AUTO,RENOUVELLEMENT,2024-07-21,2025-01-20,2024-07-22,2024-07-22,2024-07-22,2024-10-21,110800,41500,11100,0,121900,15,16600,0,0,2024,2024-07,91.0,DATE DE PAIEMENT RENSEIGNEE,OK,7,2024Q3,183.0,91.0,False,False,False,True
OP_00662,CLIENT_0130,PERSONNE PHYSIQUE,COMPAGNIE_01,POLICE_00503,4,AUTOMOBILE,MONO AUTO,RENOUVELLEMENT,2024-07-22,2024-10-21,2024-07-22,2024-07-22,2024-07-22,2024-08-28,14500,13600,2000,5600,22100,15,2200,0,0,2024,2024-07,37.0,DATE DE PAIEMENT RENSEIGNEE,OK,7,2024Q3,91.0,37.0,False,False,False,True
OP_00663,CLIENT_0390,PERSONNE PHYSIQUE,COMPAGNIE_01,POLICE_00510,1,TRAVEL ASSURANCE,0,AFFAIRE NOUVELLE,2024-07-23,2024-08-22,2024-07-22,2024-07-22,2024-07-22,2024-08-26,16400,0,2200,1700,20300,10,1600,0,0,2024,2024-07,35.0,DATE DE PAIEMENT RENSEIGNEE,OK,7,2024Q3,30.0,35.0,False,False,False,True
OP_00664,CLIENT_0031,PERSONNE PHYSIQUE,COMPAGNIE_03,POLICE_00031,4,AUTOMOBILE,MONO AUTO,RENOUVELLEMENT,2024-07-27,2025-01-26,2024-07-23,2024-07-23,2024-07-23,2024-09-03,59000,58300,7600,4100,70700,15,8800,0,0,2024,2024-07,42.0,DATE DE PAIEMENT RENSEIGNEE,OK,7,2024Q3,183.0,42.0,False,False,False,True
OP_00665,CLIENT_0397,PERSONNE PHYSIQUE,COMPAGNIE_03,POLICE_00518,0,AUTOMOBILE,MONO AUTO,AFFAIRE NOUVELLE,2024-07-22,2025-01-21,2024-07-23,2024-07-23,2024-07-23,2024-09-18,51300,20800,5600,4500,61400,15,7700,0,0,2024,2024-07,57.0,DATE DE PAIEMENT RENSEIGNEE,OK,7,2024Q3,183.0,57.0,False,False,False,True
OP_00666,CLIENT_0404,PERSONNE PHYSIQUE,COMPAGNIE_04,POLICE_00531,0,AUTOMOBILE,MONO AUTO,AFFAIRE NOUVELLE,2024-04-16,2024-10-15,2024-07-23,2024-07-23,2024-07-23,2024-07-23,22400,0,0,0,22400,15,3400,0,0,2024,2024-07,0.0,DATE DE PAIEMENT RENSEIGNEE,OK,7,2024Q3,182.0,0.0,False,False,False,True
OP_00667,CLIENT_0413,PERSONNE MORALE,COMPAGNIE_03,POLICE_00542,0,AUTOMOBILE,FLOTTE MOTO,AFFAIRE NOUVELLE,2024-07-22,2025-07-21,2024-07-23,2024-07-23,2024-07-23,2024-09-03,118300,116900,14800,4800,137900,15,17700,0,0,2024,2024-07,42.0,DATE DE PAIEMENT RENSEIGNEE,OK,7,2024Q3,364.0,42.0,False,False,False,True
OP_00668,CLIENT_0067,PERSONNE MORALE,COMPAGNIE_01,POLICE_00523,0,AUTOMOBILE,FLOTTE AUTOMOBILE,RENOUVELLEMENT,2024-07-24,2025-07-23,2024-07-24,2024-07-28,2024-07-28,2024-08-19,180800,0,22000,2500,205300,15,27100,0,0,2024,2024-07,22.0,DATE DE PAIEMENT RENSEIGNEE,OK,7,2024Q3,364.0,22.0,False,False,False,True
OP_00669,CLIENT_0067,PERSONNE MORALE,COMPAGNIE_01,POLICE_00523,0,AUTOMOBILE,FLOTTE AUTOMOBILE,RENOUVELLEMENT,2024-07-24,2025-07-23,2024-07-24,2024-07-28,2024-07-28,,145400,0,17700,2500,165600,15,21800,0,0,2024,2024-07,,DATE DE PAIEMENT NON RENSEIGNEE,OK,7,2024Q3,364.0,,False,False,False,False
OP_00670,CLIENT_0402,PERSONNE PHYSIQUE,COMPAGNIE_01,POLICE_00528,2,AUTOMOBILE,MONO AUTO,AFFAIRE NOUVELLE,2024-08-03,2024-11-02,2024-07-24,2024-07-24,2024-07-24,2024-08-16,8600,12100,1600,5100,15300,15,1300,0,0,2024,2024-07,23.0,DATE DE PAIEMENT RENSEIGNEE,OK,7,2024Q3,91.0,23.0,False,False,False,True
OP_00671,CLIENT_0410,PERSONNE MORALE,COMPAGNIE_01,POLICE_00539,1,AUTOMOBILE,MONO AUTO,AFFAIRE NOUVELLE,2024-07-23,2024-10-22,2024-07-24,2024-07-24,2024-07-24,2024-09-14,26600,25700,3900,5600,36100,15,4000,0,0,2024,2024-07,52.0,DATE DE PAIEMENT RENSEIGNEE,OK,7,2024Q3,91.0,52.0,False,False,False,True
OP_00672,CLIENT_0043,PERSONNE MORALE,COMPAGNIE_03,POLICE_00043,144,ASSURANCE SANTE,ASSURANCE MALADIE GROUPE,INCORPORATION,2024-01-25,2025-01-24,2024-07-25,2025-01-21,2025-01-21,,923600,0,0,49700,973300,10,92400,0,0,2024,2024-07,,DATE DE PAIEMENT NON RENSEIGNEE,OK,7,2024Q3,365.0,,False,False,False,False
OP_00673,CLIENT_0043,PERSONNE MORALE,COMPAGNIE_03,POLICE_00043,148,ASSURANCE SANTE,ASSURANCE MALADIE GROUPE,INCORPORATION,2024-01-25,2025-01-24,2024-07-25,2025-01-21,2025-01-21,,182500,0,0,140000,322500,10,18200,0,0,2024,2024-07,,DATE DE PAIEMENT NON RENSEIGNEE,OK,7,2024Q3,365.0,,False,False,False,False
OP_00674,CLIENT_0115,PERSONNE PHYSIQUE,COMPAGNIE_03,POLICE_00526,0,AUTOMOBILE,MONO AUTO,RENOUVELLEMENT,2024-07-25,2025-07-24,2024-07-25,2024-07-25,2024-07-25,2024-09-14,46100,45200,5100,4700,55900,15,6900,0,0,2024,2024-07,51.0,DATE DE PAIEMENT RENSEIGNEE,OK,7,2024Q3,364.0,51.0,False,False,False,True
OP_00675,CLIENT_0398,PERSONNE PHYSIQUE,COMPAGNIE_01,POLICE_00519,1,AUTOMOBILE,MONO AUTO,AFFAIRE NOUVELLE,2024-07-25,2025-07-24,2024-07-26,2024-07-26,2024-07-26,2024-08-24,160600,72100,16500,4500,181700,15,24100,0,0,2024,2024-07,29.0,DATE DE PAIEMENT RENSEIGNEE,OK,7,2024Q3,364.0,29.0,False,False,False,True
OP_00676,CLIENT_0012,PERSONNE PHYSIQUE,COMPAGNIE_04,POLICE_00012,6,AUTOMOBILE,MONO AUTO,RENOUVELLEMENT,2024-07-26,2025-01-25,2024-07-27,2024-07-27,2024-07-27,2024-08-17,26300,25600,2900,2600,31700,15,3900,0,0,2024,2024-07,21.0,DATE DE PAIEMENT RENSEIGNEE,OK,7,2024Q3,183.0,21.0,False,False,False,True
OP_00677,CLIENT_0074,PERSONNE PHYSIQUE,COMPAGNIE_04,POLICE_00079,12,AUTOMOBILE,MONO AUTO,RENOUVELLEMENT,2024-07-28,2024-10-27,2024-07-27,2024-07-27,2024-07-27,2025-03-09,11300,10900,1100,0,12400,15,1700,0,0,2024,2024-07,225.0,DATE DE PAIEMENT RENSEIGNEE,OK,7,2024Q3,91.0,225.0,False,False,False,True
OP_00678,CLIENT_0414,PERSONNE PHYSIQUE,COMPAGNIE_01,POLICE_00543,0,AUTOMOBILE,FLOTTE AUTOMOBILE,RENOUVELLEMENT,2024-07-27,2025-07-26,2024-07-27,2024-07-28,2024-07-28,2024-09-15,133000,0,13800,5400,152300,15,20000,0,0,2024,2024-07,49.0,DATE DE PAIEMENT RENSEIGNEE,OK,7,2024Q3,364.0,49.0,False,False,False,True
OP_00679,CLIENT_0419,PERSONNE PHYSIQUE,COMPAGNIE_01,POLICE_00549,4,AUTOMOBILE,MONO AUTO,RENOUVELLEMENT,2024-07-22,2025-07-21,2024-07-27,2024-11-15,2024-11-15,2024-12-20,41200,40200,4600,5100,50900,15,6200,0,0,2024,2024-07,35.0,DATE DE PAIEMENT RENSEIGNEE,OK,7,2024Q3,364.0,35.0,False,False,False,True
OP_00680,CLIENT_0289,PERSONNE MORALE,COMPAGNIE_07,POLICE_00352,3,ASSURANCE SANTE,ASSURANCE MALADIE GROUPE,INCORPORATION,2024-07-29,2025-04-26,2024-07-29,2024-07-29,2024-07-29,2024-09-29,348500,0,0,13100,361600,10,34900,0,0,2024,2024-07,62.0,DATE DE PAIEMENT RENSEIGNEE,OK,7,2024Q3,271.0,62.0,False,False,False,True
OP_00681,CLIENT_0394,PERSONNE PHYSIQUE,COMPAGNIE_04,POLICE_00515,0,AUTOMOBILE,MONO AUTO,AFFAIRE NOUVELLE,2024-07-29,2025-01-28,2024-07-29,2024-07-29,2024-07-29,2024-09-04,66800,38100,6900,1900,75600,15,10000,0,0,2024,2024-07,37.0,DATE DE PAIEMENT RENSEIGNEE,OK,7,2024Q3,183.0,37.0,False,False,False,True
OP_00682,CLIENT_0395,PERSONNE PHYSIQUE,COMPAGNIE_04,POLICE_00516,4,AUTOMOBILE,MONO AUTO,RENOUVELLEMENT,2024-07-29,2024-07-28,2024-07-29,2024-07-29,2024-07-29,2024-09-04,42300,40700,4700,4500,51500,15,6300,0,0,2024,2024-07,37.0,DATE DE PAIEMENT RENSEIGNEE,EFFET_APRES_ECHEANCE,7,2024Q3,-1.0,37.0,True,False,False,True
OP_00683,CLIENT_0423,PERSONNE PHYSIQUE,COMPAGNIE_01,POLICE_00555,1,AUTOMOBILE,MONO AUTO,AFFAIRE NOUVELLE,2024-07-27,2025-01-26,2024-07-29,2024-07-26,2024-07-29,2024-09-06,22400,20600,2700,5000,30100,15,3400,0,0,2024,2024-07,39.0,DATE DE PAIEMENT RENSEIGNEE,OK,7,2024Q3,183.0,39.0,False,False,False,True
OP_00684,CLIENT_0405,PERSONNE MORALE,COMPAGNIE_04,POLICE_00532,0,AUTOMOBILE,FLOTTE AUTOMOBILE,AFFAIRE NOUVELLE,2021-09-01,,2024-07-30,2024-07-30,2024-07-30,2024-07-30,6800,0,0,0,6800,15,1000,0,0,2024,2024-07,0.0,DATE DE PAIEMENT RENSEIGNEE,OK,7,2024Q3,,0.0,False,False,False,True
OP_00685,CLIENT_0034,PERSONNE PHYSIQUE,COMPAGNIE_03,POLICE_00034,4,AUTOMOBILE,MONO AUTO,RENOUVELLEMENT,2024-07-30,2025-01-29,2024-08-02,2024-08-02,2024-08-02,2024-09-15,23100,22700,2400,1100,26600,15,3500,0,0,2024,2024-08,44.0,DATE DE PAIEMENT RENSEIGNEE,OK,8,2024Q3,183.0,44.0,False,False,False,True
OP_00686,CLIENT_0085,PERSONNE MORALE,COMPAGNIE_01,POLICE_00163,3,AUTOMOBILE,MONO AUTO,RENOUVELLEMENT,2024-07-28,2025-01-27,2024-08-02,2025-01-08,2025-01-08,2025-02-13,38200,0,5200,4800,48200,15,5700,0,0,2024,2024-08,36.0,DATE DE PAIEMENT RENSEIGNEE,OK,8,2024Q3,183.0,36.0,False,False,False,True
OP_00687,CLIENT_0400,PERSONNE PHYSIQUE,COMPAGNIE_03,POLICE_00524,0,AUTOMOBILE,MONO AUTO,RENOUVELLEMENT,2024-08-02,2024-11-01,2024-08-02,2024-08-02,2024-08-02,2024-09-25,20100,19900,2600,5500,28100,15,3000,0,0,2024,2024-08,54.0,DATE DE PAIEMENT RENSEIGNEE,OK,8,2024Q3,91.0,54.0,False,False,False,True
OP_00688,CLIENT_0289,PERSONNE MORALE,COMPAGNIE_07,POLICE_00352,1,ASSURANCE SANTE,ASSURANCE MALADIE GROUPE,INCORPORATION,2024-07-21,2025-04-26,2024-08-03,2024-09-20,2024-09-20,,722000,0,0,19900,741800,10,72200,0,0,2024,2024-08,,DATE DE PAIEMENT NON RENSEIGNEE,OK,8,2024Q3,279.0,,False,False,False,False
OP_00689,CLIENT_0289,PERSONNE MORALE,COMPAGNIE_07,POLICE_00551,0,AUTOMOBILE,FLOTTE AUTOMOBILE,AFFAIRE NOUVELLE,2024-08-17,2025-08-16,2024-08-03,2024-09-27,2024-09-27,,1031500,0,103700,5400,1140600,15,154700,0,0,2024,2024-08,,DATE DE PAIEMENT NON RENSEIGNEE,OK,8,2024Q3,364.0,,False,False,False,False
OP_00690,CLIENT_0416,PERSONNE MORALE,COMPAGNIE_01,POLICE_00546,1,RC CHEF D'ENTREPRISE,0,AFFAIRE NOUVELLE,2024-08-03,2025-08-02,2024-08-03,2024-08-03,2024-08-03,2024-09-17,106600,0,13400,5300,125400,17,18100,0,0,2024,2024-08,45.0,DATE DE PAIEMENT RENSEIGNEE,OK,8,2024Q3,364.0,45.0,False,False,False,True
OP_00691,CLIENT_0029,PERSONNE PHYSIQUE,COMPAGNIE_01,POLICE_00029,4,AUTOMOBILE,MONO AUTO,RENOUVELLEMENT,2024-08-08,2025-02-07,2024-08-04,2024-08-05,2024-08-05,2024-08-27,21300,19900,2100,0,23400,15,3200,0,0,2024,2024-08,22.0,DATE DE PAIEMENT RENSEIGNEE,OK,8,2024Q3,183.0,22.0,False,False,False,True
OP_00692,CLIENT_0401,PERSONNE PHYSIQUE,COMPAGNIE_02,POLICE_00527,4,AUTOMOBILE,MONO AUTO,RENOUVELLEMENT,2024-08-06,2025-08-05,2024-08-04,2024-08-04,2024-08-04,2024-11-05,161700,54400,16500,2900,181100,15,24300,0,0,2024,2024-08,93.0,DATE DE PAIEMENT RENSEIGNEE,OK,8,2024Q3,364.0,93.0,False,False,False,True
OP_00693,CLIENT_0406,PERSONNE PHYSIQUE,COMPAGNIE_04,POLICE_00533,0,AUTOMOBILE,MONO AUTO,AFFAIRE NOUVELLE,2021-04-30,,2024-08-04,2024-08-04,2024-08-04,2024-08-04,44200,0,0,0,44200,15,6600,0,0,2024,2024-08,0.0,DATE DE PAIEMENT RENSEIGNEE,OK,8,2024Q3,,0.0,False,False,False,True
OP_00694,CLIENT_0420,PERSONNE PHYSIQUE,COMPAGNIE_01,POLICE_00550,1,AUTOMOBILE,MONO AUTO,AFFAIRE NOUVELLE,2024-08-03,2025-02-02,2024-08-04,2024-10-07,2024-10-07,2024-11-12,83300,80400,10600,4900,98900,15,12500,0,0,2024,2024-08,36.0,DATE DE PAIEMENT RENSEIGNEE,OK,8,2024Q3,183.0,36.0,False,False,False,True
OP_00695,CLIENT_0050,PERSONNE MORALE,COMPAGNIE_06,POLICE_00050,80,AUTOMOBILE,FLOTTE AUTOMOBILE,INCORPORATION,2024-08-04,2025-01-06,2024-08-05,2024-08-04,2024-08-05,,15700,14000,1700,1000,18400,15,2400,0,0,2024,2024-08,,DATE DE PAIEMENT NON RENSEIGNEE,OK,8,2024Q3,155.0,,False,False,False,False
OP_00696,CLIENT_0050,PERSONNE MORALE,COMPAGNIE_06,POLICE_00050,81,AUTOMOBILE,FLOTTE AUTOMOBILE,INCORPORATION,2024-08-04,2025-01-06,2024-08-05,2024-08-04,2024-08-05,,16100,14400,1700,1000,18800,15,2400,0,0,2024,2024-08,,DATE DE PAIEMENT NON RENSEIGNEE,OK,8,2024Q3,155.0,,False,False,False,False
OP_00697,CLIENT_0043,PERSONNE MORALE,COMPAGNIE_03,POLICE_00043,151,ASSURANCE SANTE,ASSURANCE MALADIE GROUPE,INCORPORATION,2024-07-19,2025-01-24,2024-08-06,2025-01-21,2025-01-21,,689300,0,0,30300,719600,10,68900,0,0,2024,2024-08,,DATE DE PAIEMENT NON RENSEIGNEE,OK,8,2024Q3,189.0,,False,False,False,False
OP_00698,CLIENT_0205,PERSONNE PHYSIQUE,COMPAGNIE_03,POLICE_00117,5,AUTOMOBILE,MONO AUTO,RENOUVELLEMENT,2024-08-09,2025-02-08,2024-08-06,2024-08-06,2024-08-06,2024-09-10,30600,29600,3600,5500,39700,15,4600,0,0,2024,2024-08,35.0,DATE DE PAIEMENT RENSEIGNEE,OK,8,2024Q3,183.0,35.0,False,False,False,True
OP_00699,CLIENT_0236,PERSONNE MORALE,COMPAGNIE_01,POLICE_00552,0,AUTOMOBILE,FLOTTE AUTOMOBILE,AFFAIRE NOUVELLE,2024-08-06,2025-08-05,2024-08-06,2024-09-02,2024-09-02,2024-09-18,65900,0,7100,4800,77800,15,9900,0,0,2024,2024-08,16.0,DATE DE PAIEMENT RENSEIGNEE,OK,8,2024Q3,364.0,16.0,False,False,False,True
OP_00700,CLIENT_0268,PERSONNE PHYSIQUE,COMPAGNIE_07,POLICE_00376,0,ASSURANCE RENTE EDUCATION,0,RENOUVELLEMENT,2023-05-15,2043-05-14,2024-08-06,2024-08-06,2024-08-06,2024-08-06,17100,0,0,0,17100,10,1700,0,0,2024,2024-08,0.0,DATE DE PAIEMENT RENSEIGNEE,OK,8,2024Q3,7304.0,0.0,False,False,False,True
OP_00701,CLIENT_0268,PERSONNE PHYSIQUE,COMPAGNIE_07,POLICE_00577,0,ASSURANCE VIE,0,RENOUVELLEMENT,2023-05-11,2050-05-10,2024-08-06,2024-08-06,2024-08-06,2024-08-06,14800,0,0,0,14800,10,1500,0,0,2024,2024-08,0.0,DATE DE PAIEMENT RENSEIGNEE,OK,8,2024Q3,9861.0,0.0,False,False,False,True
OP_00702,CLIENT_0403,PERSONNE PHYSIQUE,COMPAGNIE_03,POLICE_00530,1,AUTOMOBILE,MONO AUTO,RENOUVELLEMENT,2024-08-22,2025-08-21,2024-08-06,2024-08-06,2024-08-06,2024-09-23,104500,42500,10900,4800,120200,15,15700,0,0,2024,2024-08,48.0,DATE DE PAIEMENT RENSEIGNEE,OK,8,2024Q3,364.0,48.0,False,False,False,True
OP_00703,CLIENT_0195,PERSONNE MORALE,COMPAGNIE_05,POLICE_00558,5,RC EXPLOITATION,RESPONSABILITE,RENOUVELLEMENT,2024-08-08,2025-08-07,2024-08-08,2024-08-08,2024-08-08,,222500,0,27400,5600,255400,17,37800,0,0,2024,2024-08,,DATE DE PAIEMENT NON RENSEIGNEE,OK,8,2024Q3,364.0,,False,False,False,False
OP_00704,CLIENT_0411,PERSONNE PHYSIQUE,COMPAGNIE_04,POLICE_00092,10,AUTOMOBILE,MONO AUTO,RENOUVELLEMENT,2024-08-03,2025-02-02,2024-08-08,2024-08-03,2024-08-08,2024-08-30,25300,22000,2700,2000,30000,15,3800,0,0,2024,2024-08,22.0,DATE DE PAIEMENT RENSEIGNEE,OK,8,2024Q3,183.0,22.0,False,False,False,True
OP_00705,CLIENT_0426,PERSONNE PHYSIQUE,COMPAGNIE_03,POLICE_00559,0,AUTOMOBILE,MONO AUTO,AFFAIRE NOUVELLE,2024-08-10,2025-08-09,2024-08-08,2024-08-08,2024-08-08,2024-09-05,37100,0,4100,3800,45100,15,5600,0,0,2024,2024-08,28.0,DATE DE PAIEMENT RENSEIGNEE,OK,8,2024Q3,364.0,28.0,False,False,False,True
OP_00706,CLIENT_0417,PERSONNE MORALE,COMPAGNIE_03,POLICE_00547,0,RC CHEF D'ENTREPRISE,0,AFFAIRE NOUVELLE,2024-08-09,2025-08-08,2024-08-09,2024-08-09,2024-08-09,2024-09-13,505200,0,61100,4300,570600,17,85900,0,0,2024,2024-08,35.0,DATE DE PAIEMENT RENSEIGNEE,OK,8,2024Q3,364.0,35.0,False,False,False,True
OP_00707,CLIENT_0289,PERSONNE MORALE,COMPAGNIE_07,POLICE_00352,0,ASSURANCE SANTE,ASSURANCE MALADIE GROUPE,INCORPORATION,2024-07-28,2025-04-26,2024-08-10,2024-09-20,2026-02-20,,655600,0,0,19600,675300,10,65600,0,0,2024,2024-08,,DATE DE PAIEMENT NON RENSEIGNEE,OK,8,2024Q3,272.0,,False,False,False,False
OP_00708,CLIENT_0422,PERSONNE PHYSIQUE,COMPAGNIE_01,POLICE_00554,4,AUTOMOBILE,MONO AUTO,RENOUVELLEMENT,2024-08-12,2025-08-11,2024-08-10,2024-08-10,2024-08-10,2024-09-21,40600,39600,4500,4900,50000,15,6100,0,0,2024,2024-08,42.0,DATE DE PAIEMENT RENSEIGNEE,OK,8,2024Q3,364.0,42.0,False,False,False,True
OP_00709,CLIENT_0435,PERSONNE MORALE,COMPAGNIE_02,POLICE_00574,5,AUTOMOBILE,FLOTTE AUTOMOBILE,MODIFICATION,2021-08-10,2022-08-09,2024-08-10,2024-06-20,2024-08-10,2024-10-13,81000,0,10100,3100,94200,15,12100,0,0,2024,2024-08,64.0,DATE DE PAIEMENT RENSEIGNEE,OK,8,2024Q3,364.0,64.0,False,False,False,True
OP_00710,CLIENT_0444,PERSONNE MORALE,COMPAGNIE_01,POLICE_00585,0,ASSURANCE SANTE,ASSURANCE MALADIE GROUPE,AFFAIRE NOUVELLE,2024-08-09,2025-08-08,2024-08-10,2024-10-03,2024-10-03,2024-10-03,1320700,0,0,22400,1343100,10,132100,0,0,2024,2024-08,0.0,DATE DE PAIEMENT RENSEIGNEE,OK,8,2024Q3,364.0,0.0,False,False,False,True
OP_00711,CLIENT_0425,PERSONNE PHYSIQUE,COMPAGNIE_01,POLICE_00557,3,AUTOMOBILE,MONO AUTO,RENOUVELLEMENT,2024-08-11,2025-08-10,2024-08-11,2024-08-11,2024-08-11,,42900,41200,4700,4500,52100,15,6400,0,0,2024,2024-08,,DATE DE PAIEMENT NON RENSEIGNEE,OK,8,2024Q3,364.0,,False,False,False,False
OP_00712,CLIENT_0442,PERSONNE PHYSIQUE,COMPAGNIE_03,POLICE_00583,0,AUTOMOBILE,MONO AUTO,AFFAIRE NOUVELLE,2024-08-11,2025-08-10,2024-08-11,2024-08-11,2024-08-11,2024-08-31,58700,57800,6300,4600,69600,15,8800,0,0,2024,2024-08,20.0,DATE DE PAIEMENT RENSEIGNEE,OK,8,2024Q3,364.0,20.0,False,False,False,True
OP_00713,CLIENT_0112,PERSONNE PHYSIQUE,COMPAGNIE_01,POLICE_00123,6,AUTOMOBILE,MONO AUTO,PROROGATION,2024-08-16,2025-02-15,2024-08-12,2024-08-12,2024-08-12,2024-10-02,113800,32500,11400,0,125100,15,17100,0,0,2024,2024-08,51.0,DATE DE PAIEMENT RENSEIGNEE,OK,8,2024Q3,183.0,51.0,False,False,False,True
OP_00714,CLIENT_0137,PERSONNE PHYSIQUE,COMPAGNIE_04,POLICE_00156,12,AUTOMOBILE,MONO AUTO,RENOUVELLEMENT,2024-08-12,2024-11-11,2024-08-12,2024-08-12,2024-08-17,2025-03-08,12200,11800,1200,0,13500,15,1800,0,0,2024,2024-08,203.0,DATE DE PAIEMENT RENSEIGNEE,OK,8,2024Q3,91.0,203.0,False,False,False,True
OP_00715,CLIENT_0276,PERSONNE PHYSIQUE,COMPAGNIE_03,POLICE_00545,1,AUTOMOBILE,MONO AUTO,RENOUVELLEMENT,2024-08-12,2024-11-11,2024-08-12,2024-08-12,2024-08-12,2024-09-17,11100,11000,1200,900,13300,15,1700,0,0,2024,2024-08,36.0,DATE DE PAIEMENT RENSEIGNEE,OK,8,2024Q3,91.0,36.0,False,False,False,True
OP_00716,CLIENT_0362,PERSONNE PHYSIQUE,COMPAGNIE_02,POLICE_00566,0,AUTOMOBILE,MONO AUTO,AFFAIRE NOUVELLE,2020-12-26,2021-01-13,2024-08-12,2024-08-23,2024-10-29,2024-10-29,2800,0,0,0,2800,15,400,0,0,2024,2024-08,0.0,DATE DE PAIEMENT RENSEIGNEE,OK,8,2024Q3,18.0,0.0,False,False,False,True
OP_00717,CLIENT_0408,PERSONNE MORALE,COMPAGNIE_01,POLICE_00536,1,AUTOMOBILE,MONO AUTO,AFFAIRE NOUVELLE,2024-08-12,2024-11-11,2024-08-12,2024-08-12,2024-08-12,2024-10-04,24500,23600,3600,5200,33300,15,3700,0,0,2024,2024-08,53.0,DATE DE PAIEMENT RENSEIGNEE,OK,8,2024Q3,91.0,53.0,False,False,False,True
OP_00718,CLIENT_0098,PERSONNE PHYSIQUE,COMPAGNIE_02,POLICE_00108,5,AUTOMOBILE,MONO AUTO,RENOUVELLEMENT,2024-08-14,2025-08-13,2024-08-13,2024-08-18,2024-08-18,2024-10-26,152400,42900,15500,2300,170200,15,22900,0,0,2024,2024-08,69.0,DATE DE PAIEMENT RENSEIGNEE,OK,8,2024Q3,364.0,69.0,False,False,False,True
OP_00719,CLIENT_0408,PERSONNE MORALE,COMPAGNIE_01,POLICE_00538,1,AUTOMOBILE,MONO AUTO,AFFAIRE NOUVELLE,2024-08-12,2024-11-11,2024-08-13,2024-08-13,2024-08-13,2024-10-04,25000,24100,3600,5300,33900,15,3700,0,0,2024,2024-08,52.0,DATE DE PAIEMENT RENSEIGNEE,OK,8,2024Q3,91.0,52.0,False,False,False,True
OP_00720,CLIENT_0240,PERSONNE PHYSIQUE,COMPAGNIE_02,POLICE_00138,2,AUTOMOBILE,MONO AUTO,PROROGATION,2024-08-20,2025-02-19,2024-08-15,2024-08-15,2024-08-15,2024-10-24,178500,29300,17800,0,196300,15,26800,0,0,2024,2024-08,70.0,DATE DE PAIEMENT RENSEIGNEE,OK,8,2024Q3,183.0,70.0,False,False,False,True
OP_00721,CLIENT_0415,PERSONNE PHYSIQUE,COMPAGNIE_03,POLICE_00544,1,AUTOMOBILE,MONO AUTO,RENOUVELLEMENT,2024-08-15,2025-02-13,2024-08-15,2024-08-15,2024-08-15,,19500,19100,2400,4300,26100,15,2900,0,0,2024,2024-08,,DATE DE PAIEMENT NON RENSEIGNEE,OK,8,2024Q3,182.0,,False,False,False,False
OP_00722,CLIENT_0182,PERSONNE PHYSIQUE,COMPAGNIE_02,POLICE_00217,1,TRAVEL ASSURANCE,0,MODIFICATION,2024-06-06,2024-07-16,2024-08-16,2024-06-26,2024-08-16,2024-10-19,3100,0,400,0,3500,10,300,0,0,2024,2024-08,64.0,DATE DE PAIEMENT RENSEIGNEE,OK,8,2024Q3,40.0,64.0,False,False,False,True
OP_00723,CLIENT_0268,PERSONNE PHYSIQUE,COMPAGNIE_08,POLICE_00599,1,ASSURANCE RENTE EDUCATION,0,AFFAIRE NOUVELLE,2024-09-17,2041-09-16,2024-08-16,2024-08-16,2024-08-16,,14900,0,0,5000,19900,0,0,0,0,2024,2024-08,,DATE DE PAIEMENT NON RENSEIGNEE,OK,8,2024Q3,6208.0,,False,False,False,False
OP_00724,CLIENT_0445,PERSONNE PHYSIQUE,COMPAGNIE_03,POLICE_00586,0,AUTOMOBILE,MONO AUTO,AFFAIRE NOUVELLE,2024-08-18,2025-08-17,2024-08-16,2024-08-16,2024-08-16,2024-09-04,38800,38100,4300,4100,47200,15,5800,0,0,2024,2024-08,19.0,DATE DE PAIEMENT RENSEIGNEE,OK,8,2024Q3,364.0,19.0,False,False,False,True
OP_00725,CLIENT_0070,PERSONNE PHYSIQUE,COMPAGNIE_02,POLICE_00075,9,AUTOMOBILE,MONO AUTO,RENOUVELLEMENT,2024-08-17,2025-02-16,2024-08-17,2024-08-17,2024-08-17,2024-11-01,75900,30700,7900,3100,86900,15,11400,0,0,2024,2024-08,76.0,DATE DE PAIEMENT RENSEIGNEE,OK,8,2024Q3,183.0,76.0,False,False,False,True
OP_00726,CLIENT_0116,PERSONNE PHYSIQUE,COMPAGNIE_03,POLICE_00597,0,AUTOMOBILE,MONO AUTO,AFFAIRE NOUVELLE,2024-08-17,2024-11-16,2024-08-17,2024-08-17,2024-08-17,2024-08-29,13200,13000,1800,4400,19400,15,2000,0,0,2024,2024-08,12.0,DATE DE PAIEMENT RENSEIGNEE,OK,8,2024Q3,91.0,12.0,False,False,False,True
OP_00727,CLIENT_0418,PERSONNE PHYSIQUE,COMPAGNIE_04,POLICE_00548,0,AUTOMOBILE,MONO AUTO,AFFAIRE NOUVELLE,2024-08-17,2025-08-16,2024-08-17,2024-08-18,2024-08-18,2025-03-29,580800,103700,58400,3200,642500,15,87100,0,0,2024,2024-08,223.0,DATE DE PAIEMENT RENSEIGNEE,OK,8,2024Q3,364.0,223.0,False,False,False,True
OP_00728,CLIENT_0429,PERSONNE PHYSIQUE,COMPAGNIE_02,POLICE_00564,0,AUTOMOBILE,MONO AUTO,AFFAIRE NOUVELLE,2015-03-17,2015-12-15,2024-08-17,2024-08-28,2026-03-02,,528900,0,63800,3000,595700,15,79300,0,0,2024,2024-08,,DATE DE PAIEMENT NON RENSEIGNEE,OK,8,2024Q3,273.0,,False,False,False,False
OP_00729,CLIENT_0448,PERSONNE PHYSIQUE,COMPAGNIE_02,POLICE_00592,10,AUTOMOBILE,MONO AUTO,RENOUVELLEMENT,2024-08-18,2025-08-17,2024-08-17,2024-08-17,2024-08-17,2024-10-11,101600,38000,10400,2800,114900,15,15200,0,0,2024,2024-08,55.0,DATE DE PAIEMENT RENSEIGNEE,OK,8,2024Q3,364.0,55.0,False,False,False,True
OP_00730,CLIENT_0036,PERSONNE PHYSIQUE,COMPAGNIE_08,POLICE_00595,0,ASSURANCE RENTE EDUCATION,0,RENOUVELLEMENT,2022-06-25,2022-07-26,2024-08-18,2024-08-18,2024-08-18,2024-08-18,32700,0,0,0,32700,9,2900,0,0,2024,2024-08,0.0,DATE DE PAIEMENT RENSEIGNEE,OK,8,2024Q3,31.0,0.0,False,False,False,True
OP_00731,CLIENT_0107,PERSONNE MORALE,COMPAGNIE_01,POLICE_00578,0,AUTOMOBILE,MONO AUTO,AFFAIRE NOUVELLE,2024-08-18,2024-09-17,2024-08-18,2024-08-30,2024-08-30,2024-09-17,38300,0,5200,5400,48800,15,5700,0,0,2024,2024-08,18.0,DATE DE PAIEMENT RENSEIGNEE,OK,8,2024Q3,30.0,18.0,False,False,False,True
OP_00732,CLIENT_0428,PERSONNE PHYSIQUE,COMPAGNIE_05,POLICE_00562,0,AUTOMOBILE,MONO AUTO,AFFAIRE NOUVELLE,2024-08-16,2024-11-15,2024-08-18,2024-08-18,2024-08-18,,15200,13800,1800,2500,19400,15,2300,0,0,2024,2024-08,,DATE DE PAIEMENT NON RENSEIGNEE,OK,8,2024Q3,91.0,,False,False,False,False
OP_00733,CLIENT_0195,PERSONNE MORALE,COMPAGNIE_05,POLICE_00587,0,AUTOMOBILE,FLOTTE AUTOMOBILE,AFFAIRE NOUVELLE,2024-08-22,2025-08-21,2024-08-19,2024-08-19,2024-08-19,2024-12-08,321400,133500,32600,4800,358800,15,48200,0,0,2024,2024-08,111.0,DATE DE PAIEMENT RENSEIGNEE,OK,8,2024Q3,364.0,111.0,False,False,False,True
OP_00734,CLIENT_0341,PERSONNE PHYSIQUE,COMPAGNIE_03,POLICE_00437,2,AUTOMOBILE,MONO AUTO,RENOUVELLEMENT,2024-08-20,2024-11-19,2024-08-19,2024-08-19,2024-08-19,2024-09-26,10900,10700,1200,1100,13200,15,1600,0,0,2024,2024-08,38.0,DATE DE PAIEMENT RENSEIGNEE,OK,8,2024Q3,91.0,38.0,False,False,False,True
OP_00735,CLIENT_0443,PERSONNE PHYSIQUE,COMPAGNIE_01,POLICE_00584,3,AUTOMOBILE,MONO AUTO,RENOUVELLEMENT,2024-08-28,2025-08-27,2024-08-19,2024-08-19,2024-08-19,2024-09-16,62100,61000,6700,5100,73900,15,9300,0,0,2024,2024-08,28.0,DATE DE PAIEMENT RENSEIGNEE,OK,8,2024Q3,364.0,28.0,False,False,False,True
OP_00736,CLIENT_0234,PERSONNE PHYSIQUE,COMPAGNIE_03,POLICE_00284,2,AUTOMOBILE,MONO AUTO,RENOUVELLEMENT,2024-08-29,2025-08-28,2024-08-20,2024-08-20,2024-08-20,2024-09-25,52000,51100,5500,3400,60900,15,7800,0,0,2024,2024-08,36.0,DATE DE PAIEMENT RENSEIGNEE,OK,8,2024Q3,364.0,36.0,False,False,False,True
OP_00737,CLIENT_0109,PERSONNE PHYSIQUE,COMPAGNIE_01,POLICE_00594,2,TRAVEL ASSURANCE,0,AFFAIRE NOUVELLE,2024-08-24,2024-09-04,2024-08-21,2024-08-22,2024-08-22,2024-09-11,14300,0,2000,2000,18300,10,1400,0,0,2024,2024-08,20.0,DATE DE PAIEMENT RENSEIGNEE,OK,8,2024Q3,11.0,20.0,False,False,False,True
OP_00738,CLIENT_0440,PERSONNE PHYSIQUE,COMPAGNIE_04,POLICE_00581,3,AUTOMOBILE,MONO AUTO,AFFAIRE NOUVELLE,2022-03-30,2022-06-29,2024-08-21,2024-08-21,2024-08-21,2024-08-21,9400,0,1400,4100,14900,15,1400,0,0,2024,2024-08,0.0,DATE DE PAIEMENT RENSEIGNEE,OK,8,2024Q3,91.0,0.0,False,False,False,True
OP_00739,CLIENT_0141,PERSONNE PHYSIQUE,COMPAGNIE_01,POLICE_00166,5,AUTOMOBILE,MONO AUTO,RENOUVELLEMENT,2024-08-28,2025-02-24,2024-08-22,2024-08-22,2024-08-22,2024-09-16,24300,23900,2400,0,26800,15,3600,0,0,2024,2024-08,25.0,DATE DE PAIEMENT RENSEIGNEE,OK,8,2024Q3,180.0,25.0,False,False,False,True
OP_00740,CLIENT_0449,PERSONNE PHYSIQUE,COMPAGNIE_01,POLICE_00593,1,TRAVEL ASSURANCE,0,AFFAIRE NOUVELLE,2024-09-19,2024-09-28,2024-08-22,2024-08-22,2024-08-22,2024-09-13,11300,0,1600,1900,14800,10,1100,0,0,2024,2024-08,22.0,DATE DE PAIEMENT RENSEIGNEE,OK,8,2024Q3,9.0,22.0,False,False,False,True
OP_00741,CLIENT_0061,PERSONNE PHYSIQUE,COMPAGNIE_02,POLICE_00061,5,AUTOMOBILE,MONO AUTO,RENOUVELLEMENT,2024-08-26,2025-02-25,2024-08-23,2024-08-23,2024-08-23,2024-11-01,43900,13400,4400,0,48300,15,6600,0,0,2024,2024-08,70.0,DATE DE PAIEMENT RENSEIGNEE,OK,8,2024Q3,183.0,70.0,False,False,False,True
OP_00742,CLIENT_0101,PERSONNE PHYSIQUE,COMPAGNIE_02,POLICE_00112,6,AUTOMOBILE,MONO AUTO,RENOUVELLEMENT,2024-08-23,2025-02-19,2024-08-23,2024-08-23,2024-08-23,2024-10-26,72600,26300,7500,2800,82900,15,10900,0,0,2024,2024-08,64.0,DATE DE PAIEMENT RENSEIGNEE,OK,8,2024Q3,180.0,64.0,False,False,False,True
OP_00743,CLIENT_0421,PERSONNE PHYSIQUE,COMPAGNIE_01,POLICE_00553,1,AUTOMOBILE,MONO AUTO,AFFAIRE NOUVELLE,2024-08-23,2025-02-22,2024-08-23,2024-09-13,2024-09-13,2024-10-04,34800,33500,4000,5500,44400,15,5200,0,0,2024,2024-08,21.0,DATE DE PAIEMENT RENSEIGNEE,OK,8,2024Q3,183.0,21.0,False,False,False,True
OP_00744,CLIENT_0427,PERSONNE PHYSIQUE,COMPAGNIE_01,POLICE_00560,8,AUTOMOBILE,MONO AUTO,RENOUVELLEMENT,2024-08-21,2024-11-20,2024-08-23,2024-08-23,2024-08-23,2024-09-27,28000,27400,3400,5700,37200,15,4200,0,0,2024,2024-08,35.0,DATE DE PAIEMENT RENSEIGNEE,OK,8,2024Q3,91.0,35.0,False,False,False,True
OP_00745,CLIENT_0434,PERSONNE PHYSIQUE,COMPAGNIE_02,POLICE_00573,2,AUTOMOBILE,MONO AUTO,MODIFICATION,2021-07-26,2022-07-25,2024-08-23,2024-07-03,2024-08-23,2024-10-26,247500,0,25000,2900,275400,15,37100,0,0,2024,2024-08,64.0,DATE DE PAIEMENT RENSEIGNEE,OK,8,2024Q3,364.0,64.0,False,False,False,True
OP_00746,CLIENT_0326,PERSONNE MORALE,COMPAGNIE_02,POLICE_00563,4,AUTOMOBILE,MONO AUTO,RENOUVELLEMENT,2024-07-22,2025-07-21,2024-08-24,2024-09-04,2026-03-09,,206900,0,25200,3300,235400,15,31000,0,0,2024,2024-08,,DATE DE PAIEMENT NON RENSEIGNEE,OK,8,2024Q3,364.0,,False,False,False,False
OP_00747,CLIENT_0424,PERSONNE PHYSIQUE,COMPAGNIE_04,POLICE_00556,1,AUTOMOBILE,MONO AUTO,RENOUVELLEMENT,2024-08-21,2024-11-20,2024-08-24,2024-08-21,2024-08-24,2025-03-31,14400,12500,1600,1100,17100,15,2200,0,0,2024,2024-08,219.0,DATE DE PAIEMENT RENSEIGNEE,OK,8,2024Q3,91.0,219.0,False,False,False,True
OP_00748,CLIENT_0437,PERSONNE PHYSIQUE,COMPAGNIE_02,POLICE_00576,2,AUTOMOBILE,MONO AUTO,MODIFICATION,2021-01-05,2022-01-04,2024-08-25,2024-07-05,2024-08-25,2024-10-28,193200,0,9000,2800,193200,15,29000,0,0,2024,2024-08,64.0,DATE DE PAIEMENT RENSEIGNEE,OK,8,2024Q3,364.0,64.0,False,False,False,True
OP_00749,CLIENT_0462,PERSONNE PHYSIQUE,COMPAGNIE_01,POLICE_00610,2,AUTOMOBILE,MONO AUTO,RENOUVELLEMENT,2024-08-27,2025-08-26,2024-08-25,2024-08-25,2024-08-25,2024-09-09,197300,55200,20200,4600,222200,15,29600,0,0,2024,2024-08,15.0,DATE DE PAIEMENT RENSEIGNEE,OK,8,2024Q3,364.0,15.0,False,False,False,True
OP_00750,CLIENT_0441,PERSONNE PHYSIQUE,COMPAGNIE_01,POLICE_00582,1,INDIVIDUELLE ACCIDENTS,0,AFFAIRE NOUVELLE,2024-03-26,2024-11-25,2024-08-26,2024-08-26,2024-08-26,2024-09-25,8200,0,1200,1900,11200,17,1400,0,0,2024,2024-08,30.0,DATE DE PAIEMENT RENSEIGNEE,OK,8,2024Q3,244.0,30.0,False,False,False,True
OP_00751,CLIENT_0451,PERSONNE PHYSIQUE,COMPAGNIE_01,POLICE_00247,0,AUTOMOBILE,MONO AUTO,RENOUVELLEMENT,2024-08-25,2025-07-13,2024-08-26,2024-08-26,2024-08-26,,0,0,0,0,0,15,0,0,0,2024,2024-08,,DATE DE PAIEMENT NON RENSEIGNEE,OK,8,2024Q3,322.0,,False,False,False,False
OP_00752,CLIENT_0076,PERSONNE MORALE,COMPAGNIE_07,POLICE_00081,13,ASSURANCES TRANSPORTS,MARITIME,INCORPORATION,2024-06-30,2025-02-16,2024-08-27,2024-10-02,2024-10-02,,0,0,100,100,100,0,0,0,0,2024,2024-08,,DATE DE PAIEMENT NON RENSEIGNEE,OK,8,2024Q3,231.0,,False,False,False,False
OP_00753,CLIENT_0436,PERSONNE PHYSIQUE,COMPAGNIE_02,POLICE_00575,2,AUTOMOBILE,MONO AUTO,MODIFICATION,2020-12-29,2021-12-28,2024-08-27,2024-07-07,2024-08-27,2024-10-30,207100,0,21000,3300,231400,15,31100,0,0,2024,2024-08,64.0,DATE DE PAIEMENT RENSEIGNEE,OK,8,2024Q3,364.0,64.0,False,False,False,True
OP_00754,CLIENT_0431,PERSONNE PHYSIQUE,COMPAGNIE_02,POLICE_00567,1,AUTOMOBILE,MONO AUTO,RENOUVELLEMENT,2022-09-04,2023-09-03,2024-08-28,2024-09-08,2024-11-14,2024-11-14,304700,0,0,0,338700,15,45700,0,0,2024,2024-08,0.0,DATE DE PAIEMENT RENSEIGNEE,OK,8,2024Q3,364.0,0.0,False,False,False,True
OP_00755,CLIENT_0439,PERSONNE PHYSIQUE,COMPAGNIE_04,POLICE_00580,7,AUTOMOBILE,MONO AUTO,AFFAIRE NOUVELLE,2022-10-13,2023-04-12,2024-08-28,2024-08-28,2024-08-28,2024-08-28,21900,0,2200,0,24100,15,3300,0,0,2024,2024-08,0.0,DATE DE PAIEMENT RENSEIGNEE,OK,8,2024Q3,181.0,0.0,False,False,False,True
OP_00756,CLIENT_0174,PERSONNE PHYSIQUE,COMPAGNIE_05,POLICE_00561,0,AUTOMOBILE,MONO AUTO,AFFAIRE NOUVELLE,2024-08-29,2025-02-28,2024-08-29,2024-08-29,2024-08-29,,51300,48500,6800,5400,63500,15,7700,0,0,2024,2024-08,,DATE DE PAIEMENT NON RENSEIGNEE,OK,8,2024Q3,183.0,,False,False,False,False
OP_00757,CLIENT_0450,PERSONNE PHYSIQUE,COMPAGNIE_01,POLICE_00596,1,TRAVEL ASSURANCE,0,AFFAIRE NOUVELLE,2024-09-13,2024-10-13,2024-08-29,2024-11-17,2024-11-17,2024-11-17,18500,0,2500,2000,22900,10,1800,0,0,2024,2024-08,0.0,DATE DE PAIEMENT RENSEIGNEE,OK,8,2024Q3,30.0,0.0,False,False,False,True
OP_00758,CLIENT_0293,PERSONNE PHYSIQUE,COMPAGNIE_04,POLICE_00618,1,AUTOMOBILE,MONO AUTO,RENOUVELLEMENT,2024-08-31,2025-08-30,2024-08-30,2024-08-30,2024-08-30,,57200,49700,6100,3400,66600,15,8600,0,0,2024,2024-08,,DATE DE PAIEMENT NON RENSEIGNEE,OK,8,2024Q3,364.0,,False,False,False,False
OP_00759,CLIENT_0446,PERSONNE PHYSIQUE,COMPAGNIE_01,POLICE_00589,2,AUTOMOBILE,MONO AUTO,RENOUVELLEMENT,2024-08-30,2025-08-29,2024-08-30,2024-08-30,2024-08-30,2024-09-24,49600,46800,5500,5100,60100,15,7400,0,0,2024,2024-08,25.0,DATE DE PAIEMENT RENSEIGNEE,OK,8,2024Q3,364.0,25.0,False,False,False,True
OP_00760,CLIENT_0464,PERSONNE PHYSIQUE,COMPAGNIE_03,POLICE_00613,0,AUTOMOBILE,MONO AUTO,AFFAIRE NOUVELLE,2024-10-03,2025-10-02,2024-08-30,2024-08-30,2024-08-30,2024-10-01,111600,36400,11600,4500,127800,15,16700,0,0,2024,2024-08,32.0,DATE DE PAIEMENT RENSEIGNEE,OK,8,2024Q3,364.0,32.0,False,False,False,True
OP_00761,CLIENT_0452,PERSONNE PHYSIQUE,COMPAGNIE_03,POLICE_00600,1,AUTOMOBILE,MONO AUTO,RENOUVELLEMENT,2024-08-31,2025-03-01,2024-08-31,2024-08-31,2024-08-31,2024-09-12,25200,24400,2700,2200,30200,15,3800,0,0,2024,2024-08,12.0,DATE DE PAIEMENT RENSEIGNEE,OK,8,2024Q3,182.0,12.0,False,False,False,True
OP_00762,CLIENT_0458,PERSONNE PHYSIQUE,COMPAGNIE_03,POLICE_00606,0,AUTOMOBILE,MONO AUTO,AFFAIRE NOUVELLE,2024-08-29,2024-11-27,2024-08-31,2024-09-01,2024-09-01,,0,0,0,0,0,15,0,0,0,2024,2024-08,,DATE DE PAIEMENT NON RENSEIGNEE,OK,8,2024Q3,90.0,,False,False,False,False
OP_00763,CLIENT_0461,PERSONNE PHYSIQUE,COMPAGNIE_03,POLICE_00609,2,AUTOMOBILE,MONO AUTO,RENOUVELLEMENT,2024-08-31,2025-02-27,2024-08-31,2024-08-31,2024-08-31,2024-10-05,23400,23000,2900,5700,32100,15,3500,0,0,2024,2024-08,35.0,DATE DE PAIEMENT RENSEIGNEE,OK,8,2024Q3,180.0,35.0,False,False,False,True
OP_00764,CLIENT_0016,PERSONNE PHYSIQUE,COMPAGNIE_03,POLICE_00016,5,AUTOMOBILE,MONO AUTO,RENOUVELLEMENT,2024-09-01,2025-03-02,2024-09-01,2024-09-01,2024-09-01,,22200,21700,2700,5100,30000,15,3300,0,0,2024,2024-09,,DATE DE PAIEMENT NON RENSEIGNEE,OK,9,2024Q3,182.0,,False,False,False,False
OP_00765,CLIENT_0045,PERSONNE PHYSIQUE,COMPAGNIE_02,POLICE_00568,3,AUTOMOBILE,MONO AUTO,MODIFICATION,2021-07-15,2022-07-14,2024-09-01,2024-09-12,2024-11-18,,238100,0,0,0,238100,15,35700,0,0,2024,2024-09,,DATE DE PAIEMENT NON RENSEIGNEE,OK,9,2024Q3,364.0,,False,False,False,False
OP_00766,CLIENT_0354,PERSONNE PHYSIQUE,COMPAGNIE_03,POLICE_00615,0,AUTOMOBILE,MONO AUTO,RENOUVELLEMENT,2024-08-29,2025-02-25,2024-09-01,2024-09-01,2024-09-01,,22800,22300,2800,5600,31200,15,3400,0,0,2024,2024-09,,DATE DE PAIEMENT NON RENSEIGNEE,OK,9,2024Q3,180.0,,False,False,False,False
OP_00767,CLIENT_0163,PERSONNE PHYSIQUE,COMPAGNIE_05,POLICE_00611,0,AUTOMOBILE,MONO AUTO,RENOUVELLEMENT,2024-09-02,2025-03-01,2024-09-02,2024-09-02,2024-09-02,2024-12-08,30300,27900,4100,3900,38300,15,4600,0,0,2024,2024-09,97.0,DATE DE PAIEMENT RENSEIGNEE,OK,9,2024Q3,180.0,97.0,False,False,False,True
OP_00768,CLIENT_0430,PERSONNE PHYSIQUE,COMPAGNIE_02,POLICE_00565,0,AUTOMOBILE,MONO AUTO,AFFAIRE NOUVELLE,2020-12-28,2020-06-27,2024-09-02,2024-09-13,2024-11-19,2024-11-19,19400,0,0,0,19400,15,2900,0,0,2024,2024-09,0.0,DATE DE PAIEMENT RENSEIGNEE,EFFET_APRES_ECHEANCE,9,2024Q3,-184.0,0.0,True,False,False,True
OP_00769,CLIENT_0432,PERSONNE MORALE,COMPAGNIE_01,POLICE_00569,0,RC CHEF D'ENTREPRISE,RESPONSABILITE,AFFAIRE NOUVELLE,2024-09-15,2025-09-14,2024-09-02,2025-03-24,2025-03-25,,86800,0,10900,4300,102100,17,14800,0,0,2024,2024-09,,DATE DE PAIEMENT NON RENSEIGNEE,OK,9,2024Q3,364.0,,False,False,False,False
OP_00770,CLIENT_0432,PERSONNE MORALE,COMPAGNIE_01,POLICE_00570,0,MULTIRISQUE PROFESSIONNELLE,INCENDIE,AFFAIRE NOUVELLE,2024-09-15,2025-09-14,2024-09-02,2025-03-24,2025-03-25,,72100,0,12500,4700,89300,17,12300,0,0,2024,2024-09,,DATE DE PAIEMENT NON RENSEIGNEE,OK,9,2024Q3,364.0,,False,False,False,False
OP_00771,CLIENT_0432,PERSONNE MORALE,COMPAGNIE_01,POLICE_00571,0,INDIVIDUELLE ACCIDENTS,0,AFFAIRE NOUVELLE,2025-09-15,2025-09-14,2024-09-02,2025-03-24,2025-03-25,,56600,0,7400,5000,69000,17,9600,0,0,2024,2024-09,,DATE DE PAIEMENT NON RENSEIGNEE,EFFET_APRES_ECHEANCE,9,2024Q3,-1.0,,True,False,False,False
OP_00772,CLIENT_0433,PERSONNE PHYSIQUE,COMPAGNIE_05,POLICE_00572,0,AUTOMOBILE,MONO AUTO,AFFAIRE NOUVELLE,2024-08-31,2025-08-30,2024-09-02,2024-09-02,2024-09-02,2024-12-26,134000,58000,13900,4700,152600,15,20100,0,0,2024,2024-09,115.0,DATE DE PAIEMENT RENSEIGNEE,OK,9,2024Q3,364.0,115.0,False,False,False,True
OP_00773,CLIENT_0438,PERSONNE PHYSIQUE,COMPAGNIE_04,POLICE_00579,9,AUTOMOBILE,MONO AUTO,AFFAIRE NOUVELLE,2022-01-27,2022-04-26,2024-09-03,2024-09-03,2024-09-03,2024-09-03,17400,0,2300,5700,25400,15,2600,0,0,2024,2024-09,0.0,DATE DE PAIEMENT RENSEIGNEE,OK,9,2024Q3,89.0,0.0,False,False,False,True
OP_00774,CLIENT_0455,PERSONNE PHYSIQUE,COMPAGNIE_01,POLICE_00603,1,AUTOMOBILE,MONO AUTO,RENOUVELLEMENT,2024-09-02,2025-09-01,2024-09-03,2025-09-02,2025-09-02,,53600,52500,5900,5700,65200,15,8000,0,0,2024,2024-09,,DATE DE PAIEMENT NON RENSEIGNEE,OK,9,2024Q3,364.0,,False,False,False,False
OP_00775,CLIENT_0143,PERSONNE PHYSIQUE,COMPAGNIE_01,POLICE_00168,7,AUTOMOBILE,MONO AUTO,PROROGATION,2024-09-05,2025-03-07,2024-09-04,2024-09-04,2024-09-09,2024-10-02,13600,12100,1400,0,15000,15,2000,0,0,2024,2024-09,23.0,DATE DE PAIEMENT RENSEIGNEE,OK,9,2024Q3,183.0,23.0,False,False,False,True
OP_00776,CLIENT_0454,PERSONNE PHYSIQUE,COMPAGNIE_01,POLICE_00602,2,AUTOMOBILE,MONO AUTO,RENOUVELLEMENT,2024-09-02,2025-09-01,2024-09-04,2024-09-04,2024-09-04,2024-09-22,42700,40900,4700,4400,51900,15,6400,0,0,2024,2024-09,18.0,DATE DE PAIEMENT RENSEIGNEE,OK,9,2024Q3,364.0,18.0,False,False,False,True
OP_00777,CLIENT_0240,PERSONNE PHYSIQUE,COMPAGNIE_01,POLICE_00525,0,AUTOMOBILE,FLOTTE AUTOMOBILE,RENOUVELLEMENT,2024-09-05,2025-07-19,2024-09-05,2024-09-05,2024-09-05,2024-10-18,41800,0,4500,2800,49100,15,6300,0,0,2024,2024-09,43.0,DATE DE PAIEMENT RENSEIGNEE,OK,9,2024Q3,317.0,43.0,False,False,False,True
OP_00778,CLIENT_0130,PERSONNE PHYSIQUE,COMPAGNIE_01,POLICE_00588,1,AUTOMOBILE,MONO AUTO,RENOUVELLEMENT,2024-09-06,2025-03-08,2024-09-06,2024-09-09,2024-09-09,2024-10-03,41000,39700,4700,5700,51400,15,6200,0,0,2024,2024-09,24.0,DATE DE PAIEMENT RENSEIGNEE,OK,9,2024Q3,183.0,24.0,False,False,False,True
OP_00779,CLIENT_0431,PERSONNE PHYSIQUE,COMPAGNIE_02,POLICE_00590,9,AUTOMOBILE,MONO AUTO,RENOUVELLEMENT,2024-09-06,2025-09-05,2024-09-06,2024-09-06,2024-09-06,2024-11-01,259400,72300,26300,3400,289100,15,38900,0,0,2024,2024-09,56.0,DATE DE PAIEMENT RENSEIGNEE,OK,9,2024Q3,364.0,56.0,False,False,False,True
OP_00780,CLIENT_0279,PERSONNE PHYSIQUE,COMPAGNIE_08,POLICE_00340,0,RETRAITE COMPLEMENTAIRE,0,RENOUVELLEMENT,2024-05-15,2024-06-14,2024-09-07,2024-09-07,2024-09-07,2024-09-07,5200,0,0,0,5200,11,600,0,0,2024,2024-09,0.0,DATE DE PAIEMENT RENSEIGNEE,OK,9,2024Q3,30.0,0.0,False,False,False,True
OP_00781,CLIENT_0279,PERSONNE PHYSIQUE,COMPAGNIE_08,POLICE_00340,0,RETRAITE COMPLEMENTAIRE,0,RENOUVELLEMENT,2024-07-15,2024-08-14,2024-09-07,2024-09-07,2024-09-07,2024-09-07,5200,0,0,0,5200,11,600,0,0,2024,2024-09,0.0,DATE DE PAIEMENT RENSEIGNEE,OK,9,2024Q3,30.0,0.0,False,False,False,True
OP_00782,CLIENT_0468,PERSONNE PHYSIQUE,COMPAGNIE_02,POLICE_00620,0,AUTOMOBILE,MONO AUTO,AFFAIRE NOUVELLE,2024-09-05,2024-12-04,2024-09-07,2024-09-05,2024-09-07,2024-11-03,12900,11500,1500,1600,16000,15,1900,0,0,2024,2024-09,57.0,DATE DE PAIEMENT RENSEIGNEE,OK,9,2024Q3,90.0,57.0,False,False,False,True
OP_00783,CLIENT_0477,PERSONNE PHYSIQUE,COMPAGNIE_02,POLICE_00631,0,TRAVEL ASSURANCE,0,AFFAIRE NOUVELLE,2024-10-20,2024-11-18,2024-09-07,2024-09-07,2024-09-07,2024-10-27,12100,0,2000,4600,18700,10,1200,0,0,2024,2024-09,50.0,DATE DE PAIEMENT RENSEIGNEE,OK,9,2024Q3,29.0,50.0,False,False,False,True
OP_00784,CLIENT_0250,PERSONNE PHYSIQUE,COMPAGNIE_01,POLICE_00598,1,TRAVEL ASSURANCE,0,AFFAIRE NOUVELLE,2024-10-10,2024-10-17,2024-09-08,2024-09-09,2024-09-09,2024-09-29,12400,0,1700,2100,16200,10,1200,0,0,2024,2024-09,20.0,DATE DE PAIEMENT RENSEIGNEE,OK,9,2024Q3,7.0,20.0,False,False,False,True
OP_00785,CLIENT_0469,PERSONNE PHYSIQUE,COMPAGNIE_02,POLICE_00621,0,AUTOMOBILE,MONO AUTO,AFFAIRE NOUVELLE,2024-09-08,2025-09-07,2024-09-08,2025-09-07,2025-09-07,,199400,63800,20300,3400,223100,15,29900,0,0,2024,2024-09,,DATE DE PAIEMENT NON RENSEIGNEE,OK,9,2024Q3,364.0,,False,False,False,False
OP_00786,CLIENT_0447,PERSONNE PHYSIQUE,COMPAGNIE_03,POLICE_00591,0,AUTOMOBILE,MONO AUTO,AFFAIRE NOUVELLE,2024-09-09,2024-12-09,2024-09-09,2024-09-09,2024-09-09,2024-09-22,9000,8800,1300,3900,14200,15,1300,0,0,2024,2024-09,13.0,DATE DE PAIEMENT RENSEIGNEE,OK,9,2024Q3,91.0,13.0,False,False,False,True
OP_00787,CLIENT_0456,PERSONNE MORALE,COMPAGNIE_04,POLICE_00604,5,AUTOMOBILE,MONO AUTO,RENOUVELLEMENT,2024-10-02,2025-10-01,2024-09-09,2024-11-12,2024-11-12,2025-03-25,84000,82300,10700,5100,99800,15,12600,0,0,2024,2024-09,133.0,DATE DE PAIEMENT RENSEIGNEE,OK,9,2024Q3,364.0,133.0,False,False,False,True
OP_00788,CLIENT_0471,PERSONNE PHYSIQUE,COMPAGNIE_02,POLICE_00624,0,TRAVEL ASSURANCE,0,AFFAIRE NOUVELLE,2024-09-25,2024-10-15,2024-09-09,2024-09-09,2024-09-09,2024-10-30,19400,0,2300,0,21700,10,1900,0,0,2024,2024-09,51.0,DATE DE PAIEMENT RENSEIGNEE,OK,9,2024Q3,20.0,51.0,False,False,False,True
OP_00789,CLIENT_0476,PERSONNE PHYSIQUE,COMPAGNIE_03,POLICE_00630,0,AUTOMOBILE,MONO AUTO,AFFAIRE NOUVELLE,2024-09-07,2025-09-06,2024-09-10,2024-09-10,2024-09-10,2024-10-02,50400,49600,5400,3300,59100,15,7600,0,0,2024,2024-09,22.0,DATE DE PAIEMENT RENSEIGNEE,OK,9,2024Q3,364.0,22.0,False,False,False,True
OP_00790,CLIENT_0177,PERSONNE PHYSIQUE,COMPAGNIE_01,POLICE_00212,3,AUTOMOBILE,MONO AUTO,RENOUVELLEMENT,2024-09-14,2024-12-13,2024-09-11,2024-12-11,2024-12-11,2024-12-29,16500,15800,1700,0,18200,15,2500,0,0,2024,2024-09,18.0,DATE DE PAIEMENT RENSEIGNEE,OK,9,2024Q3,90.0,18.0,False,False,False,True
OP_00791,CLIENT_0465,PERSONNE MORALE,COMPAGNIE_01,POLICE_00614,2,AUTOMOBILE,MONO AUTO,PROROGATION,2024-09-16,2025-03-15,2024-09-11,2024-09-11,2024-09-11,2024-09-22,18100,17200,1800,0,19900,15,2700,0,0,2024,2024-09,11.0,DATE DE PAIEMENT RENSEIGNEE,OK,9,2024Q3,180.0,11.0,False,False,False,True
OP_00792,CLIENT_0170,PERSONNE PHYSIQUE,COMPAGNIE_03,POLICE_00201,2,AUTOMOBILE,MONO AUTO,RENOUVELLEMENT,2024-09-17,2025-03-16,2024-09-12,2024-09-12,2024-09-12,2024-10-10,31000,30600,3500,3700,38200,15,4700,0,0,2024,2024-09,28.0,DATE DE PAIEMENT RENSEIGNEE,OK,9,2024Q3,180.0,28.0,False,False,False,True
OP_00793,CLIENT_0268,PERSONNE PHYSIQUE,COMPAGNIE_07,POLICE_00375,0,ASSURANCE RENTE EDUCATION,0,RENOUVELLEMENT,2023-05-11,2024-06-11,2024-09-12,2024-09-12,2024-09-12,2024-09-12,15100,0,0,0,15100,10,1500,0,0,2024,2024-09,0.0,DATE DE PAIEMENT RENSEIGNEE,OK,9,2024Q3,397.0,0.0,False,False,False,True
OP_00794,CLIENT_0268,PERSONNE PHYSIQUE,COMPAGNIE_07,POLICE_00376,0,ASSURANCE RENTE EDUCATION,0,AFFAIRE NOUVELLE,2023-05-15,2024-05-15,2024-09-12,2024-09-12,2024-09-12,2024-09-12,13700,0,0,0,13700,10,1400,0,0,2024,2024-09,0.0,DATE DE PAIEMENT RENSEIGNEE,OK,9,2024Q3,366.0,0.0,False,False,False,True
OP_00795,CLIENT_0369,PERSONNE PHYSIQUE,COMPAGNIE_04,POLICE_00478,9,AUTOMOBILE,MONO AUTO,RENOUVELLEMENT,2024-09-29,2024-09-01,2024-09-12,2024-09-12,2024-09-12,,11400,0,1500,3300,16200,15,1700,0,0,2024,2024-09,,DATE DE PAIEMENT NON RENSEIGNEE,EFFET_APRES_ECHEANCE,9,2024Q3,-28.0,,True,False,False,False
OP_00796,CLIENT_0483,PERSONNE PHYSIQUE,COMPAGNIE_03,POLICE_00640,0,AUTOMOBILE,MONO AUTO,AFFAIRE NOUVELLE,2024-09-12,2025-09-11,2024-09-12,2024-09-12,2024-09-12,2024-09-27,167800,61800,17300,5500,190600,15,25200,0,0,2024,2024-09,15.0,DATE DE PAIEMENT RENSEIGNEE,OK,9,2024Q3,364.0,15.0,False,False,False,True
OP_00797,CLIENT_0453,PERSONNE PHYSIQUE,COMPAGNIE_06,POLICE_00601,1,AUTOMOBILE,MONO AUTO,RENOUVELLEMENT,2024-09-13,2025-09-12,2024-09-13,2024-09-10,2024-09-13,,124600,58400,13000,4900,142500,15,18700,0,0,2024,2024-09,,DATE DE PAIEMENT NON RENSEIGNEE,OK,9,2024Q3,364.0,,False,False,False,False
OP_00798,CLIENT_0467,PERSONNE PHYSIQUE,COMPAGNIE_02,POLICE_00617,0,TRAVEL ASSURANCE,0,AFFAIRE NOUVELLE,2024-11-01,2024-12-01,2024-09-13,2024-09-13,2024-09-13,2024-11-10,11700,0,1900,4500,18100,10,1200,0,0,2024,2024-09,58.0,DATE DE PAIEMENT RENSEIGNEE,OK,9,2024Q3,30.0,58.0,False,False,False,True
OP_00799,CLIENT_0027,PERSONNE MORALE,COMPAGNIE_02,POLICE_00027,30,AUTOMOBILE,MONO AUTO,INCORPORATION,2024-01-06,2025-01-05,2024-09-14,2024-09-14,2024-09-14,2024-10-26,73900,21400,7700,2800,84300,15,11100,0,0,2024,2024-09,42.0,DATE DE PAIEMENT RENSEIGNEE,OK,9,2024Q3,365.0,42.0,False,False,False,True
OP_00800,CLIENT_0224,PERSONNE PHYSIQUE,COMPAGNIE_02,POLICE_00619,8,AUTOMOBILE,MONO AUTO,RENOUVELLEMENT,2024-09-29,2025-09-28,2024-09-14,2024-09-14,2024-09-14,2024-11-10,130600,58500,13400,3100,147100,15,19600,0,0,2024,2024-09,57.0,DATE DE PAIEMENT RENSEIGNEE,OK,9,2024Q3,364.0,57.0,False,False,False,True
OP_00801,CLIENT_0457,PERSONNE PHYSIQUE,COMPAGNIE_03,POLICE_00605,0,AUTOMOBILE,MONO MOTO,AFFAIRE NOUVELLE,2024-09-13,2025-09-12,2024-09-14,2024-09-13,2024-09-14,2024-10-20,18100,17200,2300,5200,25700,15,2700,0,0,2024,2024-09,36.0,DATE DE PAIEMENT RENSEIGNEE,OK,9,2024Q3,364.0,36.0,False,False,False,True
OP_00802,CLIENT_0459,PERSONNE PHYSIQUE,COMPAGNIE_01,POLICE_00607,3,AUTOMOBILE,MONO AUTO,RENOUVELLEMENT,2024-09-15,2025-09-14,2024-09-16,2024-09-16,2024-09-16,2024-10-01,42700,40800,4700,4500,51900,15,6400,0,0,2024,2024-09,15.0,DATE DE PAIEMENT RENSEIGNEE,OK,9,2024Q3,364.0,15.0,False,False,False,True
OP_00803,CLIENT_0470,PERSONNE PHYSIQUE,COMPAGNIE_02,POLICE_00623,0,TRAVEL ASSURANCE,0,AFFAIRE NOUVELLE,2024-10-31,2024-11-29,2024-09-16,2024-09-16,2024-09-16,2024-11-07,12500,0,2100,4800,19400,10,1300,0,0,2024,2024-09,52.0,DATE DE PAIEMENT RENSEIGNEE,OK,9,2024Q3,29.0,52.0,False,False,False,True
OP_00804,CLIENT_0121,PERSONNE PHYSIQUE,COMPAGNIE_03,POLICE_00135,3,AUTOMOBILE,MONO AUTO,RENOUVELLEMENT,2024-09-17,2025-03-16,2024-09-17,2024-09-17,2024-09-17,2024-10-05,24100,23700,2600,1400,28100,15,3600,0,0,2024,2024-09,18.0,DATE DE PAIEMENT RENSEIGNEE,OK,9,2024Q3,180.0,18.0,False,False,False,True
OP_00805,CLIENT_0460,PERSONNE PHYSIQUE,COMPAGNIE_02,POLICE_00608,10,AUTOMOBILE,MONO AUTO,RENOUVELLEMENT,2024-10-04,2025-10-03,2024-09-17,2024-09-17,2024-09-17,2024-11-20,107200,43600,11100,3400,121700,15,16100,0,0,2024,2024-09,64.0,DATE DE PAIEMENT RENSEIGNEE,OK,9,2024Q3,364.0,64.0,False,False,False,True
OP_00806,CLIENT_0463,PERSONNE PHYSIQUE,COMPAGNIE_04,POLICE_00612,5,AUTOMOBILE,MONO AUTO,RENOUVELLEMENT,2024-09-17,2025-09-16,2024-09-17,2024-09-17,2024-09-17,,45100,43500,4900,4400,54400,15,6800,0,0,2024,2024-09,,DATE DE PAIEMENT NON RENSEIGNEE,OK,9,2024Q3,364.0,,False,False,False,False
OP_00807,CLIENT_0478,PERSONNE PHYSIQUE,COMPAGNIE_02,POLICE_00632,0,TRAVEL ASSURANCE,0,AFFAIRE NOUVELLE,2024-10-14,2024-10-25,2024-09-17,2024-09-17,2024-09-17,2024-11-06,13600,0,1600,0,15300,10,1400,0,0,2024,2024-09,50.0,DATE DE PAIEMENT RENSEIGNEE,OK,9,2024Q3,11.0,50.0,False,False,False,True
OP_00808,CLIENT_0484,PERSONNE PHYSIQUE,COMPAGNIE_08,POLICE_00644,0,TEMPORAIRE DECES,0,AFFAIRE NOUVELLE,2023-01-30,2023-02-27,2024-09-17,2024-09-17,2024-09-17,2024-09-17,9331300,0,0,0,9331300,10,933100,0,0,2024,2024-09,0.0,DATE DE PAIEMENT RENSEIGNEE,OK,9,2024Q3,28.0,0.0,False,False,False,True
OP_00809,CLIENT_0157,PERSONNE MORALE,COMPAGNIE_07,POLICE_00654,0,ASSURANCES TRANSPORTS,0,AFFAIRE NOUVELLE,2024-09-17,2025-05-17,2024-09-18,2024-11-26,2024-11-26,,1131200,0,90600,1100,1222900,15,169700,0,0,2024,2024-09,,DATE DE PAIEMENT NON RENSEIGNEE,OK,9,2024Q3,242.0,,False,False,False,False
OP_00810,CLIENT_0157,PERSONNE MORALE,COMPAGNIE_07,POLICE_00655,1,INDIVIDUELLE ACCIDENTS,0,AFFAIRE NOUVELLE,2024-09-17,2025-05-17,2024-09-18,2024-11-26,2024-11-26,,238100,0,29100,4700,271900,17,40500,0,0,2024,2024-09,,DATE DE PAIEMENT NON RENSEIGNEE,OK,9,2024Q3,242.0,,False,False,False,False
OP_00811,CLIENT_0157,PERSONNE MORALE,COMPAGNIE_07,POLICE_00656,1,TOUS RISQUES CHANTIER,0,AFFAIRE NOUVELLE,2024-09-17,2025-05-17,2024-09-18,2024-11-26,2024-11-26,,1036700,0,125700,11200,1173700,17,176200,0,0,2024,2024-09,,DATE DE PAIEMENT NON RENSEIGNEE,OK,9,2024Q3,242.0,,False,False,False,False
OP_00812,CLIENT_0474,PERSONNE PHYSIQUE,COMPAGNIE_02,POLICE_00628,0,TRAVEL ASSURANCE,0,AFFAIRE NOUVELLE,2024-09-18,2024-10-17,2024-09-18,2024-11-07,2024-11-07,2024-11-07,21000,0,2500,0,23500,10,2100,0,0,2024,2024-09,0.0,DATE DE PAIEMENT RENSEIGNEE,OK,9,2024Q3,29.0,0.0,False,False,False,True
OP_00813,CLIENT_0084,PERSONNE MORALE,COMPAGNIE_01,POLICE_00258,5,AUTOMOBILE,MONO AUTO,RENOUVELLEMENT,2024-09-19,2025-03-19,2024-09-19,2024-12-31,2024-12-31,2025-02-05,40400,38700,5500,5100,50900,15,6100,0,0,2024,2024-09,36.0,DATE DE PAIEMENT RENSEIGNEE,OK,9,2024Q3,181.0,36.0,False,False,False,True
OP_00814,CLIENT_0190,PERSONNE MORALE,COMPAGNIE_01,POLICE_00433,0,AUTOMOBILE,FLOTTE AUTOMOBILE,INCORPORATION,2024-09-18,2025-07-02,2024-09-19,2024-09-19,2024-09-21,2024-11-06,479000,0,48300,4300,531700,15,71900,0,0,2024,2024-09,46.0,DATE DE PAIEMENT RENSEIGNEE,OK,9,2024Q3,287.0,46.0,False,False,False,True
OP_00815,CLIENT_0466,PERSONNE PHYSIQUE,COMPAGNIE_02,POLICE_00616,2,TRAVEL ASSURANCE,0,AFFAIRE NOUVELLE,2024-11-07,2024-12-06,2024-09-19,2024-09-19,2024-09-19,2024-11-16,11300,0,1900,4300,17500,10,1100,0,0,2024,2024-09,58.0,DATE DE PAIEMENT RENSEIGNEE,OK,9,2024Q3,29.0,58.0,False,False,False,True
OP_00816,CLIENT_0481,PERSONNE PHYSIQUE,COMPAGNIE_03,POLICE_00635,2,AUTOMOBILE,MONO AUTO,RENOUVELLEMENT,2024-09-17,2024-12-16,2024-09-19,2024-09-19,2024-09-19,2024-10-05,10400,10200,1600,5100,17100,15,1600,0,0,2024,2024-09,16.0,DATE DE PAIEMENT RENSEIGNEE,OK,9,2024Q3,90.0,16.0,False,False,False,True
OP_00817,CLIENT_0492,PERSONNE PHYSIQUE,COMPAGNIE_04,POLICE_00657,5,AUTOMOBILE,MONO AUTO,RENOUVELLEMENT,2024-09-22,2025-09-21,2024-09-20,2024-09-20,2024-09-20,,123700,52000,12700,3400,139800,15,18600,0,0,2024,2024-09,,DATE DE PAIEMENT NON RENSEIGNEE,OK,9,2024Q3,364.0,,False,False,False,False
OP_00818,CLIENT_0494,PERSONNE PHYSIQUE,COMPAGNIE_02,POLICE_00660,0,TRAVEL ASSURANCE,0,AFFAIRE NOUVELLE,2024-10-19,2025-01-18,2024-09-20,2024-09-20,2024-09-20,2024-10-26,31000,0,3700,0,34800,10,3100,0,0,2024,2024-09,36.0,DATE DE PAIEMENT RENSEIGNEE,OK,9,2024Q3,91.0,36.0,False,False,False,True
OP_00819,CLIENT_0173,PERSONNE PHYSIQUE,COMPAGNIE_04,POLICE_00204,6,AUTOMOBILE,MONO AUTO,RENOUVELLEMENT,2024-09-21,2025-03-20,2024-09-21,2024-09-21,2024-09-21,,19200,18500,1900,0,21100,15,2900,0,0,2024,2024-09,,DATE DE PAIEMENT NON RENSEIGNEE,OK,9,2024Q3,180.0,,False,False,False,False
OP_00820,CLIENT_0296,PERSONNE PHYSIQUE,COMPAGNIE_03,POLICE_00653,0,AUTOMOBILE,MONO AUTO,AFFAIRE NOUVELLE,2024-09-20,2025-09-19,2024-09-21,2024-09-21,2024-09-21,2024-11-11,43700,42900,4700,2800,51200,15,6600,0,0,2024,2024-09,51.0,DATE DE PAIEMENT RENSEIGNEE,OK,9,2024Q3,364.0,51.0,False,False,False,True
OP_00821,CLIENT_0472,PERSONNE PHYSIQUE,COMPAGNIE_02,POLICE_00625,0,TRAVEL ASSURANCE,0,AFFAIRE NOUVELLE,2024-09-20,2024-10-07,2024-09-21,2024-09-21,2024-09-21,2024-11-10,18400,0,2200,0,20600,10,1800,0,0,2024,2024-09,50.0,DATE DE PAIEMENT RENSEIGNEE,OK,9,2024Q3,17.0,50.0,False,False,False,True
OP_00822,CLIENT_0477,PERSONNE PHYSIQUE,COMPAGNIE_02,POLICE_00659,0,TRAVEL ASSURANCE,0,MODIFICATION,2024-11-19,2025-01-19,2024-09-21,2024-09-21,2024-09-21,2024-10-27,13000,0,0,1600,14500,10,1300,0,0,2024,2024-09,36.0,DATE DE PAIEMENT RENSEIGNEE,OK,9,2024Q3,61.0,36.0,False,False,False,True
OP_00823,CLIENT_0480,PERSONNE PHYSIQUE,COMPAGNIE_01,POLICE_00634,4,AUTOMOBILE,MONO AUTO,RENOUVELLEMENT,2024-09-24,2025-09-23,2024-09-21,2024-09-21,2024-09-21,2024-10-13,65200,64100,7100,5400,77600,15,9800,0,0,2024,2024-09,22.0,DATE DE PAIEMENT RENSEIGNEE,OK,9,2024Q3,364.0,22.0,False,False,False,True
OP_00824,CLIENT_0024,PERSONNE PHYSIQUE,COMPAGNIE_03,POLICE_00024,6,AUTOMOBILE,MONO AUTO,RENOUVELLEMENT,2024-10-15,2025-04-14,2024-09-22,2024-09-22,2024-09-22,2024-10-14,26700,26300,3100,4400,34200,15,4000,0,0,2024,2024-09,22.0,DATE DE PAIEMENT RENSEIGNEE,OK,9,2024Q3,181.0,22.0,False,False,False,True
OP_00825,CLIENT_0039,PERSONNE MORALE,COMPAGNIE_02,POLICE_00107,12,RC CHEF D'ENTREPRISE,RESPONSABILITE,MODIFICATION,2024-09-14,2024-12-21,2024-09-22,2024-09-22,2024-09-22,2024-10-29,25800,0,3700,4800,34200,17,4400,0,0,2024,2024-09,37.0,DATE DE PAIEMENT RENSEIGNEE,OK,9,2024Q3,98.0,37.0,False,False,False,True
OP_00826,CLIENT_0073,PERSONNE PHYSIQUE,COMPAGNIE_08,POLICE_00297,0,RETRAITE COMPLEMENTAIRE,0,RENOUVELLEMENT,2024-06-26,2024-07-25,2024-09-22,2024-09-22,2024-09-22,2024-09-22,19800,0,0,0,19800,21,4100,0,0,2024,2024-09,0.0,DATE DE PAIEMENT RENSEIGNEE,OK,9,2024Q3,29.0,0.0,False,False,False,True
OP_00827,CLIENT_0073,PERSONNE PHYSIQUE,COMPAGNIE_08,POLICE_00299,0,ASSURANCE RENTE EDUCATION,0,AFFAIRE NOUVELLE,2024-06-26,2024-07-25,2024-09-22,2024-09-22,2024-09-22,2024-09-22,18900,0,0,0,18900,21,4000,0,0,2024,2024-09,0.0,DATE DE PAIEMENT RENSEIGNEE,OK,9,2024Q3,29.0,0.0,False,False,False,True
OP_00828,CLIENT_0073,PERSONNE PHYSIQUE,COMPAGNIE_08,POLICE_00643,0,ASSURANCE RENTE EDUCATION,0,AFFAIRE NOUVELLE,2024-06-26,2024-07-26,2024-09-22,2024-09-22,2024-09-22,2024-09-22,17800,0,100,0,17800,19,3400,0,0,2024,2024-09,0.0,DATE DE PAIEMENT RENSEIGNEE,OK,9,2024Q3,30.0,0.0,False,False,False,True
OP_00829,CLIENT_0475,PERSONNE PHYSIQUE,COMPAGNIE_01,POLICE_00629,1,AUTOMOBILE,MONO AUTO,AFFAIRE NOUVELLE,2024-09-23,2025-09-22,2024-09-23,2024-09-23,2024-09-23,2024-10-20,42600,39400,4800,5300,52600,15,6400,0,0,2024,2024-09,27.0,DATE DE PAIEMENT RENSEIGNEE,OK,9,2024Q3,364.0,27.0,False,False,False,True
OP_00830,CLIENT_0482,PERSONNE PHYSIQUE,COMPAGNIE_01,POLICE_00638,2,AUTOMOBILE,MONO AUTO,RENOUVELLEMENT,2024-09-25,2025-09-24,2024-09-23,2024-10-14,2024-10-14,2024-10-14,86200,34800,9000,4300,99500,15,12900,0,0,2024,2024-09,0.0,DATE DE PAIEMENT RENSEIGNEE,OK,9,2024Q3,364.0,0.0,False,False,False,True
OP_00831,CLIENT_0357,PERSONNE PHYSIQUE,COMPAGNIE_03,POLICE_00463,1,AUTOMOBILE,MONO AUTO,RENOUVELLEMENT,2024-10-02,2025-01-01,2024-09-24,2024-09-24,2024-09-24,2024-10-25,22800,22600,2400,1100,26300,15,3400,0,0,2024,2024-09,31.0,DATE DE PAIEMENT RENSEIGNEE,OK,9,2024Q3,91.0,31.0,False,False,False,True
OP_00832,CLIENT_0178,PERSONNE PHYSIQUE,COMPAGNIE_01,POLICE_00213,6,AUTOMOBILE,MONO AUTO,RENOUVELLEMENT,2024-09-28,2025-03-27,2024-09-25,2024-09-29,2024-09-29,2024-10-28,23300,22600,2300,0,25600,15,3500,0,0,2024,2024-09,29.0,DATE DE PAIEMENT RENSEIGNEE,OK,9,2024Q3,180.0,29.0,False,False,False,True
OP_00833,CLIENT_0214,PERSONNE PHYSIQUE,COMPAGNIE_02,POLICE_00636,3,AUTOMOBILE,MONO AUTO,RENOUVELLEMENT,2024-09-06,2025-09-05,2024-09-25,2024-09-27,2024-09-27,2024-11-08,187000,83800,19000,3300,209400,15,28100,0,0,2024,2024-09,42.0,DATE DE PAIEMENT RENSEIGNEE,OK,9,2024Q3,364.0,42.0,False,False,False,True
OP_00834,CLIENT_0317,PERSONNE PHYSIQUE,COMPAGNIE_03,POLICE_00627,2,AUTOMOBILE,MONO AUTO,RENOUVELLEMENT,2024-09-25,2025-09-24,2024-09-26,2024-09-26,2024-09-26,2024-10-18,51300,50500,5600,4500,61300,15,7700,0,0,2024,2024-09,22.0,DATE DE PAIEMENT RENSEIGNEE,OK,9,2024Q3,364.0,22.0,False,False,False,True
OP_00835,CLIENT_0020,PERSONNE PHYSIQUE,COMPAGNIE_01,POLICE_00020,5,AUTOMOBILE,MONO AUTO,RENOUVELLEMENT,2024-09-30,2023-12-30,2024-09-27,2024-09-27,2024-09-27,2024-11-04,20200,19300,2000,0,22200,15,3000,0,0,2024,2024-09,38.0,DATE DE PAIEMENT RENSEIGNEE,EFFET_APRES_ECHEANCE,9,2024Q3,-275.0,38.0,True,False,False,True
OP_00836,CLIENT_0201,PERSONNE PHYSIQUE,COMPAGNIE_02,POLICE_00663,5,AUTOMOBILE,MONO AUTO,RENOUVELLEMENT,2024-09-28,2025-03-28,2024-09-28,2024-09-28,2024-09-28,2024-11-02,68400,21000,7100,2900,78400,15,10300,0,0,2024,2024-09,35.0,DATE DE PAIEMENT RENSEIGNEE,OK,9,2024Q3,181.0,35.0,False,False,False,True
OP_00837,CLIENT_0221,PERSONNE PHYSIQUE,COMPAGNIE_01,POLICE_00268,4,AUTOMOBILE,MONO AUTO,RENOUVELLEMENT,2024-09-26,2025-03-25,2024-09-28,2024-09-28,2024-09-28,2024-11-13,21300,20500,2600,4800,28700,15,3200,0,0,2024,2024-09,46.0,DATE DE PAIEMENT RENSEIGNEE,OK,9,2024Q3,180.0,46.0,False,False,False,True
OP_00838,CLIENT_0188,PERSONNE PHYSIQUE,COMPAGNIE_02,POLICE_00225,3,AUTOMOBILE,MONO AUTO,PROROGATION,2024-09-29,2025-03-28,2024-09-29,2024-09-29,2024-09-29,2024-11-13,42100,12700,4200,0,46300,15,6300,0,0,2024,2024-09,45.0,DATE DE PAIEMENT RENSEIGNEE,OK,9,2024Q3,180.0,45.0,False,False,False,True
OP_00839,CLIENT_0479,PERSONNE PHYSIQUE,COMPAGNIE_03,POLICE_00633,0,AUTOMOBILE,MONO AUTO,AFFAIRE NOUVELLE,2024-09-29,2025-09-28,2024-09-29,2024-09-29,2024-09-29,2024-10-20,131900,41100,13700,4700,150200,15,19800,0,0,2024,2024-09,21.0,DATE DE PAIEMENT RENSEIGNEE,OK,9,2024Q3,364.0,21.0,False,False,False,True
OP_00840,CLIENT_0493,PERSONNE PHYSIQUE,COMPAGNIE_01,POLICE_00658,4,AUTOMOBILE,MONO AUTO,RENOUVELLEMENT,2024-09-29,2025-09-28,2024-09-29,2024-09-29,2024-09-29,2024-11-11,132000,63600,13700,5400,151100,15,19800,0,0,2024,2024-09,43.0,DATE DE PAIEMENT RENSEIGNEE,OK,9,2024Q3,364.0,43.0,False,False,False,True
OP_00841,CLIENT_0072,PERSONNE PHYSIQUE,COMPAGNIE_03,POLICE_00622,0,AUTOMOBILE,MONO AUTO,AFFAIRE NOUVELLE,2024-09-30,2025-09-29,2024-09-30,2024-09-30,2024-09-30,2024-10-24,15500,14700,2000,4500,21900,15,2300,0,0,2024,2024-09,24.0,DATE DE PAIEMENT RENSEIGNEE,OK,9,2024Q3,364.0,24.0,False,False,False,True
OP_00842,CLIENT_0259,PERSONNE PHYSIQUE,COMPAGNIE_05,POLICE_00649,0,AUTOMOBILE,MONO AUTO,AFFAIRE NOUVELLE,2024-10-06,2024-11-05,2024-09-30,2024-09-30,2024-09-30,2024-12-11,15200,14700,2300,3600,21000,15,2300,0,0,2024,2024-09,72.0,DATE DE PAIEMENT RENSEIGNEE,OK,9,2024Q3,30.0,72.0,False,False,False,True
OP_00843,CLIENT_0388,PERSONNE PHYSIQUE,COMPAGNIE_01,POLICE_00637,3,AUTOMOBILE,MONO AUTO,RENOUVELLEMENT,2024-10-01,2025-09-30,2024-09-30,2024-09-30,2024-09-30,2024-10-21,121200,459200,12600,5000,138800,15,18200,0,0,2024,2024-09,21.0,DATE DE PAIEMENT RENSEIGNEE,OK,9,2024Q3,364.0,21.0,False,False,False,True
OP_00844,CLIENT_0473,PERSONNE PHYSIQUE,COMPAGNIE_02,POLICE_00626,0,TRAVEL ASSURANCE,0,AFFAIRE NOUVELLE,2024-09-29,2024-10-16,2024-09-30,2024-09-30,2024-09-30,2024-11-19,20700,0,2500,0,23200,10,2100,0,0,2024,2024-09,50.0,DATE DE PAIEMENT RENSEIGNEE,OK,9,2024Q3,17.0,50.0,False,False,False,True
OP_00845,CLIENT_0050,PERSONNE MORALE,COMPAGNIE_06,POLICE_00050,82,AUTOMOBILE,FLOTTE AUTOMOBILE,INCORPORATION,2024-10-01,2025-01-06,2024-10-01,2024-10-01,2024-10-01,2025-01-06,17300,15500,1900,1100,20300,15,2600,0,0,2024,2024-10,97.0,DATE DE PAIEMENT RENSEIGNEE,OK,10,2024Q4,97.0,97.0,False,False,False,True
OP_00846,CLIENT_0497,PERSONNE PHYSIQUE,COMPAGNIE_04,POLICE_00200,8,AUTOMOBILE,MONO AUTO,RENOUVELLEMENT,2024-09-24,2025-03-23,2024-10-01,2024-10-01,2024-10-01,,23200,22300,2900,5300,31400,15,3500,0,0,2024,2024-10,,DATE DE PAIEMENT NON RENSEIGNEE,OK,10,2024Q4,180.0,,False,False,False,False
OP_00847,CLIENT_0486,PERSONNE MORALE,COMPAGNIE_04,POLICE_00646,1,AUTOMOBILE,MONO AUTO,RENOUVELLEMENT,2024-10-02,2025-10-01,2024-10-02,2024-10-02,2024-10-02,,46000,44500,4900,2800,53600,15,6900,0,0,2024,2024-10,,DATE DE PAIEMENT NON RENSEIGNEE,OK,10,2024Q4,364.0,,False,False,False,False
OP_00848,CLIENT_0489,PERSONNE MORALE,COMPAGNIE_01,POLICE_00650,0,MULTIRISQUE PROFESSIONNELLE,0,AFFAIRE NOUVELLE,2024-10-02,2025-10-01,2024-10-03,2024-10-03,2024-10-03,,195300,0,32600,4800,232700,17,33200,0,0,2024,2024-10,,DATE DE PAIEMENT NON RENSEIGNEE,OK,10,2024Q4,364.0,,False,False,False,False
OP_00849,CLIENT_0504,PERSONNE PHYSIQUE,COMPAGNIE_04,POLICE_00671,2,AUTOMOBILE,MONO AUTO,RENOUVELLEMENT,2024-10-06,2024-10-05,2024-10-03,2024-10-03,2024-10-03,,35700,34800,3800,2600,42100,15,5400,0,0,2024,2024-10,,DATE DE PAIEMENT NON RENSEIGNEE,EFFET_APRES_ECHEANCE,10,2024Q4,-1.0,,True,False,False,False
OP_00850,CLIENT_0239,PERSONNE PHYSIQUE,COMPAGNIE_03,POLICE_00291,8,AUTOMOBILE,MONO AUTO,RENOUVELLEMENT,2024-10-08,2025-04-08,2024-10-04,2024-10-04,2024-10-04,2024-11-13,61700,25300,6400,2100,70200,15,9300,0,0,2024,2024-10,40.0,DATE DE PAIEMENT RENSEIGNEE,OK,10,2024Q4,182.0,40.0,False,False,False,True
OP_00851,CLIENT_0210,PERSONNE PHYSIQUE,COMPAGNIE_01,POLICE_00680,3,AUTOMOBILE,MONO AUTO,RENOUVELLEMENT,2024-10-05,2025-10-04,2024-10-05,2024-10-05,2024-10-05,2024-11-04,52300,49200,5800,5500,63600,15,7800,0,0,2024,2024-10,30.0,DATE DE PAIEMENT RENSEIGNEE,OK,10,2024Q4,364.0,30.0,False,False,False,True
OP_00852,CLIENT_0242,PERSONNE PHYSIQUE,COMPAGNIE_02,POLICE_00300,17,AUTOMOBILE,MONO AUTO,RENOUVELLEMENT,2024-10-06,2025-04-05,2024-10-05,2024-10-05,2024-10-05,2024-10-27,87100,39500,9000,2900,99000,15,13100,0,0,2024,2024-10,22.0,DATE DE PAIEMENT RENSEIGNEE,OK,10,2024Q4,181.0,22.0,False,False,False,True
OP_00853,CLIENT_0279,PERSONNE PHYSIQUE,COMPAGNIE_08,POLICE_00641,0,RETRAITE COMPLEMENTAIRE,0,RENOUVELLEMENT,2024-05-15,2024-06-15,2024-10-05,2024-10-05,2024-10-05,2024-10-05,4800,0,0,0,4800,11,500,0,0,2024,2024-10,0.0,DATE DE PAIEMENT RENSEIGNEE,OK,10,2024Q4,31.0,0.0,False,False,False,True
OP_00854,CLIENT_0279,PERSONNE PHYSIQUE,COMPAGNIE_08,POLICE_00642,0,RETRAITE COMPLEMENTAIRE,0,RENOUVELLEMENT,2024-05-15,2024-06-15,2024-10-05,2024-10-05,2024-10-05,2024-10-05,5500,0,0,0,5500,11,600,0,0,2024,2024-10,0.0,DATE DE PAIEMENT RENSEIGNEE,OK,10,2024Q4,31.0,0.0,False,False,False,True
OP_00855,CLIENT_0444,PERSONNE MORALE,COMPAGNIE_01,POLICE_00686,0,AUTOMOBILE,MONO AUTO,AFFAIRE NOUVELLE,2024-09-18,2025-09-17,2024-10-05,2024-10-05,2024-10-05,2024-11-02,129400,0,13400,4300,147100,15,19400,0,0,2024,2024-10,28.0,DATE DE PAIEMENT RENSEIGNEE,OK,10,2024Q4,364.0,28.0,False,False,False,True
OP_00856,CLIENT_0045,PERSONNE PHYSIQUE,COMPAGNIE_01,POLICE_00045,4,AUTOMOBILE,MONO AUTO,RENOUVELLEMENT,2024-10-05,2025-10-04,2024-10-06,2025-10-29,2026-03-09,,382200,0,38700,4900,425700,15,57300,0,0,2024,2024-10,,DATE DE PAIEMENT NON RENSEIGNEE,OK,10,2024Q4,364.0,,False,False,False,False
OP_00857,CLIENT_0485,PERSONNE PHYSIQUE,COMPAGNIE_03,POLICE_00645,2,AUTOMOBILE,MONO AUTO,RENOUVELLEMENT,2024-10-06,2025-10-05,2024-10-06,2024-10-06,2024-10-06,2024-10-19,182000,54300,18700,4600,205200,15,27300,0,0,2024,2024-10,13.0,DATE DE PAIEMENT RENSEIGNEE,OK,10,2024Q4,364.0,13.0,False,False,False,True
OP_00858,CLIENT_0487,PERSONNE PHYSIQUE,COMPAGNIE_01,POLICE_00647,1,AUTOMOBILE,MONO AUTO,AFFAIRE NOUVELLE,2024-10-04,2025-04-02,2024-10-06,2024-10-04,2024-10-06,2024-11-24,92500,81900,9800,5500,107800,15,13900,0,0,2024,2024-10,49.0,DATE DE PAIEMENT RENSEIGNEE,OK,10,2024Q4,180.0,49.0,False,False,False,True
OP_00859,CLIENT_0498,PERSONNE PHYSIQUE,COMPAGNIE_01,POLICE_00664,1,AUTOMOBILE,MONO AUTO,AFFAIRE NOUVELLE,2024-10-06,2025-10-05,2024-10-06,2024-10-06,2024-10-06,2024-11-17,42200,39000,4700,5200,52100,15,6300,0,0,2024,2024-10,42.0,DATE DE PAIEMENT RENSEIGNEE,OK,10,2024Q4,364.0,42.0,False,False,False,True
OP_00860,CLIENT_0499,PERSONNE PHYSIQUE,COMPAGNIE_02,POLICE_00665,0,TRAVEL ASSURANCE,0,AFFAIRE NOUVELLE,2024-11-01,2024-01-31,2024-10-07,2024-11-08,2024-11-08,2024-11-08,27600,0,3300,0,30900,10,2800,0,0,2024,2024-10,0.0,DATE DE PAIEMENT RENSEIGNEE,EFFET_APRES_ECHEANCE,10,2024Q4,-275.0,0.0,True,False,False,True
OP_00861,CLIENT_0514,PERSONNE MORALE,COMPAGNIE_01,POLICE_00687,1,AUTOMOBILE,FLOTTE AUTOMOBILE,AFFAIRE NOUVELLE,2024-10-07,2025-10-06,2024-10-07,2024-10-07,2024-10-07,2024-11-02,64200,0,8200,4300,76600,15,9600,0,0,2024,2024-10,26.0,DATE DE PAIEMENT RENSEIGNEE,OK,10,2024Q4,364.0,26.0,False,False,False,True
OP_00862,CLIENT_0495,PERSONNE MORALE,COMPAGNIE_01,POLICE_00661,0,AUTOMOBILE,FLOTTE AUTOMOBILE,RENOUVELLEMENT,2024-10-08,2025-10-07,2024-10-08,2025-02-18,2025-02-18,,350100,0,38400,4900,393400,15,52500,0,0,2024,2024-10,,DATE DE PAIEMENT NON RENSEIGNEE,OK,10,2024Q4,364.0,,False,False,False,False
OP_00863,CLIENT_0500,PERSONNE MORALE,COMPAGNIE_02,POLICE_00667,0,AUTOMOBILE,FLOTTE AUTOMOBILE,AFFAIRE NOUVELLE,2024-10-07,2025-10-06,2024-10-08,2024-11-09,2024-11-09,2024-11-09,533700,323900,56800,5000,595600,15,80100,0,0,2024,2024-10,0.0,DATE DE PAIEMENT RENSEIGNEE,OK,10,2024Q4,364.0,0.0,False,False,False,True
OP_00864,CLIENT_0509,PERSONNE PHYSIQUE,COMPAGNIE_06,POLICE_00679,84,AUTOMOBILE,FLOTTE MOTO,INCORPORATION,2024-10-08,2024-12-25,2024-10-08,2024-10-08,2024-10-08,,8600,7000,1000,1100,10700,15,1300,0,0,2024,2024-10,,DATE DE PAIEMENT NON RENSEIGNEE,OK,10,2024Q4,78.0,,False,False,False,False
OP_00865,CLIENT_0130,PERSONNE PHYSIQUE,COMPAGNIE_03,POLICE_00639,1,AUTOMOBILE,MONO AUTO,RENOUVELLEMENT,2024-10-08,2025-04-06,2024-10-09,2024-10-09,2024-10-09,2024-10-25,23400,22900,2900,5700,32000,15,3500,0,0,2024,2024-10,16.0,DATE DE PAIEMENT RENSEIGNEE,OK,10,2024Q4,180.0,16.0,False,False,False,True
OP_00866,CLIENT_0491,PERSONNE PHYSIQUE,COMPAGNIE_01,POLICE_00652,1,AUTOMOBILE,MONO AUTO,AFFAIRE NOUVELLE,2024-10-09,2025-10-08,2024-10-09,2024-10-09,2024-10-09,2024-11-23,34100,14200,3500,1100,38800,15,5100,0,0,2024,2024-10,45.0,DATE DE PAIEMENT RENSEIGNEE,OK,10,2024Q4,364.0,45.0,False,False,False,True
OP_00867,CLIENT_0496,PERSONNE PHYSIQUE,COMPAGNIE_03,POLICE_00662,1,AUTOMOBILE,MONO AUTO,RENOUVELLEMENT,2024-10-09,2025-10-08,2024-10-09,2024-10-09,2024-10-09,2024-11-27,59900,59100,6500,5200,71700,15,9000,0,0,2024,2024-10,49.0,DATE DE PAIEMENT RENSEIGNEE,OK,10,2024Q4,364.0,49.0,False,False,False,True
OP_00868,CLIENT_0010,PERSONNE MORALE,COMPAGNIE_05,POLICE_00010,31,AUTOMOBILE,FLOTTE AUTOMOBILE,INCORPORATION,2024-10-10,2025-01-06,2024-10-10,2024-10-13,2024-10-13,2024-12-08,8400,0,1300,4500,14200,15,1300,0,0,2024,2024-10,56.0,DATE DE PAIEMENT RENSEIGNEE,OK,10,2024Q4,88.0,56.0,False,False,False,True
OP_00869,CLIENT_0050,PERSONNE MORALE,COMPAGNIE_06,POLICE_00050,83,AUTOMOBILE,FLOTTE AUTOMOBILE,INCORPORATION,2024-10-10,2025-01-06,2024-10-10,2024-10-10,2024-10-10,2025-01-06,9900,8300,1100,1000,12000,15,1500,0,0,2024,2024-10,88.0,DATE DE PAIEMENT RENSEIGNEE,OK,10,2024Q4,88.0,88.0,False,False,False,True
OP_00870,CLIENT_0490,PERSONNE PHYSIQUE,COMPAGNIE_03,POLICE_00651,3,AUTOMOBILE,MONO AUTO,RENOUVELLEMENT,2024-10-15,2025-10-14,2024-10-10,2024-10-11,2024-10-11,2024-12-01,129500,48200,13500,5500,148500,15,19400,0,0,2024,2024-10,51.0,DATE DE PAIEMENT RENSEIGNEE,OK,10,2024Q4,364.0,51.0,False,False,False,True
OP_00871,CLIENT_0503,PERSONNE MORALE,COMPAGNIE_01,POLICE_00670,2,RC CHEF D'ENTREPRISE,RESPONSABILITE,RENOUVELLEMENT,2024-10-04,2025-10-03,2024-10-10,2024-10-10,2024-10-10,2024-11-16,569000,0,68900,5500,643500,17,96700,0,0,2024,2024-10,37.0,DATE DE PAIEMENT RENSEIGNEE,OK,10,2024Q4,364.0,37.0,False,False,False,True
OP_00872,CLIENT_0170,PERSONNE PHYSIQUE,COMPAGNIE_03,POLICE_00677,0,AUTOMOBILE,MONO AUTO,AFFAIRE NOUVELLE,2024-10-10,2024-01-09,2024-10-11,2024-10-11,2024-10-11,2024-11-21,11100,10900,1600,4700,17500,15,1700,0,0,2024,2024-10,41.0,DATE DE PAIEMENT RENSEIGNEE,EFFET_APRES_ECHEANCE,10,2024Q4,-275.0,41.0,True,False,False,True
OP_00873,CLIENT_0488,PERSONNE PHYSIQUE,COMPAGNIE_01,POLICE_00648,1,AUTOMOBILE,MONO AUTO,AFFAIRE NOUVELLE,2024-10-11,2025-10-10,2024-10-11,2024-10-11,2024-10-11,2024-11-26,46600,43400,5200,5200,56900,15,7000,0,0,2024,2024-10,46.0,DATE DE PAIEMENT RENSEIGNEE,OK,10,2024Q4,364.0,46.0,False,False,False,True
OP_00874,CLIENT_0513,PERSONNE PHYSIQUE,COMPAGNIE_01,POLICE_00685,1,AUTOMOBILE,MONO AUTO,AFFAIRE NOUVELLE,2024-10-12,2025-01-11,2024-10-12,2025-01-18,2025-01-18,,15400,14500,2100,5200,22700,15,2300,0,0,2024,2024-10,,DATE DE PAIEMENT NON RENSEIGNEE,OK,10,2024Q4,91.0,,False,False,False,False
OP_00875,CLIENT_0158,PERSONNE PHYSIQUE,COMPAGNIE_02,POLICE_00185,5,AUTOMOBILE,MONO AUTO,RENOUVELLEMENT,2024-10-13,2025-04-12,2024-10-13,2024-10-13,2024-10-13,2024-11-21,25400,22800,2500,0,28000,15,3800,0,0,2024,2024-10,39.0,DATE DE PAIEMENT RENSEIGNEE,OK,10,2024Q4,181.0,39.0,False,False,False,True
OP_00876,CLIENT_0515,PERSONNE MORALE,COMPAGNIE_03,POLICE_00688,0,AUTOMOBILE,MONO AUTO,AFFAIRE NOUVELLE,2024-10-12,2025-01-11,2024-10-14,2024-10-14,2024-10-14,2024-11-14,15600,15400,2100,5100,22700,15,2300,0,0,2024,2024-10,31.0,DATE DE PAIEMENT RENSEIGNEE,OK,10,2024Q4,91.0,31.0,False,False,False,True
OP_00877,CLIENT_0064,PERSONNE PHYSIQUE,COMPAGNIE_04,POLICE_00666,22,AUTOMOBILE,MONO AUTO,RENOUVELLEMENT,2024-10-13,2024-01-12,2024-10-15,2024-10-15,2024-10-15,,22700,22300,2600,3400,28700,15,3400,0,0,2024,2024-10,,DATE DE PAIEMENT NON RENSEIGNEE,EFFET_APRES_ECHEANCE,10,2024Q4,-275.0,,True,False,False,False
OP_00878,CLIENT_0518,PERSONNE PHYSIQUE,COMPAGNIE_03,POLICE_00691,0,AUTOMOBILE,MONO AUTO,AFFAIRE NOUVELLE,2024-10-16,2025-01-15,2024-10-16,2024-10-16,2024-10-16,2024-11-15,31200,30900,4100,2300,37600,15,4700,0,0,2024,2024-10,30.0,DATE DE PAIEMENT RENSEIGNEE,OK,10,2024Q4,91.0,30.0,False,False,False,True
OP_00879,CLIENT_0511,PERSONNE PHYSIQUE,COMPAGNIE_05,POLICE_00683,1,AUTOMOBILE,MONO AUTO,RENOUVELLEMENT,2024-10-18,2025-04-17,2024-10-17,2024-10-17,2024-10-17,2024-12-12,68800,27000,7300,4500,80700,15,10300,0,0,2024,2024-10,56.0,DATE DE PAIEMENT RENSEIGNEE,OK,10,2024Q4,181.0,56.0,False,False,False,True
OP_00880,CLIENT_0512,PERSONNE PHYSIQUE,COMPAGNIE_03,POLICE_00684,0,AUTOMOBILE,MONO AUTO,AFFAIRE NOUVELLE,2024-10-17,2025-01-16,2024-10-17,2024-10-17,2024-10-17,2024-11-23,10600,10400,1500,4500,16600,15,1600,0,0,2024,2024-10,37.0,DATE DE PAIEMENT RENSEIGNEE,OK,10,2024Q4,91.0,37.0,False,False,False,True
OP_00881,CLIENT_0506,PERSONNE PHYSIQUE,COMPAGNIE_02,POLICE_00674,0,TRAVEL ASSURANCE,0,AFFAIRE NOUVELLE,2024-10-18,2024-10-27,2024-10-18,2024-10-18,2024-10-18,2024-11-15,13200,0,1600,0,14800,10,1300,0,0,2024,2024-10,28.0,DATE DE PAIEMENT RENSEIGNEE,OK,10,2024Q4,9.0,28.0,False,False,False,True
OP_00882,CLIENT_0522,PERSONNE PHYSIQUE,COMPAGNIE_03,POLICE_00701,0,AUTOMOBILE,MONO AUTO,AFFAIRE NOUVELLE,2024-10-13,2025-04-12,2024-10-18,2024-10-18,2024-10-18,2024-11-11,27200,26700,3200,5100,35500,15,4100,0,0,2024,2024-10,24.0,DATE DE PAIEMENT RENSEIGNEE,OK,10,2024Q4,181.0,24.0,False,False,False,True
OP_00883,CLIENT_0237,PERSONNE PHYSIQUE,COMPAGNIE_02,POLICE_00288,5,AUTOMOBILE,MONO AUTO,RENOUVELLEMENT,2024-10-19,2025-04-18,2024-10-19,2024-10-19,2024-10-19,2024-11-15,84100,25600,8700,2700,95500,15,12600,0,0,2024,2024-10,27.0,DATE DE PAIEMENT RENSEIGNEE,OK,10,2024Q4,181.0,27.0,False,False,False,True
OP_00884,CLIENT_0501,PERSONNE PHYSIQUE,COMPAGNIE_02,POLICE_00668,0,AUTOMOBILE,MONO AUTO,AFFAIRE NOUVELLE,2024-10-11,2025-10-10,2024-10-19,2024-11-19,2024-11-19,,328300,0,33200,3400,364900,15,49200,0,0,2024,2024-10,,DATE DE PAIEMENT NON RENSEIGNEE,OK,10,2024Q4,364.0,,False,False,False,False
OP_00885,CLIENT_0508,PERSONNE PHYSIQUE,COMPAGNIE_02,POLICE_00678,4,AUTOMOBILE,MONO AUTO,RENOUVELLEMENT,2024-10-17,2025-10-16,2024-10-19,2024-10-19,2024-10-19,2024-11-13,195500,41600,19800,2700,218000,15,29300,0,0,2024,2024-10,25.0,DATE DE PAIEMENT RENSEIGNEE,OK,10,2024Q4,364.0,25.0,False,False,False,True
OP_00886,CLIENT_0054,PERSONNE PHYSIQUE,COMPAGNIE_02,POLICE_00673,0,TRAVEL ASSURANCE,0,AFFAIRE NOUVELLE,2024-10-21,2024-10-27,2024-10-20,2024-10-20,2024-10-20,2024-11-17,10700,0,1300,0,12000,10,1100,0,0,2024,2024-10,28.0,DATE DE PAIEMENT RENSEIGNEE,OK,10,2024Q4,6.0,28.0,False,False,False,True
OP_00887,CLIENT_0059,PERSONNE PHYSIQUE,COMPAGNIE_04,POLICE_00535,1,AUTOMOBILE,MONO AUTO,RENOUVELLEMENT,2024-10-21,2025-01-20,2024-10-20,2024-10-20,2024-10-20,,114300,113700,14100,2900,131300,15,17100,0,0,2024,2024-10,,DATE DE PAIEMENT NON RENSEIGNEE,OK,10,2024Q4,91.0,,False,False,False,False
OP_00888,CLIENT_0117,PERSONNE PHYSIQUE,COMPAGNIE_02,POLICE_00681,0,TRAVEL ASSURANCE,0,AFFAIRE NOUVELLE,2024-12-01,2025-02-25,2024-10-20,2024-10-20,2024-10-20,2024-11-11,32700,0,3900,0,36600,10,3300,0,0,2024,2024-10,22.0,DATE DE PAIEMENT RENSEIGNEE,OK,10,2024Q4,86.0,22.0,False,False,False,True
OP_00889,CLIENT_0495,PERSONNE MORALE,COMPAGNIE_01,POLICE_00661,0,AUTOMOBILE,FLOTTE AUTOMOBILE,INCORPORATION,2024-10-20,2025-10-07,2024-10-20,2024-12-09,2024-12-09,2025-01-05,165800,0,20600,5600,192000,15,24900,0,0,2024,2024-10,27.0,DATE DE PAIEMENT RENSEIGNEE,OK,10,2024Q4,352.0,27.0,False,False,False,True
OP_00890,CLIENT_0269,PERSONNE PHYSIQUE,COMPAGNIE_03,POLICE_00330,2,AUTOMOBILE,MONO AUTO,RENOUVELLEMENT,2024-11-08,2025-05-08,2024-10-21,2024-10-21,2024-10-21,2024-12-01,29000,28600,3200,3300,35500,15,4400,0,0,2024,2024-10,41.0,DATE DE PAIEMENT RENSEIGNEE,OK,10,2024Q4,181.0,41.0,False,False,False,True
OP_00891,CLIENT_0505,PERSONNE PHYSIQUE,COMPAGNIE_01,POLICE_00672,2,AUTOMOBILE,MONO AUTO,RENOUVELLEMENT,2024-10-22,2025-10-21,2024-10-21,2024-10-21,2024-10-21,2024-11-26,42500,41600,4700,4500,51800,15,6400,0,0,2024,2024-10,36.0,DATE DE PAIEMENT RENSEIGNEE,OK,10,2024Q4,364.0,36.0,False,False,False,True
OP_00892,CLIENT_0050,PERSONNE MORALE,COMPAGNIE_06,POLICE_00050,85,AUTOMOBILE,FLOTTE AUTOMOBILE,INCORPORATION,2024-10-21,2025-01-06,2024-10-22,2024-10-21,2024-10-22,2025-01-06,9300,7800,1000,900,11300,15,1400,0,0,2024,2024-10,76.0,DATE DE PAIEMENT RENSEIGNEE,OK,10,2024Q4,77.0,76.0,False,False,False,True
OP_00893,CLIENT_0067,PERSONNE MORALE,COMPAGNIE_01,POLICE_00523,0,AUTOMOBILE,FLOTTE MOTO,RENOUVELLEMENT,2024-10-21,2025-07-23,2024-10-22,2024-10-23,2024-10-23,2024-11-21,112100,0,11400,2400,125900,15,16800,0,0,2024,2024-10,29.0,DATE DE PAIEMENT RENSEIGNEE,OK,10,2024Q4,275.0,29.0,False,False,False,True
OP_00894,CLIENT_0268,PERSONNE PHYSIQUE,COMPAGNIE_10,POLICE_00703,0,ASSURANCE RENTE EDUCATION,0,AFFAIRE NOUVELLE,2024-08-18,2024-09-16,2024-10-22,2024-10-22,2024-10-22,2024-10-09,12800,0,0,0,12800,25,3200,0,0,2024,2024-10,-13.0,DATE DE PAIEMENT RENSEIGNEE,PAIEMENT_AVANT_ENCAISSEMENT,10,2024Q4,29.0,-13.0,False,True,False,False
OP_00895,CLIENT_0268,PERSONNE PHYSIQUE,COMPAGNIE_10,POLICE_00704,0,ASSURANCE RENTE EDUCATION,0,AFFAIRE NOUVELLE,2024-08-18,2024-09-16,2024-10-22,2024-10-09,2024-10-22,2024-10-09,14300,0,0,0,14300,10,1400,0,0,2024,2024-10,-13.0,DATE DE PAIEMENT RENSEIGNEE,PAIEMENT_AVANT_ENCAISSEMENT,10,2024Q4,29.0,-13.0,False,True,False,False
OP_00896,CLIENT_0268,PERSONNE PHYSIQUE,COMPAGNIE_10,POLICE_00706,0,ASSURANCE RENTE EDUCATION,0,AFFAIRE NOUVELLE,2024-08-18,2024-09-16,2024-10-22,2024-10-22,2024-10-22,2024-10-09,14200,0,0,0,14200,10,1400,0,0,2024,2024-10,-13.0,DATE DE PAIEMENT RENSEIGNEE,PAIEMENT_AVANT_ENCAISSEMENT,10,2024Q4,29.0,-13.0,False,True,False,False
OP_00897,CLIENT_0396,PERSONNE PHYSIQUE,COMPAGNIE_01,POLICE_00517,2,AUTOMOBILE,MONO AUTO,RENOUVELLEMENT,2024-10-17,2025-04-16,2024-10-22,2024-11-08,2024-11-08,2025-01-01,41600,40700,4700,5600,51900,15,6200,0,0,2024,2024-10,54.0,DATE DE PAIEMENT RENSEIGNEE,OK,10,2024Q4,181.0,54.0,False,False,False,True
OP_00898,CLIENT_0502,PERSONNE PHYSIQUE,COMPAGNIE_02,POLICE_00669,0,TRAVEL ASSURANCE,0,AFFAIRE NOUVELLE,2024-11-16,2025-02-15,2024-10-22,2024-10-22,2024-10-22,2024-11-22,32400,0,3900,0,36300,10,3200,0,0,2024,2024-10,31.0,DATE DE PAIEMENT RENSEIGNEE,OK,10,2024Q4,91.0,31.0,False,False,False,True
OP_00899,CLIENT_0444,PERSONNE MORALE,COMPAGNIE_03,POLICE_00707,0,RC SCOLAIRE,RESPONSABILITE,AFFAIRE NOUVELLE,2024-10-22,2025-07-18,2024-10-23,2024-11-29,2024-11-29,2024-12-31,128900,0,16100,5000,150100,17,21900,0,0,2024,2024-10,32.0,DATE DE PAIEMENT RENSEIGNEE,OK,10,2024Q4,269.0,32.0,False,False,False,True
OP_00900,CLIENT_0480,PERSONNE PHYSIQUE,COMPAGNIE_01,POLICE_00694,7,AUTOMOBILE,MONO AUTO,RENOUVELLEMENT,2024-10-26,2025-10-25,2024-10-23,2024-10-23,2024-10-23,2024-11-13,67000,65900,7300,5500,79800,15,10100,0,0,2024,2024-10,21.0,DATE DE PAIEMENT RENSEIGNEE,OK,10,2024Q4,364.0,21.0,False,False,False,True
OP_00901,CLIENT_0507,PERSONNE PHYSIQUE,COMPAGNIE_02,POLICE_00675,0,TRAVEL ASSURANCE,0,AFFAIRE NOUVELLE,2024-10-23,2024-10-30,2024-10-23,2024-10-23,2024-10-23,2024-11-20,10500,0,1300,0,11700,10,1000,0,0,2024,2024-10,28.0,DATE DE PAIEMENT RENSEIGNEE,OK,10,2024Q4,7.0,28.0,False,False,False,True
OP_00902,CLIENT_0507,PERSONNE PHYSIQUE,COMPAGNIE_02,POLICE_00676,0,TRAVEL ASSURANCE,0,AFFAIRE NOUVELLE,2024-11-01,2024-11-08,2024-10-23,2024-10-23,2024-10-23,2024-11-20,12100,0,1400,0,13500,10,1200,0,0,2024,2024-10,28.0,DATE DE PAIEMENT RENSEIGNEE,OK,10,2024Q4,7.0,28.0,False,False,False,True
OP_00903,CLIENT_0050,PERSONNE MORALE,COMPAGNIE_06,POLICE_00050,86,AUTOMOBILE,FLOTTE AUTOMOBILE,INCORPORATION,2024-10-24,2025-01-06,2024-10-24,2024-10-24,2024-10-24,2025-01-06,8700,7000,1000,1100,10700,15,1300,0,0,2024,2024-10,74.0,DATE DE PAIEMENT RENSEIGNEE,OK,10,2024Q4,74.0,74.0,False,False,False,True
OP_00904,CLIENT_0520,PERSONNE PHYSIQUE,COMPAGNIE_01,POLICE_00696,3,AUTOMOBILE,MONO AUTO,RENOUVELLEMENT,2024-10-30,2025-10-29,2024-10-24,2024-10-24,2024-10-24,2024-11-11,49900,47100,5500,5100,60500,15,7500,0,0,2024,2024-10,18.0,DATE DE PAIEMENT RENSEIGNEE,OK,10,2024Q4,364.0,18.0,False,False,False,True
OP_00905,CLIENT_0010,PERSONNE MORALE,COMPAGNIE_09,POLICE_00697,0,RC CHEF D'ENTREPRISE,RESPONSABILITE,RENOUVELLEMENT,2024-10-22,2025-10-21,2024-10-25,2024-10-25,2024-10-25,2024-11-08,669900,0,80900,4500,755400,17,113900,0,0,2024,2024-10,14.0,DATE DE PAIEMENT RENSEIGNEE,OK,10,2024Q4,364.0,14.0,False,False,False,True
OP_00906,CLIENT_0027,PERSONNE MORALE,COMPAGNIE_02,POLICE_00027,31,AUTOMOBILE,FLOTTE AUTOMOBILE,MODIFICATION,2023-12-28,2025-01-05,2024-10-26,2024-10-26,2024-10-26,2024-10-26,-900,-1300,-100,0,-1000,15,-100,0,0,2024,2024-10,0.0,DATE DE PAIEMENT RENSEIGNEE,OK,10,2024Q4,374.0,0.0,False,False,True,True
OP_00907,CLIENT_0238,PERSONNE PHYSIQUE,COMPAGNIE_02,POLICE_00290,12,AUTOMOBILE,MONO AUTO,RENOUVELLEMENT,2024-10-26,2025-04-25,2024-10-26,2024-10-26,2024-10-26,2024-11-16,56800,25400,5700,0,62500,15,8500,0,0,2024,2024-10,21.0,DATE DE PAIEMENT RENSEIGNEE,OK,10,2024Q4,181.0,21.0,False,False,False,True
OP_00908,CLIENT_0516,PERSONNE PHYSIQUE,COMPAGNIE_04,POLICE_00689,3,AUTOMOBILE,MONO MOTO,RENOUVELLEMENT,2024-10-26,2025-10-25,2024-10-26,2024-10-26,2024-10-26,,12200,9900,1500,2500,16200,15,1800,0,0,2024,2024-10,,DATE DE PAIEMENT NON RENSEIGNEE,OK,10,2024Q4,364.0,,False,False,False,False
OP_00909,CLIENT_0523,PERSONNE PHYSIQUE,COMPAGNIE_03,POLICE_00702,0,AUTOMOBILE,MONO AUTO,AFFAIRE NOUVELLE,2024-10-15,2025-01-14,2024-10-26,2024-11-13,2024-11-13,2024-11-13,10800,10600,1500,4600,17000,15,1600,0,0,2024,2024-10,0.0,DATE DE PAIEMENT RENSEIGNEE,OK,10,2024Q4,91.0,0.0,False,False,False,True
OP_00910,CLIENT_0526,PERSONNE PHYSIQUE,COMPAGNIE_02,POLICE_00712,4,AUTOMOBILE,MONO AUTO,RENOUVELLEMENT,2024-10-30,2025-10-29,2024-10-26,2024-10-25,2024-10-26,2024-11-27,164000,65600,16700,3300,184100,15,24600,0,0,2024,2024-10,32.0,DATE DE PAIEMENT RENSEIGNEE,OK,10,2024Q4,364.0,32.0,False,False,False,True
OP_00911,CLIENT_0074,PERSONNE PHYSIQUE,COMPAGNIE_04,POLICE_00079,13,AUTOMOBILE,MONO AUTO,RENOUVELLEMENT,2024-10-28,2025-01-27,2024-10-27,2024-10-27,2024-10-27,2025-03-09,13600,13200,1400,0,15000,15,2000,0,0,2024,2024-10,133.0,DATE DE PAIEMENT RENSEIGNEE,OK,10,2024Q4,91.0,133.0,False,False,False,True
OP_00912,CLIENT_0260,PERSONNE PHYSIQUE,COMPAGNIE_06,POLICE_00320,3,AUTOMOBILE,MONO AUTO,RENOUVELLEMENT,2024-11-04,2025-11-03,2024-10-27,2024-11-03,2024-11-03,,209200,44500,21400,4800,235400,15,31400,0,0,2024,2024-10,,DATE DE PAIEMENT NON RENSEIGNEE,OK,10,2024Q4,364.0,,False,False,False,False
OP_00913,CLIENT_0524,PERSONNE PHYSIQUE,COMPAGNIE_03,POLICE_00709,3,AUTOMOBILE,MONO AUTO,RENOUVELLEMENT,2024-10-28,2025-10-27,2024-10-27,2024-10-27,2024-10-27,2024-11-26,41300,40600,4500,3800,49600,15,6200,0,0,2024,2024-10,30.0,DATE DE PAIEMENT RENSEIGNEE,OK,10,2024Q4,364.0,30.0,False,False,False,True
OP_00914,CLIENT_0236,PERSONNE MORALE,COMPAGNIE_03,POLICE_00699,17,AUTOMOBILE,FLOTTE AUTOMOBILE,RENOUVELLEMENT,2024-11-07,2025-11-06,2024-10-28,2024-12-14,2024-12-14,2024-12-14,814500,109200,91700,5000,911200,15,122200,0,0,2024,2024-10,0.0,DATE DE PAIEMENT RENSEIGNEE,OK,10,2024Q4,364.0,0.0,False,False,False,True
OP_00915,CLIENT_0253,PERSONNE PHYSIQUE,COMPAGNIE_02,POLICE_00311,10,AUTOMOBILE,MONO AUTO,RENOUVELLEMENT,2024-10-27,2025-04-26,2024-10-28,2024-10-28,2024-10-28,2024-11-13,68200,40100,6800,0,75000,10,6800,0,0,2024,2024-10,16.0,DATE DE PAIEMENT RENSEIGNEE,OK,10,2024Q4,181.0,16.0,False,False,False,True
OP_00916,CLIENT_0268,PERSONNE PHYSIQUE,COMPAGNIE_01,POLICE_00329,3,AUTOMOBILE,MONO AUTO,RENOUVELLEMENT,2024-11-03,2025-05-02,2024-10-28,2024-10-28,2024-10-28,2024-12-17,31800,31300,3600,4400,39900,15,4800,0,0,2024,2024-10,50.0,DATE DE PAIEMENT RENSEIGNEE,OK,10,2024Q4,180.0,50.0,False,False,False,True
OP_00917,CLIENT_0328,PERSONNE MORALE,COMPAGNIE_02,POLICE_00708,3,RC SCOLAIRE,RESPONSABILITE,RENOUVELLEMENT,2024-10-28,2025-07-07,2024-10-29,2024-10-29,2024-10-29,2024-12-01,21400,0,3200,5500,30100,17,3600,0,0,2024,2024-10,33.0,DATE DE PAIEMENT RENSEIGNEE,OK,10,2024Q4,252.0,33.0,False,False,False,True
OP_00918,CLIENT_0519,PERSONNE MORALE,COMPAGNIE_02,POLICE_00692,1,RC SCOLAIRE,RESPONSABILITE,RENOUVELLEMENT,2024-10-29,2025-07-19,2024-10-29,2024-10-29,2024-10-29,2024-11-12,9500,0,1500,3300,14300,17,1600,0,0,2024,2024-10,14.0,DATE DE PAIEMENT RENSEIGNEE,OK,10,2024Q4,263.0,14.0,False,False,False,True
OP_00919,CLIENT_0528,PERSONNE PHYSIQUE,COMPAGNIE_02,POLICE_00716,3,AUTOMOBILE,MONO AUTO,RENOUVELLEMENT,2024-08-18,2025-08-17,2024-10-29,2024-10-29,2024-10-29,2024-10-29,45800,0,3000,4700,53400,15,6900,0,0,2024,2024-10,0.0,DATE DE PAIEMENT RENSEIGNEE,OK,10,2024Q4,364.0,0.0,False,False,False,True
OP_00920,CLIENT_0268,PERSONNE PHYSIQUE,COMPAGNIE_10,POLICE_00703,0,ASSURANCE RENTE EDUCATION,0,AFFAIRE NOUVELLE,2023-05-15,2024-10-14,2024-10-30,2024-10-30,2024-10-30,2024-10-30,13300,0,0,0,13300,10,1300,0,0,2024,2024-10,0.0,DATE DE PAIEMENT RENSEIGNEE,OK,10,2024Q4,518.0,0.0,False,False,False,True
OP_00921,CLIENT_0268,PERSONNE PHYSIQUE,COMPAGNIE_10,POLICE_00704,0,ASSURANCE RENTE EDUCATION,0,AFFAIRE NOUVELLE,2023-05-11,2024-09-10,2024-10-30,2024-10-30,2024-10-30,2024-10-30,16500,0,0,0,16500,25,4100,0,0,2024,2024-10,0.0,DATE DE PAIEMENT RENSEIGNEE,OK,10,2024Q4,488.0,0.0,False,False,False,True
OP_00922,CLIENT_0268,PERSONNE PHYSIQUE,COMPAGNIE_10,POLICE_00721,0,RETRAITE COMPLEMENTAIRE,0,AFFAIRE NOUVELLE,2023-05-11,2024-09-10,2024-10-30,2024-10-30,2024-10-30,2024-10-30,14600,0,0,0,14600,10,1500,0,0,2024,2024-10,0.0,DATE DE PAIEMENT RENSEIGNEE,OK,10,2024Q4,488.0,0.0,False,False,False,True
OP_00923,CLIENT_0495,PERSONNE MORALE,COMPAGNIE_01,POLICE_00693,7,AUTOMOBILE,FLOTTE AUTOMOBILE,AFFAIRE NOUVELLE,2023-10-06,2024-10-05,2024-10-30,2024-10-30,2024-10-30,2024-11-20,378300,0,41500,5100,424900,15,56700,0,0,2024,2024-10,21.0,DATE DE PAIEMENT RENSEIGNEE,OK,10,2024Q4,365.0,21.0,False,False,False,True
OP_00924,CLIENT_0307,PERSONNE PHYSIQUE,COMPAGNIE_10,POLICE_00705,0,ASSURANCE RENTE EDUCATION,0,AFFAIRE NOUVELLE,2024-07-27,2024-08-26,2024-10-31,2024-10-18,2024-10-31,2024-10-18,10500,0,0,0,10500,10,1000,0,0,2024,2024-10,-13.0,DATE DE PAIEMENT RENSEIGNEE,PAIEMENT_AVANT_ENCAISSEMENT,10,2024Q4,30.0,-13.0,False,True,False,False
OP_00925,CLIENT_0307,PERSONNE PHYSIQUE,COMPAGNIE_10,POLICE_00705,0,ASSURANCE RENTE EDUCATION,0,AFFAIRE NOUVELLE,2024-06-26,2024-07-25,2024-10-31,2024-10-18,2024-10-31,2024-10-18,10400,0,0,0,10400,10,1000,0,0,2024,2024-10,-13.0,DATE DE PAIEMENT RENSEIGNEE,PAIEMENT_AVANT_ENCAISSEMENT,10,2024Q4,29.0,-13.0,False,True,False,False
OP_00926,CLIENT_0307,PERSONNE PHYSIQUE,COMPAGNIE_10,POLICE_00705,0,ASSURANCE RENTE EDUCATION,0,AFFAIRE NOUVELLE,2024-08-27,,2024-10-31,2024-10-18,2024-10-31,2024-10-18,10100,0,0,0,10100,10,1000,0,0,2024,2024-10,-13.0,DATE DE PAIEMENT RENSEIGNEE,PAIEMENT_AVANT_ENCAISSEMENT,10,2024Q4,,-13.0,False,True,False,False
OP_00927,CLIENT_0510,PERSONNE PHYSIQUE,COMPAGNIE_02,POLICE_00682,1,TRAVEL ASSURANCE,0,AFFAIRE NOUVELLE,2024-10-31,2024-12-29,2024-10-31,2024-10-31,2024-10-31,2024-11-22,12100,0,2000,4600,18700,10,1200,0,0,2024,2024-10,22.0,DATE DE PAIEMENT RENSEIGNEE,OK,10,2024Q4,59.0,22.0,False,False,False,True
OP_00928,CLIENT_0073,PERSONNE PHYSIQUE,COMPAGNIE_01,POLICE_00078,4,AUTOMOBILE,MONO AUTO,RENOUVELLEMENT,2024-10-29,2024-04-27,2024-11-01,2024-11-01,2024-11-01,2024-11-12,22600,22100,2800,5100,30500,15,3400,0,0,2024,2024-11,11.0,DATE DE PAIEMENT RENSEIGNEE,EFFET_APRES_ECHEANCE,11,2024Q4,-185.0,11.0,True,False,False,True
OP_00929,CLIENT_0521,PERSONNE PHYSIQUE,COMPAGNIE_03,POLICE_00700,0,AUTOMOBILE,MONO AUTO,AFFAIRE NOUVELLE,2024-10-31,2025-01-30,2024-11-01,2024-11-01,2024-11-01,2024-11-25,15400,15200,2000,5000,22500,15,2300,0,0,2024,2024-11,24.0,DATE DE PAIEMENT RENSEIGNEE,OK,11,2024Q4,91.0,24.0,False,False,False,True
OP_00930,CLIENT_0050,PERSONNE MORALE,COMPAGNIE_06,POLICE_00050,87,AUTOMOBILE,FLOTTE AUTOMOBILE,INCORPORATION,2024-11-01,2025-01-06,2024-11-03,2024-11-10,2024-11-10,,11000,9300,1200,1100,13300,15,1600,0,0,2024,2024-11,,DATE DE PAIEMENT NON RENSEIGNEE,OK,11,2024Q4,66.0,,False,False,False,False
OP_00931,CLIENT_0495,PERSONNE MORALE,COMPAGNIE_01,POLICE_00698,0,AUTOMOBILE,FLOTTE AUTOMOBILE,RENOUVELLEMENT,2024-11-03,2025-10-07,2024-11-03,2025-02-18,2025-02-18,,149000,0,15000,1200,165300,15,22400,0,0,2024,2024-11,,DATE DE PAIEMENT NON RENSEIGNEE,OK,11,2024Q4,338.0,,False,False,False,False
OP_00932,CLIENT_0050,PERSONNE MORALE,COMPAGNIE_06,POLICE_00050,88,AUTOMOBILE,FLOTTE AUTOMOBILE,INCORPORATION,2024-11-03,2025-01-06,2024-11-04,2024-11-04,2024-11-04,,9300,7600,1100,1100,11500,15,1400,0,0,2024,2024-11,,DATE DE PAIEMENT NON RENSEIGNEE,OK,11,2024Q4,64.0,,False,False,False,False
OP_00933,CLIENT_0050,PERSONNE MORALE,COMPAGNIE_06,POLICE_00050,89,AUTOMOBILE,FLOTTE AUTOMOBILE,INCORPORATION,2024-11-04,2025-01-06,2024-11-04,2024-11-05,2024-11-05,,12300,0,1400,1100,14800,0,0,0,0,2024,2024-11,,DATE DE PAIEMENT NON RENSEIGNEE,OK,11,2024Q4,63.0,,False,False,False,False
OP_00934,CLIENT_0341,PERSONNE PHYSIQUE,COMPAGNIE_03,POLICE_00437,3,AUTOMOBILE,MONO AUTO,RENOUVELLEMENT,2024-11-20,2025-05-20,2024-11-04,2024-11-04,2024-11-04,2024-11-22,18300,17900,1900,900,21100,15,2700,0,0,2024,2024-11,18.0,DATE DE PAIEMENT RENSEIGNEE,OK,11,2024Q4,181.0,18.0,False,False,False,True
OP_00935,CLIENT_0400,PERSONNE PHYSIQUE,COMPAGNIE_03,POLICE_00524,1,AUTOMOBILE,MONO AUTO,RENOUVELLEMENT,2024-11-04,2025-05-04,2024-11-04,2024-11-04,2024-11-04,2024-12-07,40900,40500,4200,1100,46200,15,6100,0,0,2024,2024-11,33.0,DATE DE PAIEMENT RENSEIGNEE,OK,11,2024Q4,181.0,33.0,False,False,False,True
OP_00936,CLIENT_0517,PERSONNE PHYSIQUE,COMPAGNIE_02,POLICE_00690,0,RC CHEF D'ENTREPRISE,0,RENOUVELLEMENT,2024-11-08,2024-11-07,2024-11-04,2024-11-04,2024-11-04,2024-11-19,100200,0,12600,5000,117800,17,17000,0,0,2024,2024-11,15.0,DATE DE PAIEMENT RENSEIGNEE,EFFET_APRES_ECHEANCE,11,2024Q4,-1.0,15.0,True,False,False,True
OP_00937,CLIENT_0275,PERSONNE PHYSIQUE,COMPAGNIE_02,POLICE_00336,9,AUTOMOBILE,MONO AUTO,RENOUVELLEMENT,2024-11-06,2025-05-05,2024-11-05,2024-11-05,2024-11-05,2024-12-02,63800,18700,6600,2700,73100,15,9600,0,0,2024,2024-11,27.0,DATE DE PAIEMENT RENSEIGNEE,OK,11,2024Q4,180.0,27.0,False,False,False,True
OP_00938,CLIENT_0285,PERSONNE PHYSIQUE,COMPAGNIE_01,POLICE_00348,6,AUTOMOBILE,MONO AUTO,RENOUVELLEMENT,2024-11-07,2025-05-06,2024-11-05,2024-11-05,2024-11-05,2024-12-30,22800,21900,2300,0,25100,15,3400,0,0,2024,2024-11,55.0,DATE DE PAIEMENT RENSEIGNEE,OK,11,2024Q4,180.0,55.0,False,False,False,True
OP_00939,CLIENT_0321,PERSONNE PHYSIQUE,COMPAGNIE_03,POLICE_00728,2,AUTOMOBILE,MONO AUTO,RENOUVELLEMENT,2024-11-11,2025-11-10,2024-11-06,2024-11-06,2024-11-06,2024-11-24,144300,50800,14900,4600,163800,15,21600,0,0,2024,2024-11,18.0,DATE DE PAIEMENT RENSEIGNEE,OK,11,2024Q4,364.0,18.0,False,False,False,True
OP_00940,CLIENT_0518,PERSONNE PHYSIQUE,COMPAGNIE_03,POLICE_00726,0,AUTOMOBILE,MONO AUTO,AFFAIRE NOUVELLE,2024-11-06,2025-05-06,2024-11-06,2024-11-06,2024-11-06,2024-11-28,70900,69300,9200,5500,85500,15,10600,0,0,2024,2024-11,22.0,DATE DE PAIEMENT RENSEIGNEE,OK,11,2024Q4,181.0,22.0,False,False,False,True
OP_00941,CLIENT_0254,PERSONNE PHYSIQUE,COMPAGNIE_01,POLICE_00312,5,AUTOMOBILE,MONO AUTO,RENOUVELLEMENT,2024-11-06,2025-05-04,2024-11-07,2024-11-11,2024-11-11,2024-11-29,26400,25600,2600,0,29100,15,4000,0,0,2024,2024-11,18.0,DATE DE PAIEMENT RENSEIGNEE,OK,11,2024Q4,179.0,18.0,False,False,False,True
OP_00942,CLIENT_0297,PERSONNE PHYSIQUE,COMPAGNIE_03,POLICE_00361,6,AUTOMOBILE,MONO AUTO,RENOUVELLEMENT,2024-11-10,2025-02-09,2024-11-07,,2024-11-07,2024-12-02,12500,12000,1800,5500,19800,15,1900,0,0,2024,2024-11,25.0,DATE DE PAIEMENT RENSEIGNEE,OK,11,2024Q4,91.0,25.0,False,False,False,True
OP_00943,CLIENT_0320,PERSONNE MORALE,COMPAGNIE_01,POLICE_00736,0,MULTIRISQUE PROFESSIONNELLE,INCENDIE,AFFAIRE NOUVELLE,2024-11-06,2025-11-05,2024-11-07,2024-11-27,2024-11-27,2024-12-18,168200,0,31100,5300,204600,17,28600,0,0,2024,2024-11,21.0,DATE DE PAIEMENT RENSEIGNEE,OK,11,2024Q4,364.0,21.0,False,False,False,True
OP_00944,CLIENT_0320,PERSONNE MORALE,COMPAGNIE_01,POLICE_00737,0,MULTIRISQUE PROFESSIONNELLE,INCENDIE,AFFAIRE NOUVELLE,2024-11-06,2025-11-05,2024-11-07,2024-11-27,2024-11-27,2024-12-18,66700,0,10600,5400,82700,17,11300,0,0,2024,2024-11,21.0,DATE DE PAIEMENT RENSEIGNEE,OK,11,2024Q4,364.0,21.0,False,False,False,True
OP_00945,CLIENT_0320,PERSONNE MORALE,COMPAGNIE_01,POLICE_00738,0,MULTIRISQUE PROFESSIONNELLE,INCENDIE,AFFAIRE NOUVELLE,2024-11-06,2025-11-05,2024-11-07,2024-11-27,2024-11-27,2024-12-18,76800,0,12400,5600,94700,17,13000,0,0,2024,2024-11,21.0,DATE DE PAIEMENT RENSEIGNEE,OK,11,2024Q4,364.0,21.0,False,False,False,True
OP_00946,CLIENT_0525,PERSONNE PHYSIQUE,COMPAGNIE_03,POLICE_00711,3,AUTOMOBILE,MONO AUTO,RENOUVELLEMENT,2024-11-13,2025-11-12,2024-11-07,2024-11-07,2024-11-07,2024-12-06,55000,52900,6000,4600,65500,15,8200,0,0,2024,2024-11,29.0,DATE DE PAIEMENT RENSEIGNEE,OK,11,2024Q4,364.0,29.0,False,False,False,True
OP_00947,CLIENT_0536,PERSONNE PHYSIQUE,COMPAGNIE_09,POLICE_00741,0,AUTOMOBILE,MONO AUTO,AFFAIRE NOUVELLE,2024-11-05,2025-11-04,2024-11-07,2024-11-07,2024-11-07,2024-12-02,65300,0,6800,2800,75000,15,9800,0,0,2024,2024-11,25.0,DATE DE PAIEMENT RENSEIGNEE,OK,11,2024Q4,364.0,25.0,False,False,False,True
OP_00948,CLIENT_0039,PERSONNE MORALE,COMPAGNIE_07,POLICE_00731,0,ACCESSOIRE COMPAGNIE,0,RÉGULARISATION,2024-01-05,2024-01-05,2024-11-09,2024-11-09,2024-11-09,2024-11-09,1784100,0,0,0,1784100,100,1784100,0,0,2024,2024-11,0.0,DATE DE PAIEMENT RENSEIGNEE,OK,11,2024Q4,0.0,0.0,False,False,False,True
OP_00949,CLIENT_0236,PERSONNE MORALE,COMPAGNIE_03,POLICE_00719,15,AUTOMOBILE,FLOTTE AUTOMOBILE,INCORPORATION,2024-11-07,2025-11-06,2024-11-09,2024-11-09,2024-11-09,2024-12-04,122500,52100,12600,2900,138000,15,18400,0,0,2024,2024-11,25.0,DATE DE PAIEMENT RENSEIGNEE,OK,11,2024Q4,364.0,25.0,False,False,False,True
OP_00950,CLIENT_0533,PERSONNE PHYSIQUE,COMPAGNIE_03,POLICE_00730,0,AUTOMOBILE,MONO AUTO,AFFAIRE NOUVELLE,2024-11-09,2025-05-09,2024-11-09,2024-11-09,2024-11-09,2024-11-26,22100,21700,2800,5400,30300,15,3300,0,0,2024,2024-11,17.0,DATE DE PAIEMENT RENSEIGNEE,OK,11,2024Q4,181.0,17.0,False,False,False,True
OP_00951,CLIENT_0534,PERSONNE MORALE,COMPAGNIE_08,POLICE_00733,0,AUTOMOBILE,FLOTTE AUTOMOBILE,RÉGULARISATION,2020-08-22,2020-08-22,2024-11-09,2024-11-09,2024-11-09,2024-11-09,1087400,0,0,0,1087400,100,1087400,0,0,2024,2024-11,0.0,DATE DE PAIEMENT RENSEIGNEE,OK,11,2024Q4,0.0,0.0,False,False,False,True
OP_00952,CLIENT_0039,PERSONNE MORALE,COMPAGNIE_03,POLICE_00461,0,ACCESSOIRE COMPAGNIE,0,RÉGULARISATION,2023-12-22,2024-07-29,2024-11-10,2024-11-10,2024-11-10,,69500,0,0,0,69500,100,69500,0,0,2024,2024-11,,DATE DE PAIEMENT NON RENSEIGNEE,OK,11,2024Q4,220.0,,False,False,False,False
OP_00953,CLIENT_0053,PERSONNE PHYSIQUE,COMPAGNIE_02,POLICE_00717,0,TRAVEL ASSURANCE,0,AFFAIRE NOUVELLE,2024-09-21,2024-10-20,2024-11-10,2024-11-10,2024-11-10,2024-11-10,23300,0,2800,0,26100,10,2300,0,0,2024,2024-11,0.0,DATE DE PAIEMENT RENSEIGNEE,OK,11,2024Q4,29.0,0.0,False,False,False,True
OP_00954,CLIENT_0072,PERSONNE PHYSIQUE,COMPAGNIE_03,POLICE_00695,0,AUTOMOBILE,MONO AUTO,RENOUVELLEMENT,2024-11-14,2025-11-13,2024-11-10,2024-11-10,2024-11-10,2024-12-06,15200,0,2000,4400,21600,15,2300,0,0,2024,2024-11,26.0,DATE DE PAIEMENT RENSEIGNEE,OK,11,2024Q4,364.0,26.0,False,False,False,True
OP_00955,CLIENT_0050,PERSONNE MORALE,COMPAGNIE_06,POLICE_00050,90,AUTOMOBILE,FLOTTE AUTOMOBILE,INCORPORATION,2024-11-10,2025-01-06,2024-11-11,2024-11-11,2024-11-11,,8700,7100,1000,1100,10800,15,1300,0,0,2024,2024-11,,DATE DE PAIEMENT NON RENSEIGNEE,OK,11,2024Q4,57.0,,False,False,False,False
OP_00956,CLIENT_0276,PERSONNE PHYSIQUE,COMPAGNIE_03,POLICE_00545,2,AUTOMOBILE,MONO AUTO,RENOUVELLEMENT,2024-11-12,2025-02-11,2024-11-11,2024-11-11,2024-11-11,2024-12-12,11400,11200,1200,1000,13600,15,1700,0,0,2024,2024-11,31.0,DATE DE PAIEMENT RENSEIGNEE,OK,11,2024Q4,91.0,31.0,False,False,False,True
OP_00957,CLIENT_0527,PERSONNE PHYSIQUE,COMPAGNIE_08,POLICE_00714,0,RETRAITE COMPLEMENTAIRE,ASSURANCE DE PERSONNES,AFFAIRE NOUVELLE,2024-11-10,2046-11-09,2024-11-11,2024-11-10,2024-11-11,,4500,0,0,4500,9000,10,500,0,0,2024,2024-11,,DATE DE PAIEMENT NON RENSEIGNEE,OK,11,2024Q4,8034.0,,False,False,False,False
OP_00958,CLIENT_0532,PERSONNE PHYSIQUE,COMPAGNIE_03,POLICE_00729,0,AUTOMOBILE,FLOTTE MOTO,AFFAIRE NOUVELLE,2024-11-10,2025-05-10,2024-11-11,2024-11-12,2024-11-12,2024-11-28,187400,80700,19300,4900,211600,15,28100,0,0,2024,2024-11,16.0,DATE DE PAIEMENT RENSEIGNEE,OK,11,2024Q4,181.0,16.0,False,False,False,True
OP_00959,CLIENT_0137,PERSONNE PHYSIQUE,COMPAGNIE_04,POLICE_00156,13,AUTOMOBILE,MONO AUTO,RENOUVELLEMENT,2024-11-12,2025-02-11,2024-11-12,2024-11-12,2024-11-12,2025-03-08,10600,10300,1100,0,11700,15,1600,0,0,2024,2024-11,116.0,DATE DE PAIEMENT RENSEIGNEE,OK,11,2024Q4,91.0,116.0,False,False,False,True
OP_00960,CLIENT_0456,PERSONNE MORALE,COMPAGNIE_03,POLICE_00710,4,AUTOMOBILE,MONO AUTO,RENOUVELLEMENT,2024-11-15,2025-11-14,2024-11-12,2024-11-12,2024-11-12,2024-12-22,173600,53400,17800,4500,195900,15,26000,0,0,2024,2024-11,40.0,DATE DE PAIEMENT RENSEIGNEE,OK,11,2024Q4,364.0,40.0,False,False,False,True
OP_00961,CLIENT_0531,PERSONNE MORALE,COMPAGNIE_04,POLICE_00724,3,AUTOMOBILE,MONO AUTO,RENOUVELLEMENT,2024-11-19,2025-11-18,2024-11-12,2024-11-12,2024-11-12,2025-03-17,64900,0,6800,3300,75000,15,9700,0,0,2024,2024-11,125.0,DATE DE PAIEMENT RENSEIGNEE,OK,11,2024Q4,364.0,125.0,False,False,False,True
OP_00962,CLIENT_0538,PERSONNE PHYSIQUE,COMPAGNIE_03,POLICE_00744,0,AUTOMOBILE,MONO AUTO,AFFAIRE NOUVELLE,2024-11-12,2025-02-11,2024-11-12,2024-11-12,2024-11-12,2024-12-06,11600,11400,1600,4900,18100,15,1700,0,0,2024,2024-11,24.0,DATE DE PAIEMENT RENSEIGNEE,OK,11,2024Q4,91.0,24.0,False,False,False,True
OP_00963,CLIENT_0095,PERSONNE PHYSIQUE,COMPAGNIE_02,POLICE_00103,0,AUTOMOBILE,MONO AUTO,RENOUVELLEMENT,2024-10-01,2025-03-30,2024-11-13,2024-11-13,2024-11-13,2024-11-13,92500,0,4800,5700,103000,10,9200,0,0,2024,2024-11,0.0,DATE DE PAIEMENT RENSEIGNEE,OK,11,2024Q4,180.0,0.0,False,False,False,True
OP_00964,CLIENT_0127,PERSONNE PHYSIQUE,COMPAGNIE_02,POLICE_00720,0,TRAVEL ASSURANCE,0,AFFAIRE NOUVELLE,2024-11-27,2024-12-03,2024-11-13,2024-11-13,2024-11-13,2024-12-10,5000,0,1100,4600,10700,10,500,0,0,2024,2024-11,27.0,DATE DE PAIEMENT RENSEIGNEE,OK,11,2024Q4,6.0,27.0,False,False,False,True
OP_00965,CLIENT_0290,PERSONNE PHYSIQUE,COMPAGNIE_02,POLICE_00353,5,AUTOMOBILE,MONO AUTO,RENOUVELLEMENT,2024-11-17,2025-05-16,2024-11-13,2024-11-14,2024-11-14,2024-12-11,59100,27500,6200,2900,68200,0,8900,0,0,2024,2024-11,27.0,DATE DE PAIEMENT RENSEIGNEE,OK,11,2024Q4,180.0,27.0,False,False,False,True
OP_00966,CLIENT_0529,PERSONNE PHYSIQUE,COMPAGNIE_01,POLICE_00718,2,AUTOMOBILE,MONO AUTO,RENOUVELLEMENT,2024-11-10,2025-11-09,2024-11-13,2024-11-13,2024-11-13,2025-01-02,39500,36900,4400,4600,48400,15,5900,0,0,2024,2024-11,50.0,DATE DE PAIEMENT RENSEIGNEE,OK,11,2024Q4,364.0,50.0,False,False,False,True
OP_00967,CLIENT_0304,PERSONNE PHYSIQUE,COMPAGNIE_03,POLICE_00370,6,AUTOMOBILE,MONO AUTO,RENOUVELLEMENT,2024-11-13,2025-05-13,2024-11-14,2024-11-14,2024-11-14,2024-11-27,30600,30100,3400,3500,37500,15,4600,0,0,2024,2024-11,13.0,DATE DE PAIEMENT RENSEIGNEE,OK,11,2024Q4,181.0,13.0,False,False,False,True
OP_00968,CLIENT_0530,PERSONNE MORALE,COMPAGNIE_07,POLICE_00722,0,RC CHEF D'ENTREPRISE,0,AFFAIRE NOUVELLE,2024-11-14,2025-11-13,2024-11-14,2024-11-20,2024-11-20,,124700,0,15600,5000,145200,17,21200,0,0,2024,2024-11,,DATE DE PAIEMENT NON RENSEIGNEE,OK,11,2024Q4,364.0,,False,False,False,False
OP_00969,CLIENT_0289,PERSONNE MORALE,COMPAGNIE_07,POLICE_00352,4,ASSURANCE SANTE,ASSURANCE MALADIE GROUPE,INCORPORATION,2024-07-28,2025-04-26,2024-11-15,2024-11-15,2024-11-15,,584400,0,17500,0,601900,10,58400,0,0,2024,2024-11,,DATE DE PAIEMENT NON RENSEIGNEE,OK,11,2024Q4,272.0,,False,False,False,False
OP_00970,CLIENT_0387,PERSONNE PHYSIQUE,COMPAGNIE_01,POLICE_00748,1,AUTOMOBILE,MONO AUTO,AFFAIRE NOUVELLE,2024-11-15,2025-05-14,2024-11-15,2024-11-15,2024-11-15,2024-12-20,139200,27200,14400,4900,158500,15,20900,0,0,2024,2024-11,35.0,DATE DE PAIEMENT RENSEIGNEE,OK,11,2024Q4,180.0,35.0,False,False,False,True
OP_00971,CLIENT_0399,PERSONNE PHYSIQUE,COMPAGNIE_03,POLICE_00747,0,AUTOMOBILE,MONO AUTO,AFFAIRE NOUVELLE,2024-11-14,2025-02-13,2024-11-15,2024-11-15,2024-11-15,,28500,28300,4000,4700,37200,15,4300,0,0,2024,2024-11,,DATE DE PAIEMENT NON RENSEIGNEE,OK,11,2024Q4,91.0,,False,False,False,False
OP_00972,CLIENT_0134,PERSONNE PHYSIQUE,COMPAGNIE_02,POLICE_00760,10,AUTOMOBILE,FLOTTE AUTOMOBILE,RENOUVELLEMENT,2024-11-18,2025-11-17,2024-11-16,2024-11-16,2024-11-16,2024-11-26,142100,0,14800,5200,162100,15,21300,0,0,2024,2024-11,10.0,DATE DE PAIEMENT RENSEIGNEE,OK,11,2024Q4,364.0,10.0,False,False,False,True
OP_00973,CLIENT_0444,PERSONNE MORALE,COMPAGNIE_03,POLICE_00707,0,RC SCOLAIRE,RESPONSABILITE,INCORPORATION,2024-11-15,2025-11-14,2024-11-16,2024-11-29,2024-11-29,2024-12-31,541900,0,65700,5200,612700,17,92100,0,0,2024,2024-11,32.0,DATE DE PAIEMENT RENSEIGNEE,OK,11,2024Q4,364.0,32.0,False,False,False,True
OP_00974,CLIENT_0547,PERSONNE MORALE,COMPAGNIE_07,POLICE_00759,0,AUTOMOBILE,FLOTTE AUTOMOBILE,AFFAIRE NOUVELLE,2024-11-15,2025-11-14,2024-11-16,2024-11-16,2024-11-16,,192900,0,21100,5000,219000,15,28900,0,0,2024,2024-11,,DATE DE PAIEMENT NON RENSEIGNEE,OK,11,2024Q4,364.0,,False,False,False,False
OP_00975,CLIENT_0050,PERSONNE MORALE,COMPAGNIE_06,POLICE_00050,91,AUTOMOBILE,FLOTTE AUTOMOBILE,INCORPORATION,2024-11-17,2025-01-06,2024-11-17,2024-11-17,2024-11-17,,9000,7300,1000,1100,11100,0,0,0,0,2024,2024-11,,DATE DE PAIEMENT NON RENSEIGNEE,OK,11,2024Q4,50.0,,False,False,False,False
OP_00976,CLIENT_0102,PERSONNE PHYSIQUE,COMPAGNIE_01,POLICE_00725,1,AUTOMOBILE,MONO MOTO,AFFAIRE NOUVELLE,2024-11-17,2025-11-16,2024-11-17,2024-11-17,2024-11-17,2025-01-03,31800,9600,3400,2300,37500,15,4800,0,0,2024,2024-11,47.0,DATE DE PAIEMENT RENSEIGNEE,OK,11,2024Q4,364.0,47.0,False,False,False,True
OP_00977,CLIENT_0315,PERSONNE PHYSIQUE,COMPAGNIE_02,POLICE_00392,8,AUTOMOBILE,MONO AUTO,PROROGATION,2024-11-17,2025-05-16,2024-11-17,2024-11-17,2024-11-17,2024-12-03,102400,0,10200,0,112700,15,15400,0,0,2024,2024-11,16.0,DATE DE PAIEMENT RENSEIGNEE,OK,11,2024Q4,180.0,16.0,False,False,False,True
OP_00978,CLIENT_0078,PERSONNE PHYSIQUE,COMPAGNIE_06,POLICE_00083,10,AUTOMOBILE,FLOTTE MOTO,INCORPORATION,2024-11-18,2025-01-12,2024-11-18,2024-11-21,2024-11-21,,9000,0,1400,4400,14900,15,1400,0,0,2024,2024-11,,DATE DE PAIEMENT NON RENSEIGNEE,OK,11,2024Q4,55.0,,False,False,False,False
OP_00979,CLIENT_0189,PERSONNE PHYSIQUE,COMPAGNIE_01,POLICE_00761,1,TRAVEL ASSURANCE,0,AFFAIRE NOUVELLE,2024-11-21,2025-02-18,2024-11-18,2024-11-18,2024-11-18,2024-12-17,26700,0,3400,1800,31900,17,4500,0,0,2024,2024-11,29.0,DATE DE PAIEMENT RENSEIGNEE,OK,11,2024Q4,89.0,29.0,False,False,False,True
OP_00980,CLIENT_0050,PERSONNE MORALE,COMPAGNIE_06,POLICE_00050,92,AUTOMOBILE,FLOTTE AUTOMOBILE,INCORPORATION,2024-11-18,2025-01-06,2024-11-19,2024-11-18,2024-11-19,,7500,6200,900,900,9200,15,1100,0,0,2024,2024-11,,DATE DE PAIEMENT NON RENSEIGNEE,OK,11,2024Q4,49.0,,False,False,False,False
OP_00981,CLIENT_0043,PERSONNE MORALE,COMPAGNIE_03,POLICE_00753,0,BRIS DE MACHINE,0,AFFAIRE NOUVELLE,2024-11-14,2025-11-13,2024-11-20,2025-08-27,2025-08-27,2025-08-27,6073500,0,730100,10300,6813900,17,1032500,0,0,2024,2024-11,0.0,DATE DE PAIEMENT RENSEIGNEE,OK,11,2024Q4,364.0,0.0,False,False,False,True
OP_00982,CLIENT_0051,PERSONNE MORALE,COMPAGNIE_01,POLICE_00715,0,AUTOMOBILE,MONO AUTO,AFFAIRE NOUVELLE,2024-11-02,2024-12-03,2024-11-20,2024-11-20,2024-11-20,2025-01-12,215900,0,22000,4300,242300,15,32400,0,0,2024,2024-11,53.0,DATE DE PAIEMENT RENSEIGNEE,OK,11,2024Q4,31.0,53.0,False,False,False,True
OP_00983,CLIENT_0094,PERSONNE PHYSIQUE,COMPAGNIE_02,POLICE_00713,10,AUTOMOBILE,MONO AUTO,RENOUVELLEMENT,2024-11-21,2025-11-20,2024-11-21,2024-11-21,2024-11-21,2024-12-23,171500,77400,17400,2900,191900,15,25700,0,0,2024,2024-11,32.0,DATE DE PAIEMENT RENSEIGNEE,OK,11,2024Q4,364.0,32.0,False,False,False,True
OP_00984,CLIENT_0117,PERSONNE PHYSIQUE,COMPAGNIE_03,POLICE_00727,0,TRAVEL ASSURANCE,0,AFFAIRE NOUVELLE,2024-11-18,2024-02-17,2024-11-21,2024-11-21,2024-11-21,2024-12-09,9500,9300,1400,4600,15500,15,1400,0,0,2024,2024-11,18.0,DATE DE PAIEMENT RENSEIGNEE,EFFET_APRES_ECHEANCE,11,2024Q4,-275.0,18.0,True,False,False,True
OP_00985,CLIENT_0310,PERSONNE PHYSIQUE,COMPAGNIE_02,POLICE_00387,6,AUTOMOBILE,MONO AUTO,RENOUVELLEMENT,2024-11-26,2025-05-26,2024-11-21,2024-11-21,2024-11-21,2024-12-04,41100,38500,5200,2000,48200,15,6200,0,0,2024,2024-11,13.0,DATE DE PAIEMENT RENSEIGNEE,OK,11,2024Q4,181.0,13.0,False,False,False,True
OP_00986,CLIENT_0542,PERSONNE PHYSIQUE,COMPAGNIE_09,POLICE_00750,0,AUTOMOBILE,MONO AUTO,AFFAIRE NOUVELLE,2024-11-22,2025-11-21,2024-11-21,2024-11-23,2024-11-23,2024-12-11,46100,0,4800,2200,53200,15,6900,0,0,2024,2024-11,18.0,DATE DE PAIEMENT RENSEIGNEE,OK,11,2024Q4,364.0,18.0,False,False,False,True
OP_00987,CLIENT_0549,PERSONNE PHYSIQUE,COMPAGNIE_04,POLICE_00764,0,AUTOMOBILE,MONO AUTO,AFFAIRE NOUVELLE,2024-11-21,2025-02-18,2024-11-21,2024-11-21,2024-11-21,,12600,11100,1400,1000,14900,15,1900,0,0,2024,2024-11,,DATE DE PAIEMENT NON RENSEIGNEE,OK,11,2024Q4,89.0,,False,False,False,False
OP_00988,CLIENT_0541,PERSONNE PHYSIQUE,COMPAGNIE_03,POLICE_00749,0,AUTOMOBILE,MONO AUTO,AFFAIRE NOUVELLE,2024-11-21,2025-11-20,2024-11-22,2024-11-22,2024-11-22,2024-12-02,55200,54400,6000,4800,66000,15,8300,0,0,2024,2024-11,10.0,DATE DE PAIEMENT RENSEIGNEE,OK,11,2024Q4,364.0,10.0,False,False,False,True
OP_00989,CLIENT_0537,PERSONNE PHYSIQUE,COMPAGNIE_02,POLICE_00743,0,TRAVEL ASSURANCE,0,AFFAIRE NOUVELLE,2025-02-16,2025-05-16,2024-11-23,2024-11-24,2024-11-24,2024-12-10,32300,0,3900,0,36200,10,3200,0,0,2024,2024-11,16.0,DATE DE PAIEMENT RENSEIGNEE,OK,11,2024Q4,89.0,16.0,False,False,False,True
OP_00990,CLIENT_0240,PERSONNE PHYSIQUE,COMPAGNIE_01,POLICE_00745,0,AUTOMOBILE,FLOTTE AUTOMOBILE,INCORPORATION,2024-11-22,2025-07-19,2024-11-24,2024-11-24,2024-11-24,,33400,0,3600,2300,39300,15,5000,0,0,2024,2024-11,,DATE DE PAIEMENT NON RENSEIGNEE,OK,11,2024Q4,239.0,,False,False,False,False
OP_00991,CLIENT_0300,PERSONNE MORALE,COMPAGNIE_07,POLICE_00723,1,GLOBALE DOMMAGES,INCENDIE,AFFAIRE NOUVELLE,2024-11-24,2025-11-23,2024-11-24,2024-11-24,2024-11-24,,768500,0,110100,5400,883900,17,130600,0,0,2024,2024-11,,DATE DE PAIEMENT NON RENSEIGNEE,OK,11,2024Q4,364.0,,False,False,False,False
OP_00992,CLIENT_0314,PERSONNE MORALE,COMPAGNIE_02,POLICE_00391,1,AUTOMOBILE,MONO AUTO,PROROGATION,2024-11-26,2025-05-25,2024-11-24,2024-11-24,2024-11-24,2024-12-12,34600,0,4200,0,38800,15,5200,0,0,2024,2024-11,18.0,DATE DE PAIEMENT RENSEIGNEE,OK,11,2024Q4,180.0,18.0,False,False,False,True
OP_00993,CLIENT_0554,PERSONNE MORALE,COMPAGNIE_01,POLICE_00773,0,ASSURANCE SANTE,ASSURANCE MALADIE GROUPE,AFFAIRE NOUVELLE,2024-12-20,2025-12-19,2024-11-25,2024-12-01,2024-12-19,2024-12-19,15280500,0,0,203700,15484300,10,1528100,0,0,2024,2024-11,0.0,DATE DE PAIEMENT RENSEIGNEE,OK,11,2024Q4,364.0,0.0,False,False,False,True
OP_00994,CLIENT_0152,PERSONNE PHYSIQUE,COMPAGNIE_06,POLICE_00178,4,AUTOMOBILE,MONO AUTO,RENOUVELLEMENT,2024-11-29,2025-11-28,2024-11-26,2024-11-29,2024-11-29,,63700,61400,6900,5400,76000,15,9500,0,0,2024,2024-11,,DATE DE PAIEMENT NON RENSEIGNEE,OK,11,2024Q4,364.0,,False,False,False,False
OP_00995,CLIENT_0286,PERSONNE MORALE,COMPAGNIE_04,POLICE_00349,22,ASSURANCE SANTE,ASSURANCE MALADIE GROUPE,AFFAIRE NOUVELLE,2024-11-28,2025-11-27,2024-11-26,2024-11-26,2024-11-26,,8877500,0,0,229800,9107300,10,887700,0,0,2024,2024-11,,DATE DE PAIEMENT NON RENSEIGNEE,OK,11,2024Q4,364.0,,False,False,False,False
OP_00996,CLIENT_0286,PERSONNE MORALE,COMPAGNIE_04,POLICE_00739,0,ASSURANCE SANTE,ASSURANCE MALADIE GROUPE,AFFAIRE NOUVELLE,2024-11-28,2025-11-27,2024-11-26,2024-11-26,2024-11-26,,3492500,0,0,59900,3552400,10,349200,0,0,2024,2024-11,,DATE DE PAIEMENT NON RENSEIGNEE,OK,11,2024Q4,364.0,,False,False,False,False
OP_00997,CLIENT_0286,PERSONNE MORALE,COMPAGNIE_04,POLICE_00740,10,ASSURANCE SANTE,ASSURANCE MALADIE GROUPE,AFFAIRE NOUVELLE,2024-11-28,2025-11-27,2024-11-26,2024-11-26,2024-11-26,,3000200,0,0,51400,3051700,10,300000,0,0,2024,2024-11,,DATE DE PAIEMENT NON RENSEIGNEE,OK,11,2024Q4,364.0,,False,False,False,False
OP_00998,CLIENT_0334,PERSONNE PHYSIQUE,COMPAGNIE_02,POLICE_00742,0,TRAVEL ASSURANCE,0,AFFAIRE NOUVELLE,2025-02-19,2025-05-19,2024-11-26,2024-11-27,2024-11-27,2024-12-13,31500,0,3800,0,35300,10,3200,0,0,2024,2024-11,16.0,DATE DE PAIEMENT RENSEIGNEE,OK,11,2024Q4,89.0,16.0,False,False,False,True
OP_00999,CLIENT_0540,PERSONNE PHYSIQUE,COMPAGNIE_03,POLICE_00746,0,AUTOMOBILE,MONO AUTO,AFFAIRE NOUVELLE,2024-11-25,2025-02-24,2024-11-26,2024-12-19,2024-11-26,,9700,9500,1400,4700,15900,15,1500,0,0,2024,2024-11,,DATE DE PAIEMENT NON RENSEIGNEE,OK,11,2024Q4,91.0,,False,False,False,False
OP_01000,CLIENT_0076,PERSONNE MORALE,COMPAGNIE_07,POLICE_00732,8,ASSURANCES TRANSPORTS,0,RÉGULARISATION,2023-02-08,2023-05-30,2024-11-27,2024-11-27,2024-11-27,2024-11-27,2763100,0,0,0,2763100,15,414500,0,0,2024,2024-11,0.0,DATE DE PAIEMENT RENSEIGNEE,OK,11,2024Q4,111.0,0.0,False,False,False,True
OP_01001,CLIENT_0076,PERSONNE MORALE,COMPAGNIE_07,POLICE_00732,10,ASSURANCES TRANSPORTS,0,RÉGULARISATION,2023-06-02,2024-02-16,2024-11-27,2024-11-27,2024-11-27,2024-11-27,2141500,0,0,0,2141500,15,321200,0,0,2024,2024-11,0.0,DATE DE PAIEMENT RENSEIGNEE,OK,11,2024Q4,259.0,0.0,False,False,False,True
OP_01002,CLIENT_0212,PERSONNE PHYSIQUE,COMPAGNIE_01,POLICE_00251,6,AUTOMOBILE,MONO AUTO,RENOUVELLEMENT,2024-11-04,2025-05-04,2024-11-27,2024-11-27,2024-11-27,2024-11-27,29800,0,4200,0,34000,15,4500,0,0,2024,2024-11,0.0,DATE DE PAIEMENT RENSEIGNEE,OK,11,2024Q4,181.0,0.0,False,False,False,True
OP_01003,CLIENT_0231,PERSONNE PHYSIQUE,COMPAGNIE_02,POLICE_00318,1,AUTOMOBILE,MONO AUTO,RENOUVELLEMENT,2024-11-27,2025-05-27,2024-11-27,2024-11-27,2024-11-27,2025-01-09,39900,38000,4800,0,44700,15,6000,0,0,2024,2024-11,43.0,DATE DE PAIEMENT RENSEIGNEE,OK,11,2024Q4,181.0,43.0,False,False,False,True
OP_01004,CLIENT_0295,PERSONNE PHYSIQUE,COMPAGNIE_02,POLICE_00735,0,TRAVEL ASSURANCE,0,AFFAIRE NOUVELLE,2024-12-07,2025-03-08,2024-11-27,2024-11-27,2024-11-27,2024-12-16,27000,0,3900,5400,36300,10,2700,0,0,2024,2024-11,19.0,DATE DE PAIEMENT RENSEIGNEE,OK,11,2024Q4,91.0,19.0,False,False,False,True
OP_01005,CLIENT_0535,PERSONNE PHYSIQUE,COMPAGNIE_03,POLICE_00734,1,AUTOMOBILE,MONO AUTO,RENOUVELLEMENT,2024-12-06,2025-06-04,2024-11-27,2024-11-27,2024-11-27,2024-12-13,67800,21500,7300,5600,80800,15,10200,0,0,2024,2024-11,16.0,DATE DE PAIEMENT RENSEIGNEE,OK,11,2024Q4,180.0,16.0,False,False,False,True
OP_01006,CLIENT_0546,PERSONNE PHYSIQUE,COMPAGNIE_09,POLICE_00755,0,AUTOMOBILE,MONO AUTO,AFFAIRE NOUVELLE,2024-11-30,2025-11-29,2024-11-29,2024-11-30,2024-11-30,2024-12-18,128100,0,15700,2400,146200,15,19200,0,0,2024,2024-11,18.0,DATE DE PAIEMENT RENSEIGNEE,OK,11,2024Q4,364.0,18.0,False,False,False,True
OP_01007,CLIENT_0546,PERSONNE PHYSIQUE,COMPAGNIE_09,POLICE_00756,0,RC TRANSPORTEUR,RESPONSABILITE,AFFAIRE NOUVELLE,2024-11-30,2025-11-29,2024-11-29,2024-11-30,2024-11-30,2024-12-18,1212800,0,97300,3100,1313200,17,206200,0,0,2024,2024-11,18.0,DATE DE PAIEMENT RENSEIGNEE,OK,11,2024Q4,364.0,18.0,False,False,False,True
OP_01008,CLIENT_0557,PERSONNE PHYSIQUE,COMPAGNIE_04,POLICE_00778,1,AUTOMOBILE,MONO AUTO,RENOUVELLEMENT,2024-11-29,2025-11-28,2024-11-29,2024-11-29,2024-11-29,,46400,44600,5000,3300,54600,15,7000,0,0,2024,2024-11,,DATE DE PAIEMENT NON RENSEIGNEE,OK,11,2024Q4,364.0,,False,False,False,False
OP_01009,CLIENT_0294,PERSONNE PHYSIQUE,COMPAGNIE_03,POLICE_00357,1,AUTOMOBILE,MONO AUTO,RENOUVELLEMENT,2024-11-29,2025-05-29,2024-11-30,2024-11-30,2024-11-30,2024-12-13,26100,25700,3100,4600,33700,15,3900,0,0,2024,2024-11,13.0,DATE DE PAIEMENT RENSEIGNEE,OK,11,2024Q4,181.0,13.0,False,False,False,True
OP_01010,CLIENT_0345,PERSONNE PHYSIQUE,COMPAGNIE_01,POLICE_00444,6,AUTOMOBILE,MONO AUTO,RENOUVELLEMENT,2024-12-10,2025-06-09,2024-11-30,2025-06-13,2025-06-14,,101000,100200,12700,5200,118900,15,15100,0,0,2024,2024-11,,DATE DE PAIEMENT NON RENSEIGNEE,OK,11,2024Q4,181.0,,False,False,False,False
OP_01011,CLIENT_0345,PERSONNE PHYSIQUE,COMPAGNIE_01,POLICE_00459,6,AUTOMOBILE,MONO AUTO,RENOUVELLEMENT,2024-12-14,2025-06-13,2024-11-30,2025-06-13,2025-06-14,,101800,101000,12800,5200,119900,15,15300,0,0,2024,2024-11,,DATE DE PAIEMENT NON RENSEIGNEE,OK,11,2024Q4,181.0,,False,False,False,False
OP_01012,CLIENT_0546,PERSONNE PHYSIQUE,COMPAGNIE_09,POLICE_00758,0,AUTOMOBILE,FLOTTE AUTOMOBILE,AFFAIRE NOUVELLE,2025-01-03,2026-01-02,2024-11-30,2024-11-30,2024-11-30,2024-12-18,228600,0,28000,4400,260900,15,34300,0,0,2024,2024-11,18.0,DATE DE PAIEMENT RENSEIGNEE,OK,11,2024Q4,364.0,18.0,False,False,False,True
OP_01013,CLIENT_0194,PERSONNE PHYSIQUE,COMPAGNIE_01,POLICE_00767,2,AUTOMOBILE,MONO AUTO,RENOUVELLEMENT,2024-12-25,2025-03-24,2024-12-01,2025-02-25,2025-02-25,,48600,47600,6000,1100,55700,15,7300,0,0,2024,2024-12,,DATE DE PAIEMENT NON RENSEIGNEE,OK,12,2024Q4,89.0,,False,False,False,False
OP_01014,CLIENT_0539,PERSONNE PHYSIQUE,COMPAGNIE_01,POLICE_00149,6,AUTOMOBILE,MONO AUTO,RENOUVELLEMENT,2024-11-28,2025-05-27,2024-12-01,2024-12-01,2024-12-01,2025-01-08,68200,24700,7300,4500,79900,15,10200,0,0,2024,2024-12,38.0,DATE DE PAIEMENT RENSEIGNEE,OK,12,2024Q4,180.0,38.0,False,False,False,True
OP_01015,CLIENT_0008,PERSONNE PHYSIQUE,COMPAGNIE_03,POLICE_00008,3,AUTOMOBILE,FLOTTE AUTOMOBILE,RENOUVELLEMENT,2024-10-11,2025-10-10,2024-12-02,2024-12-02,2024-12-02,2024-12-02,11200,0,0,5200,16300,15,1700,0,0,2024,2024-12,0.0,DATE DE PAIEMENT RENSEIGNEE,OK,12,2024Q4,364.0,0.0,False,False,False,True
OP_01016,CLIENT_0527,PERSONNE PHYSIQUE,COMPAGNIE_08,POLICE_00714,0,RETRAITE COMPLEMENTAIRE,ASSURANCE DE PERSONNES,RÉGULARISATION,2024-11-10,2046-11-09,2024-12-02,2024-12-02,2024-12-02,,5400,0,0,0,5400,10,500,0,0,2024,2024-12,,DATE DE PAIEMENT NON RENSEIGNEE,OK,12,2024Q4,8034.0,,False,False,False,False
OP_01017,CLIENT_0545,PERSONNE PHYSIQUE,COMPAGNIE_01,POLICE_00754,0,AUTOMOBILE,FLOTTE AUTOMOBILE,RENOUVELLEMENT,2024-12-07,2025-12-06,2024-12-02,2025-01-05,2025-01-05,2025-02-23,183700,0,18900,4900,207500,15,27600,0,0,2024,2024-12,49.0,DATE DE PAIEMENT RENSEIGNEE,OK,12,2024Q4,364.0,49.0,False,False,False,True
OP_01018,CLIENT_0551,PERSONNE MORALE,COMPAGNIE_02,POLICE_00769,0,AUTOMOBILE,MONO AUTO,AFFAIRE NOUVELLE,2024-11-29,2025-11-28,2024-12-02,2024-12-02,2024-12-02,2025-01-11,186200,48600,18900,3200,208300,15,27900,0,0,2024,2024-12,40.0,DATE DE PAIEMENT RENSEIGNEE,OK,12,2024Q4,364.0,40.0,False,False,False,True
OP_01019,CLIENT_0264,PERSONNE PHYSIQUE,COMPAGNIE_01,POLICE_00406,6,AUTOMOBILE,MONO AUTO,PROROGATION,2024-12-05,2025-06-04,2024-12-03,2024-12-03,2024-12-03,2025-01-01,49500,24100,4900,0,54400,15,7400,0,0,2024,2024-12,29.0,DATE DE PAIEMENT RENSEIGNEE,OK,12,2024Q4,181.0,29.0,False,False,False,True
OP_01020,CLIENT_0560,PERSONNE PHYSIQUE,COMPAGNIE_01,POLICE_00782,0,RC CHEF D'ENTREPRISE,0,AFFAIRE NOUVELLE,2024-12-06,2025-12-05,2024-12-03,2024-12-04,2024-12-04,2024-12-22,136700,0,17000,4600,158200,17,23200,0,0,2024,2024-12,18.0,DATE DE PAIEMENT RENSEIGNEE,OK,12,2024Q4,364.0,18.0,False,False,False,True
OP_01021,CLIENT_0299,PERSONNE PHYSIQUE,COMPAGNIE_03,POLICE_00787,0,AUTOMOBILE,MONO AUTO,AFFAIRE NOUVELLE,2021-12-16,2022-12-15,2024-12-04,2024-12-04,2024-12-04,2024-12-04,79700,0,8500,5000,93200,15,12000,0,0,2024,2024-12,0.0,DATE DE PAIEMENT RENSEIGNEE,OK,12,2024Q4,364.0,0.0,False,False,False,True
OP_01022,CLIENT_0259,PERSONNE PHYSIQUE,COMPAGNIE_01,POLICE_00772,0,AUTOMOBILE,MONO AUTO,AFFAIRE NOUVELLE,2024-12-03,2025-03-02,2024-12-05,2024-12-03,2024-12-05,2024-12-30,13500,13100,1500,1100,16000,15,2000,0,0,2024,2024-12,25.0,DATE DE PAIEMENT RENSEIGNEE,OK,12,2024Q4,89.0,25.0,False,False,False,True
OP_01023,CLIENT_0546,PERSONNE PHYSIQUE,COMPAGNIE_09,POLICE_00765,1,RC TRANSPORTEUR,0,INCORPORATION,2024-12-07,2025-12-06,2024-12-05,2024-12-05,2024-12-05,2025-01-22,1627000,0,130500,4200,1761700,17,276600,0,0,2024,2024-12,48.0,DATE DE PAIEMENT RENSEIGNEE,OK,12,2024Q4,364.0,48.0,False,False,False,True
OP_01024,CLIENT_0546,PERSONNE PHYSIQUE,COMPAGNIE_09,POLICE_00766,0,AUTOMOBILE,MONO AUTO,INCORPORATION,2024-12-07,2025-12-06,2024-12-05,2024-12-05,2024-12-05,2025-01-22,442800,440800,54700,4400,501900,15,66400,0,0,2024,2024-12,48.0,DATE DE PAIEMENT RENSEIGNEE,OK,12,2024Q4,364.0,48.0,False,False,False,True
OP_01025,CLIENT_0568,PERSONNE PHYSIQUE,COMPAGNIE_03,POLICE_00794,3,AUTOMOBILE,MONO AUTO,RENOUVELLEMENT,2024-12-06,2025-12-05,2024-12-05,2024-12-05,2024-12-05,2025-01-01,45500,44600,5100,5500,56100,15,6800,0,0,2024,2024-12,27.0,DATE DE PAIEMENT RENSEIGNEE,OK,12,2024Q4,364.0,27.0,False,False,False,True
OP_01026,CLIENT_0133,PERSONNE PHYSIQUE,COMPAGNIE_04,POLICE_00762,4,AUTOMOBILE,MONO AUTO,RENOUVELLEMENT,2024-12-05,2025-12-04,2024-12-06,2024-12-06,2024-12-06,2025-03-23,120900,58100,12400,2900,136200,15,18100,0,0,2024,2024-12,107.0,DATE DE PAIEMENT RENSEIGNEE,OK,12,2024Q4,364.0,107.0,False,False,False,True
OP_01027,CLIENT_0321,PERSONNE PHYSIQUE,COMPAGNIE_02,POLICE_00401,11,AUTOMOBILE,MONO AUTO,AFFAIRE NOUVELLE,2024-12-19,2025-12-18,2024-12-06,2024-12-06,2024-12-06,,145300,0,14900,3300,163400,15,21800,0,0,2024,2024-12,,DATE DE PAIEMENT NON RENSEIGNEE,OK,12,2024Q4,364.0,,False,False,False,False
OP_01028,CLIENT_0524,PERSONNE PHYSIQUE,COMPAGNIE_03,POLICE_00709,0,AUTOMOBILE,MONO AUTO,RENOUVELLEMENT,2021-10-27,2022-10-26,2024-12-06,2024-12-06,2024-12-06,2024-12-06,45000,0,5000,4800,54800,15,6800,0,0,2024,2024-12,0.0,DATE DE PAIEMENT RENSEIGNEE,OK,12,2024Q4,364.0,0.0,False,False,False,True
OP_01029,CLIENT_0562,PERSONNE PHYSIQUE,COMPAGNIE_03,POLICE_00784,0,AUTOMOBILE,MONO AUTO,AFFAIRE NOUVELLE,2024-12-07,2025-06-06,2024-12-06,2024-12-06,2024-12-06,2025-01-06,27800,27400,3100,3200,34100,15,4200,0,0,2024,2024-12,31.0,DATE DE PAIEMENT RENSEIGNEE,OK,12,2024Q4,181.0,31.0,False,False,False,True
OP_01030,CLIENT_0068,PERSONNE MORALE,COMPAGNIE_04,POLICE_00070,0,AUTOMOBILE,FLOTTE AUTOMOBILE,RENOUVELLEMENT,2024-12-19,2025-12-18,2024-12-07,2024-12-18,2024-12-18,,351300,53100,35600,4300,391200,15,52700,0,0,2024,2024-12,,DATE DE PAIEMENT NON RENSEIGNEE,OK,12,2024Q4,364.0,,False,False,False,False
OP_01031,CLIENT_0075,PERSONNE PHYSIQUE,COMPAGNIE_01,POLICE_00432,3,AUTOMOBILE,MONO AUTO,RENOUVELLEMENT,2024-12-08,2025-12-07,2024-12-07,2025-06-06,2025-06-06,2024-12-28,316400,45300,32100,4900,353500,15,47500,0,0,2024,2024-12,-160.0,DATE DE PAIEMENT RENSEIGNEE,PAIEMENT_AVANT_ENCAISSEMENT,12,2024Q4,364.0,-160.0,False,True,False,False
OP_01032,CLIENT_0279,PERSONNE PHYSIQUE,COMPAGNIE_08,POLICE_00340,0,RETRAITE COMPLEMENTAIRE,ASSURANCE DE PERSONNES,RÉGULARISATION,2024-05-15,2032-05-14,2024-12-07,2024-12-07,2024-12-07,,8700,0,0,0,8700,10,900,0,0,2024,2024-12,,DATE DE PAIEMENT NON RENSEIGNEE,OK,12,2024Q4,2921.0,,False,False,False,False
OP_01033,CLIENT_0349,PERSONNE PHYSIQUE,COMPAGNIE_01,POLICE_00448,2,AUTOMOBILE,MONO AUTO,RENOUVELLEMENT,2024-12-07,2025-05-29,2024-12-07,2024-12-20,2024-12-20,2025-02-07,26700,25500,2700,0,29400,15,4000,0,0,2024,2024-12,49.0,DATE DE PAIEMENT RENSEIGNEE,OK,12,2024Q4,173.0,49.0,False,False,False,True
OP_01034,CLIENT_0543,PERSONNE MORALE,COMPAGNIE_02,POLICE_00751,5,AUTOMOBILE,MONO AUTO,RENOUVELLEMENT,2024-12-06,2025-12-05,2024-12-07,2024-12-19,2024-12-19,2025-01-24,176300,56900,17900,2800,197000,15,26400,0,0,2024,2024-12,36.0,DATE DE PAIEMENT RENSEIGNEE,OK,12,2024Q4,364.0,36.0,False,False,False,True
OP_01035,CLIENT_0550,PERSONNE PHYSIQUE,COMPAGNIE_03,POLICE_00768,0,AUTOMOBILE,MONO AUTO,AFFAIRE NOUVELLE,2024-12-07,2025-12-06,2024-12-07,2024-12-07,2024-12-07,2025-01-16,60700,59900,6600,5300,72600,15,9100,0,0,2024,2024-12,40.0,DATE DE PAIEMENT RENSEIGNEE,OK,12,2024Q4,364.0,40.0,False,False,False,True
OP_01036,CLIENT_0552,PERSONNE PHYSIQUE,COMPAGNIE_03,POLICE_00770,1,AUTOMOBILE,MONO AUTO,RENOUVELLEMENT,2024-12-07,2025-12-06,2024-12-07,2024-12-07,2024-12-07,2025-01-14,40400,39600,4500,4600,49400,15,6100,0,0,2024,2024-12,38.0,DATE DE PAIEMENT RENSEIGNEE,OK,12,2024Q4,364.0,38.0,False,False,False,True
OP_01037,CLIENT_0553,PERSONNE PHYSIQUE,COMPAGNIE_03,POLICE_00771,1,AUTOMOBILE,MONO AUTO,RENOUVELLEMENT,2024-12-10,2025-12-09,2024-12-07,2024-12-07,2024-12-07,2025-01-14,109900,52400,11300,2800,124000,15,16500,0,0,2024,2024-12,38.0,DATE DE PAIEMENT RENSEIGNEE,OK,12,2024Q4,364.0,38.0,False,False,False,True
OP_01038,CLIENT_0033,PERSONNE PHYSIQUE,COMPAGNIE_05,POLICE_00033,5,AUTOMOBILE,FLOTTE AUTOMOBILE,INCORPORATION,2024-10-12,2025-02-11,2024-12-08,2024-12-08,2024-12-08,2024-12-08,200600,0,20600,5300,226400,15,30100,0,0,2024,2024-12,0.0,DATE DE PAIEMENT RENSEIGNEE,OK,12,2024Q4,122.0,0.0,False,False,False,True
OP_01039,CLIENT_0544,PERSONNE PHYSIQUE,COMPAGNIE_09,POLICE_00752,0,AUTOMOBILE,MONO AUTO,AFFAIRE NOUVELLE,2024-12-10,2025-12-09,2024-12-08,2024-12-08,2024-12-08,2024-12-27,76100,0,7800,2100,86100,15,11400,0,0,2024,2024-12,19.0,DATE DE PAIEMENT RENSEIGNEE,OK,12,2024Q4,364.0,19.0,False,False,False,True
OP_01040,CLIENT_0556,PERSONNE PHYSIQUE,COMPAGNIE_03,POLICE_00776,3,AUTOMOBILE,MONO AUTO,RENOUVELLEMENT,2024-12-05,2025-12-04,2024-12-08,2024-12-08,2024-12-08,2025-01-09,37100,36400,4000,2600,43600,15,5600,0,0,2024,2024-12,32.0,DATE DE PAIEMENT RENSEIGNEE,OK,12,2024Q4,364.0,32.0,False,False,False,True
OP_01041,CLIENT_0567,PERSONNE MORALE,COMPAGNIE_04,POLICE_00793,9,AUTOMOBILE,FLOTTE AUTOMOBILE,RENOUVELLEMENT,2024-12-15,2025-12-14,2024-12-08,2024-12-08,2024-12-08,,661300,584200,74700,4300,740400,15,99200,0,0,2024,2024-12,,DATE DE PAIEMENT NON RENSEIGNEE,OK,12,2024Q4,364.0,,False,False,False,False
OP_01042,CLIENT_0571,PERSONNE PHYSIQUE,COMPAGNIE_03,POLICE_00798,0,AUTOMOBILE,MONO AUTO,AFFAIRE NOUVELLE,2024-12-08,2025-03-09,2024-12-08,2024-12-08,2024-12-08,2025-01-03,14900,14700,2000,4900,21800,15,2200,0,0,2024,2024-12,26.0,DATE DE PAIEMENT RENSEIGNEE,OK,12,2024Q4,91.0,26.0,False,False,False,True
OP_01043,CLIENT_0050,PERSONNE MORALE,COMPAGNIE_06,POLICE_00050,93,AUTOMOBILE,FLOTTE AUTOMOBILE,INCORPORATION,2024-12-09,2025-01-06,2024-12-09,2024-12-29,2024-12-29,2025-01-06,9700,8300,1100,1000,11800,15,1500,0,0,2024,2024-12,8.0,DATE DE PAIEMENT RENSEIGNEE,OK,12,2024Q4,28.0,8.0,False,False,False,True
OP_01044,CLIENT_0230,PERSONNE PHYSIQUE,COMPAGNIE_04,POLICE_00279,1,AUTOMOBILE,MONO AUTO,RENOUVELLEMENT,2024-12-08,2025-06-07,2024-12-09,2024-12-09,2024-12-09,,20000,17200,2200,1700,23800,15,3000,0,0,2024,2024-12,,DATE DE PAIEMENT NON RENSEIGNEE,OK,12,2024Q4,181.0,,False,False,False,False
OP_01045,CLIENT_0340,PERSONNE PHYSIQUE,COMPAGNIE_02,POLICE_00436,1,AUTOMOBILE,MONO AUTO,PROROGATION,2024-12-09,2025-06-08,2024-12-09,2024-12-09,2024-12-09,2025-01-21,54400,18700,5400,0,59800,15,8200,0,0,2024,2024-12,43.0,DATE DE PAIEMENT RENSEIGNEE,OK,12,2024Q4,181.0,43.0,False,False,False,True
OP_01046,CLIENT_0424,PERSONNE PHYSIQUE,COMPAGNIE_02,POLICE_00757,0,AUTOMOBILE,MONO AUTO,AFFAIRE NOUVELLE,2024-12-09,2025-06-07,2024-12-09,2024-12-09,2024-12-09,2024-12-21,22800,20300,2500,1900,27200,15,3400,0,0,2024,2024-12,12.0,DATE DE PAIEMENT RENSEIGNEE,OK,12,2024Q4,180.0,12.0,False,False,False,True
OP_01047,CLIENT_0548,PERSONNE PHYSIQUE,COMPAGNIE_01,POLICE_00763,0,AUTOMOBILE,MONO AUTO,RENOUVELLEMENT,2024-12-08,2025-12-07,2024-12-09,2024-12-09,2024-12-09,2025-01-07,144800,66700,15000,5600,165500,15,21700,0,0,2024,2024-12,29.0,DATE DE PAIEMENT RENSEIGNEE,OK,12,2024Q4,364.0,29.0,False,False,False,True
OP_01048,CLIENT_0559,PERSONNE PHYSIQUE,COMPAGNIE_04,POLICE_00780,4,AUTOMOBILE,MONO AUTO,AFFAIRE NOUVELLE,2024-12-13,2025-12-12,2024-12-09,2024-12-09,2024-12-09,,35800,34500,3900,3400,43200,15,5400,0,0,2024,2024-12,,DATE DE PAIEMENT NON RENSEIGNEE,OK,12,2024Q4,364.0,,False,False,False,False
OP_01049,CLIENT_0042,PERSONNE PHYSIQUE,COMPAGNIE_02,POLICE_00186,10,AUTOMOBILE,MONO AUTO,RENOUVELLEMENT,2024-12-11,2025-06-10,2024-12-10,2024-12-10,2024-12-10,2025-01-12,81600,21900,8400,2800,92900,15,12200,0,0,2024,2024-12,33.0,DATE DE PAIEMENT RENSEIGNEE,OK,12,2024Q4,181.0,33.0,False,False,False,True
OP_01050,CLIENT_0273,PERSONNE PHYSIQUE,COMPAGNIE_01,POLICE_00334,5,AUTOMOBILE,MONO AUTO,RENOUVELLEMENT,2024-12-06,2025-06-04,2024-12-10,2024-12-10,2024-12-10,2025-01-14,40600,39500,5500,5100,51300,15,6100,0,0,2024,2024-12,35.0,DATE DE PAIEMENT RENSEIGNEE,OK,12,2024Q4,180.0,35.0,False,False,False,True
OP_01051,CLIENT_0447,PERSONNE PHYSIQUE,COMPAGNIE_03,POLICE_00591,1,AUTOMOBILE,MONO AUTO,RENOUVELLEMENT,2024-12-10,2025-06-08,2024-12-10,2024-12-10,2024-12-10,2024-12-17,23400,22900,2500,1100,27000,15,3500,0,0,2024,2024-12,7.0,DATE DE PAIEMENT RENSEIGNEE,OK,12,2024Q4,180.0,7.0,False,False,False,True
OP_01052,CLIENT_0177,PERSONNE PHYSIQUE,COMPAGNIE_01,POLICE_00212,4,AUTOMOBILE,MONO AUTO,RENOUVELLEMENT,2024-12-14,2025-03-13,2024-12-11,2024-12-11,2024-12-11,2024-12-29,12500,11900,1700,4300,18500,15,1900,0,0,2024,2024-12,18.0,DATE DE PAIEMENT RENSEIGNEE,OK,12,2024Q4,89.0,18.0,False,False,False,True
OP_01053,CLIENT_0381,PERSONNE PHYSIQUE,COMPAGNIE_01,POLICE_00500,4,AUTOMOBILE,MONO AUTO,RENOUVELLEMENT,2023-12-24,2025-06-22,2024-12-11,2024-12-11,2024-12-11,2025-02-06,64200,24500,6400,0,70600,15,9600,0,0,2024,2024-12,57.0,DATE DE PAIEMENT RENSEIGNEE,OK,12,2024Q4,546.0,57.0,False,False,False,True
OP_01054,CLIENT_0050,PERSONNE MORALE,COMPAGNIE_06,POLICE_00050,94,AUTOMOBILE,FLOTTE AUTOMOBILE,INCORPORATION,2024-12-10,2025-01-06,2024-12-12,2024-12-10,2024-12-12,2025-01-06,7500,6100,0,900,8400,15,1100,0,0,2024,2024-12,25.0,DATE DE PAIEMENT RENSEIGNEE,OK,12,2024Q4,27.0,25.0,False,False,False,True
OP_01055,CLIENT_0368,PERSONNE PHYSIQUE,COMPAGNIE_01,POLICE_00477,11,AUTOMOBILE,MONO AUTO,RENOUVELLEMENT,2024-12-13,2024-12-28,2024-12-12,2024-12-12,2024-12-12,2025-02-06,12700,11800,1600,900,15200,15,1900,0,0,2024,2024-12,56.0,DATE DE PAIEMENT RENSEIGNEE,OK,12,2024Q4,15.0,56.0,False,False,False,True
OP_01056,CLIENT_0368,PERSONNE PHYSIQUE,COMPAGNIE_01,POLICE_00477,12,AUTOMOBILE,MONO AUTO,RENOUVELLEMENT,2024-12-29,2025-06-27,2024-12-12,2024-12-11,2024-12-12,2025-02-06,85200,84200,10800,5100,101100,15,12800,0,0,2024,2024-12,56.0,DATE DE PAIEMENT RENSEIGNEE,OK,12,2024Q4,180.0,56.0,False,False,False,True
OP_01057,CLIENT_0236,PERSONNE MORALE,COMPAGNIE_03,POLICE_00719,3,AUTOMOBILE,FLOTTE AUTOMOBILE,INCORPORATION,2022-11-20,2023-11-20,2024-12-14,2024-12-14,2024-12-14,2024-12-14,-33600,0,0,0,-33600,15,-5000,0,0,2024,2024-12,0.0,DATE DE PAIEMENT RENSEIGNEE,OK,12,2024Q4,365.0,0.0,False,False,True,True
OP_01058,CLIENT_0279,PERSONNE PHYSIQUE,COMPAGNIE_08,POLICE_00340,0,RETRAITE COMPLEMENTAIRE,ASSURANCE DE PERSONNES,RÉGULARISATION,2024-05-15,2032-05-14,2024-12-15,2024-12-15,2024-12-15,,4400,0,0,0,4400,10,400,0,0,2024,2024-12,,DATE DE PAIEMENT NON RENSEIGNEE,OK,12,2024Q4,2921.0,,False,False,False,False
OP_01059,CLIENT_0356,PERSONNE PHYSIQUE,COMPAGNIE_03,POLICE_00785,0,AUTOMOBILE,MONO AUTO,AFFAIRE NOUVELLE,2021-11-09,2022-11-08,2024-12-15,2024-12-15,2024-12-15,2024-12-15,64100,0,5000,5300,74400,15,9600,0,0,2024,2024-12,0.0,DATE DE PAIEMENT RENSEIGNEE,OK,12,2024Q4,364.0,0.0,False,False,False,True
OP_01060,CLIENT_0561,PERSONNE PHYSIQUE,COMPAGNIE_03,POLICE_00783,0,AUTOMOBILE,MONO AUTO,AFFAIRE NOUVELLE,2024-12-17,2025-12-16,2024-12-15,2024-12-15,2024-12-15,2025-01-15,49900,49000,5300,3200,58400,15,7500,0,0,2024,2024-12,31.0,DATE DE PAIEMENT RENSEIGNEE,OK,12,2024Q4,364.0,31.0,False,False,False,True
OP_01061,CLIENT_0051,PERSONNE MORALE,COMPAGNIE_02,POLICE_00153,6,ASSURANCE SANTE,ASSURANCE MALADIE GROUPE,RETRAIT,2024-11-20,2025-02-12,2024-12-16,2024-11-20,2025-02-19,2025-02-19,-447700,0,0,0,-447700,10,-44800,0,0,2024,2024-12,0.0,DATE DE PAIEMENT RENSEIGNEE,OK,12,2024Q4,84.0,0.0,False,False,True,True
OP_01062,CLIENT_0361,PERSONNE PHYSIQUE,COMPAGNIE_01,POLICE_00467,5,AUTOMOBILE,MONO AUTO,RENOUVELLEMENT,2025-01-07,2025-07-07,2024-12-16,2024-12-16,2024-12-16,2025-01-11,19400,18500,2400,4400,26200,15,2900,0,0,2024,2024-12,26.0,DATE DE PAIEMENT RENSEIGNEE,OK,12,2024Q4,181.0,26.0,False,False,False,True
OP_01063,CLIENT_0569,PERSONNE MORALE,COMPAGNIE_01,POLICE_00795,0,MULTIRISQUE PROFESSIONNELLE,INCENDIE,RENOUVELLEMENT,2024-12-12,2025-12-11,2024-12-16,2024-12-16,2024-12-16,2024-12-30,46500,0,8800,5400,60700,17,7900,0,0,2024,2024-12,14.0,DATE DE PAIEMENT RENSEIGNEE,OK,12,2024Q4,364.0,14.0,False,False,False,True
OP_01064,CLIENT_0569,PERSONNE MORALE,COMPAGNIE_01,POLICE_00796,0,MULTIRISQUE PROFESSIONNELLE,INCENDIE,RENOUVELLEMENT,2024-12-12,2025-12-11,2024-12-16,2024-12-16,2024-12-16,2024-12-30,114200,0,14400,5700,134300,17,19400,0,0,2024,2024-12,14.0,DATE DE PAIEMENT RENSEIGNEE,OK,12,2024Q4,364.0,14.0,False,False,False,True
OP_01065,CLIENT_0157,PERSONNE MORALE,COMPAGNIE_09,POLICE_00812,0,AUTOMOBILE,FLOTTE AUTOMOBILE,AFFAIRE NOUVELLE,2024-12-18,2025-12-17,2024-12-17,2025-07-17,2025-07-17,,6334900,13246400,0,0,6334900,15,950200,0,0,2024,2024-12,,DATE DE PAIEMENT NON RENSEIGNEE,OK,12,2024Q4,364.0,,False,False,False,False
OP_01066,CLIENT_0345,PERSONNE PHYSIQUE,COMPAGNIE_05,POLICE_00452,1,AUTOMOBILE,MONO AUTO,RENOUVELLEMENT,2024-12-17,2025-03-16,2024-12-18,2024-12-17,2024-12-18,2025-03-08,27300,26000,3700,3600,34600,15,4100,0,0,2024,2024-12,80.0,DATE DE PAIEMENT RENSEIGNEE,OK,12,2024Q4,89.0,80.0,False,False,False,True
OP_01067,CLIENT_0564,PERSONNE MORALE,COMPAGNIE_03,POLICE_00789,0,AUTOMOBILE,FLOTTE AUTOMOBILE,AFFAIRE NOUVELLE,2022-01-07,2023-01-06,2024-12-18,2024-12-18,2024-12-18,2024-12-18,-174400,0,0,0,-174400,10,-17400,0,0,2024,2024-12,0.0,DATE DE PAIEMENT RENSEIGNEE,OK,12,2024Q4,364.0,0.0,False,False,True,True
OP_01068,CLIENT_0572,PERSONNE PHYSIQUE,COMPAGNIE_02,POLICE_00799,0,AUTOMOBILE,MONO AUTO,AFFAIRE NOUVELLE,2024-12-18,2025-06-17,2024-12-18,2024-12-23,2024-12-23,2025-01-13,87500,32200,9100,3200,99800,15,13100,0,0,2024,2024-12,21.0,DATE DE PAIEMENT RENSEIGNEE,OK,12,2024Q4,181.0,21.0,False,False,False,True
OP_01069,CLIENT_0050,PERSONNE MORALE,COMPAGNIE_06,POLICE_00050,96,AUTOMOBILE,FLOTTE AUTOMOBILE,INCORPORATION,2024-12-19,2025-01-06,2024-12-19,2024-12-19,2024-12-19,2025-01-06,8700,7200,1000,1100,10800,15,1300,0,0,2024,2024-12,18.0,DATE DE PAIEMENT RENSEIGNEE,OK,12,2024Q4,18.0,18.0,False,False,False,True
OP_01070,CLIENT_0277,PERSONNE PHYSIQUE,COMPAGNIE_05,POLICE_00338,6,AUTOMOBILE,MONO AUTO,RENOUVELLEMENT,2024-10-11,2025-04-11,2024-12-19,2024-12-19,2024-12-19,2024-12-19,58700,0,4000,3000,65700,15,8800,0,0,2024,2024-12,0.0,DATE DE PAIEMENT RENSEIGNEE,OK,12,2024Q4,182.0,0.0,False,False,False,True
OP_01071,CLIENT_0299,PERSONNE PHYSIQUE,COMPAGNIE_04,POLICE_00810,3,AUTOMOBILE,MONO AUTO,RENOUVELLEMENT,2024-12-16,2025-12-15,2024-12-19,2024-12-19,2024-12-19,,71100,69700,7400,2600,81100,15,10700,0,0,2024,2024-12,,DATE DE PAIEMENT NON RENSEIGNEE,OK,12,2024Q4,364.0,,False,False,False,False
OP_01072,CLIENT_0579,PERSONNE PHYSIQUE,COMPAGNIE_09,POLICE_00808,0,AUTOMOBILE,MONO AUTO,AFFAIRE NOUVELLE,2024-12-13,2025-12-12,2024-12-19,2024-12-19,2024-12-19,,106700,0,10900,2500,120100,15,16000,0,0,2024,2024-12,,DATE DE PAIEMENT NON RENSEIGNEE,OK,12,2024Q4,364.0,,False,False,False,False
OP_01073,CLIENT_0576,PERSONNE PHYSIQUE,COMPAGNIE_02,POLICE_00805,0,TRAVEL ASSURANCE,0,AFFAIRE NOUVELLE,2024-12-18,2025-01-17,2024-12-20,2024-12-20,2024-12-20,2025-01-03,11300,0,1900,4300,17400,10,1100,0,0,2024,2024-12,14.0,DATE DE PAIEMENT RENSEIGNEE,OK,12,2024Q4,30.0,14.0,False,False,False,True
OP_01074,CLIENT_0039,PERSONNE MORALE,COMPAGNIE_02,POLICE_00107,13,ASSURANCE CAUTION,DOMMAGES AUX BIENS,RENOUVELLEMENT,2024-12-22,2025-12-21,2024-12-21,2025-05-17,2025-05-18,2025-06-03,503200,0,61000,4900,569100,17,85500,0,0,2024,2024-12,16.0,DATE DE PAIEMENT RENSEIGNEE,OK,12,2024Q4,364.0,16.0,False,False,False,True
OP_01075,CLIENT_0067,PERSONNE MORALE,COMPAGNIE_03,POLICE_00791,2,AUTOMOBILE,MONO AUTO,AFFAIRE NOUVELLE,2022-12-21,2023-12-21,2024-12-21,2024-12-21,2024-12-21,2024-12-21,-500,0,0,0,-500,15,-100,0,0,2024,2024-12,0.0,DATE DE PAIEMENT RENSEIGNEE,OK,12,2024Q4,365.0,0.0,False,False,True,True
OP_01076,CLIENT_0342,PERSONNE PHYSIQUE,COMPAGNIE_01,POLICE_00440,2,AUTOMOBILE,MONO AUTO,RENOUVELLEMENT,2024-12-16,2025-06-15,2024-12-21,2024-12-21,2024-12-21,2025-01-12,26800,25900,2700,0,29400,15,4000,0,0,2024,2024-12,22.0,DATE DE PAIEMENT RENSEIGNEE,OK,12,2024Q4,181.0,22.0,False,False,False,True
OP_01077,CLIENT_0468,PERSONNE PHYSIQUE,COMPAGNIE_02,POLICE_00620,1,AUTOMOBILE,MONO AUTO,RENOUVELLEMENT,2024-12-19,2025-03-18,2024-12-21,2024-12-21,2024-12-21,2025-01-09,10400,9300,1500,1200,13100,15,1600,0,0,2024,2024-12,19.0,DATE DE PAIEMENT RENSEIGNEE,OK,12,2024Q4,89.0,19.0,False,False,False,True
OP_01078,CLIENT_0545,PERSONNE PHYSIQUE,COMPAGNIE_03,POLICE_00786,0,AUTOMOBILE,MONO AUTO,RENOUVELLEMENT,2021-12-05,2022-12-04,2024-12-21,2024-12-21,2024-12-21,2024-12-21,49400,0,5500,5300,60100,15,7400,0,0,2024,2024-12,0.0,DATE DE PAIEMENT RENSEIGNEE,OK,12,2024Q4,364.0,0.0,False,False,False,True
OP_01079,CLIENT_0558,PERSONNE PHYSIQUE,COMPAGNIE_03,POLICE_00779,0,AUTOMOBILE,MONO AUTO,AFFAIRE NOUVELLE,2024-12-20,2025-12-19,2024-12-21,2024-12-21,2024-12-21,2025-01-22,45800,45000,4900,3000,53600,15,6900,0,0,2024,2024-12,32.0,DATE DE PAIEMENT RENSEIGNEE,OK,12,2024Q4,364.0,32.0,False,False,False,True
OP_01080,CLIENT_0327,PERSONNE PHYSIQUE,COMPAGNIE_02,POLICE_00453,8,AUTOMOBILE,MONO AUTO,RENOUVELLEMENT,2024-12-24,2025-06-23,2024-12-22,2024-12-23,2024-12-23,2025-01-18,68500,33500,7100,2200,77800,15,10300,0,0,2024,2024-12,26.0,DATE DE PAIEMENT RENSEIGNEE,OK,12,2024Q4,181.0,26.0,False,False,False,True
OP_01081,CLIENT_0325,PERSONNE MORALE,COMPAGNIE_02,POLICE_00774,12,AUTOMOBILE,MONO AUTO,RENOUVELLEMENT,2025-01-01,2025-12-31,2024-12-23,2024-12-23,2024-12-23,2025-01-27,144700,49200,14800,3100,162600,15,21700,0,0,2024,2024-12,35.0,DATE DE PAIEMENT RENSEIGNEE,OK,12,2024Q4,364.0,35.0,False,False,False,True
OP_01082,CLIENT_0572,PERSONNE PHYSIQUE,COMPAGNIE_02,POLICE_00799,1,AUTOMOBILE,MONO AUTO,PROROGATION,2025-06-18,2025-12-17,2024-12-23,2024-12-23,2024-12-23,2025-01-13,86600,31800,8700,0,95300,15,13000,0,0,2024,2024-12,21.0,DATE DE PAIEMENT RENSEIGNEE,OK,12,2024Q4,182.0,21.0,False,False,False,True
OP_01083,CLIENT_0050,PERSONNE MORALE,COMPAGNIE_06,POLICE_00050,97,AUTOMOBILE,FLOTTE AUTOMOBILE,RENOUVELLEMENT,2025-01-07,2026-01-06,2024-12-24,2025-02-10,2025-02-10,,88400,83500,9100,2300,99800,15,13300,0,0,2024,2024-12,,DATE DE PAIEMENT NON RENSEIGNEE,OK,12,2024Q4,364.0,,False,False,False,False
OP_01084,CLIENT_0050,PERSONNE MORALE,COMPAGNIE_06,POLICE_00050,98,AUTOMOBILE,FLOTTE AUTOMOBILE,RENOUVELLEMENT,2025-01-07,2026-01-06,2024-12-24,2024-12-24,2024-12-24,2025-02-11,29200,27300,3000,900,33000,15,4400,0,0,2024,2024-12,49.0,DATE DE PAIEMENT RENSEIGNEE,OK,12,2024Q4,364.0,49.0,False,False,False,True
OP_01085,CLIENT_0566,PERSONNE PHYSIQUE,COMPAGNIE_03,POLICE_00792,0,AUTOMOBILE,MONO AUTO,AFFAIRE NOUVELLE,2024-12-27,2025-03-28,2024-12-24,2024-12-24,2024-12-24,2025-01-21,22400,22200,2800,5300,30500,15,3400,0,0,2024,2024-12,28.0,DATE DE PAIEMENT RENSEIGNEE,OK,12,2024Q4,91.0,28.0,False,False,False,True
OP_01086,CLIENT_0573,PERSONNE PHYSIQUE,COMPAGNIE_03,POLICE_00800,0,AUTOMOBILE,MONO AUTO,AFFAIRE NOUVELLE,2024-12-24,2025-03-25,2024-12-24,2024-12-24,2024-12-24,2025-01-17,10200,10000,1500,4300,16000,15,1500,0,0,2024,2024-12,24.0,DATE DE PAIEMENT RENSEIGNEE,OK,12,2024Q4,91.0,24.0,False,False,False,True
OP_01087,CLIENT_0578,PERSONNE PHYSIQUE,COMPAGNIE_03,POLICE_00807,0,AUTOMOBILE,MONO AUTO,AFFAIRE NOUVELLE,2024-12-19,2025-12-18,2024-12-24,2024-12-24,2024-12-24,2025-01-06,49300,48500,5400,4500,59300,15,7400,0,0,2024,2024-12,13.0,DATE DE PAIEMENT RENSEIGNEE,OK,12,2024Q4,364.0,13.0,False,False,False,True
OP_01088,CLIENT_0244,PERSONNE PHYSIQUE,COMPAGNIE_02,POLICE_00803,1,AUTOMOBILE,MONO AUTO,AFFAIRE NOUVELLE,2024-12-24,2025-12-23,2024-12-25,2024-12-25,2024-12-25,2025-01-11,69800,64600,7300,3100,80100,15,10500,0,0,2024,2024-12,17.0,DATE DE PAIEMENT RENSEIGNEE,OK,12,2024Q4,364.0,17.0,False,False,False,True
OP_01089,CLIENT_0157,PERSONNE MORALE,COMPAGNIE_09,POLICE_00812,1,AUTOMOBILE,FLOTTE AUTOMOBILE,INCORPORATION,2024-12-19,2025-12-17,2024-12-26,2025-03-20,2025-03-20,,505300,0,61300,5400,571900,15,75800,0,0,2024,2024-12,,DATE DE PAIEMENT NON RENSEIGNEE,OK,12,2024Q4,363.0,,False,False,False,False
OP_01090,CLIENT_0157,PERSONNE MORALE,COMPAGNIE_09,POLICE_00812,2,AUTOMOBILE,FLOTTE AUTOMOBILE,INCORPORATION,2024-12-25,2025-12-17,2024-12-26,2025-03-20,2025-03-20,,375400,0,45600,4300,425200,15,56300,0,0,2024,2024-12,,DATE DE PAIEMENT NON RENSEIGNEE,OK,12,2024Q4,357.0,,False,False,False,False
OP_01091,CLIENT_0225,PERSONNE PHYSIQUE,COMPAGNIE_04,POLICE_00274,3,AUTOMOBILE,MONO AUTO,RENOUVELLEMENT,2024-12-17,2025-03-16,2024-12-26,2024-12-26,2024-12-26,,20900,20500,2400,3100,26400,15,3100,0,0,2024,2024-12,,DATE DE PAIEMENT NON RENSEIGNEE,OK,12,2024Q4,89.0,,False,False,False,False
OP_01092,CLIENT_0555,PERSONNE MORALE,COMPAGNIE_11,POLICE_00775,0,AUTOMOBILE,FLOTTE AUTOMOBILE,AFFAIRE NOUVELLE,2025-01-15,2026-01-14,2024-12-26,2025-05-14,2025-05-14,2025-05-14,2450900,805400,277500,10700,2739100,15,367600,0,0,2024,2024-12,0.0,DATE DE PAIEMENT RENSEIGNEE,OK,12,2024Q4,364.0,0.0,False,False,False,True
OP_01093,CLIENT_0555,PERSONNE MORALE,COMPAGNIE_06,POLICE_00777,0,AUTOMOBILE,FLOTTE AUTOMOBILE,AFFAIRE NOUVELLE,2025-01-15,2026-01-14,2024-12-26,2025-04-01,2026-03-10,,1151300,320400,122900,10100,1284300,15,172700,0,0,2024,2024-12,,DATE DE PAIEMENT NON RENSEIGNEE,OK,12,2024Q4,364.0,,False,False,False,False
OP_01094,CLIENT_0555,PERSONNE MORALE,COMPAGNIE_02,POLICE_00781,0,AUTOMOBILE,FLOTTE AUTOMOBILE,AFFAIRE NOUVELLE,2025-01-15,2026-01-14,2024-12-26,2025-04-21,2025-04-21,2025-04-21,1506100,450000,155400,11300,1672700,15,225900,0,0,2024,2024-12,0.0,DATE DE PAIEMENT RENSEIGNEE,OK,12,2024Q4,364.0,0.0,False,False,False,True
OP_01095,CLIENT_0259,PERSONNE PHYSIQUE,COMPAGNIE_01,POLICE_00802,0,AUTOMOBILE,MONO AUTO,RENOUVELLEMENT,2024-12-26,2025-12-25,2024-12-27,2024-12-26,2024-12-27,2025-02-17,35100,43800,3900,4300,43400,15,5300,0,0,2024,2024-12,52.0,DATE DE PAIEMENT RENSEIGNEE,OK,12,2024Q4,364.0,52.0,False,False,False,True
OP_01096,CLIENT_0565,PERSONNE PHYSIQUE,COMPAGNIE_03,POLICE_00790,0,AUTOMOBILE,MONO AUTO,AFFAIRE NOUVELLE,2021-11-21,2022-11-21,2024-12-27,2024-12-27,2024-12-27,2024-12-27,35300,0,0,0,35300,15,5300,0,0,2024,2024-12,0.0,DATE DE PAIEMENT RENSEIGNEE,OK,12,2024Q4,365.0,0.0,False,False,False,True
OP_01097,CLIENT_0583,PERSONNE PHYSIQUE,COMPAGNIE_03,POLICE_00818,0,AUTOMOBILE,MONO AUTO,AFFAIRE NOUVELLE,2024-12-23,2025-12-22,2024-12-27,2024-12-27,2024-12-27,,46500,45700,5100,4300,55800,15,7000,0,0,2024,2024-12,,DATE DE PAIEMENT NON RENSEIGNEE,OK,12,2024Q4,364.0,,False,False,False,False
OP_01098,CLIENT_0009,PERSONNE PHYSIQUE,COMPAGNIE_04,POLICE_00009,8,AUTOMOBILE,MONO AUTO,RENOUVELLEMENT,2024-12-29,2025-12-28,2024-12-28,2024-12-28,2024-12-28,,50000,47700,5500,5200,60700,15,7500,0,0,2024,2024-12,,DATE DE PAIEMENT NON RENSEIGNEE,OK,12,2024Q4,364.0,,False,False,False,False
OP_01099,CLIENT_0563,PERSONNE PHYSIQUE,COMPAGNIE_03,POLICE_00788,0,AUTOMOBILE,MONO AUTO,RENOUVELLEMENT,2022-12-06,2023-12-05,2024-12-28,2024-12-28,2024-12-28,2024-12-28,140800,0,0,0,140800,15,21100,0,0,2024,2024-12,0.0,DATE DE PAIEMENT RENSEIGNEE,OK,12,2024Q4,364.0,0.0,False,False,False,True
OP_01100,CLIENT_0563,PERSONNE PHYSIQUE,COMPAGNIE_03,POLICE_00788,0,AUTOMOBILE,MONO AUTO,RENOUVELLEMENT,2022-12-06,2023-12-05,2024-12-28,2024-12-28,2024-12-28,2024-12-28,-141200,0,0,0,-141200,15,-21200,0,0,2024,2024-12,0.0,DATE DE PAIEMENT RENSEIGNEE,OK,12,2024Q4,364.0,0.0,False,False,True,True
OP_01101,CLIENT_0050,PERSONNE MORALE,COMPAGNIE_06,POLICE_00050,99,AUTOMOBILE,FLOTTE AUTOMOBILE,RENOUVELLEMENT,2025-01-07,2026-01-06,2024-12-29,2024-12-29,2025-11-18,,42700,40800,4400,900,47900,15,6400,0,0,2024,2024-12,,DATE DE PAIEMENT NON RENSEIGNEE,OK,12,2024Q4,364.0,,False,False,False,False
OP_01102,CLIENT_0570,PERSONNE PHYSIQUE,COMPAGNIE_03,POLICE_00797,0,AUTOMOBILE,MONO AUTO,AFFAIRE NOUVELLE,2024-12-28,2025-06-27,2024-12-29,2024-12-29,2024-12-29,2025-01-24,24400,23700,2800,3700,30800,15,3700,0,0,2024,2024-12,26.0,DATE DE PAIEMENT RENSEIGNEE,OK,12,2024Q4,181.0,26.0,False,False,False,True
OP_01103,CLIENT_0050,PERSONNE MORALE,COMPAGNIE_06,POLICE_00050,102,AUTOMOBILE,FLOTTE AUTOMOBILE,RENOUVELLEMENT,2024-01-07,2026-01-06,2024-12-30,2025-01-06,2025-01-06,2025-02-11,43100,40700,5400,100,48700,15,6500,0,0,2024,2024-12,36.0,DATE DE PAIEMENT RENSEIGNEE,OK,12,2024Q4,730.0,36.0,False,False,False,True
OP_01104,CLIENT_0050,PERSONNE MORALE,COMPAGNIE_06,POLICE_00050,103,AUTOMOBILE,FLOTTE AUTOMOBILE,RENOUVELLEMENT,2025-01-07,2026-01-06,2024-12-30,2025-01-30,2025-02-02,2025-02-11,53300,51000,5500,1100,59800,15,8000,0,0,2024,2024-12,9.0,DATE DE PAIEMENT RENSEIGNEE,OK,12,2024Q4,364.0,9.0,False,False,False,True
OP_01105,CLIENT_0050,PERSONNE MORALE,COMPAGNIE_06,POLICE_00050,104,AUTOMOBILE,FLOTTE AUTOMOBILE,RENOUVELLEMENT,2024-01-07,2026-01-06,2024-12-30,2025-10-20,2025-10-20,,33400,31300,3500,1000,37800,15,5000,0,0,2024,2024-12,,DATE DE PAIEMENT NON RENSEIGNEE,OK,12,2024Q4,730.0,,False,False,False,False
OP_01106,CLIENT_0050,PERSONNE MORALE,COMPAGNIE_06,POLICE_00050,105,AUTOMOBILE,FLOTTE AUTOMOBILE,RENOUVELLEMENT,2025-01-07,2025-12-07,2024-12-30,2025-02-23,2025-02-23,,49200,47000,5000,1000,55200,15,7400,0,0,2024,2024-12,,DATE DE PAIEMENT NON RENSEIGNEE,OK,12,2024Q4,334.0,,False,False,False,False
OP_01107,CLIENT_0369,PERSONNE PHYSIQUE,COMPAGNIE_04,POLICE_00478,10,AUTOMOBILE,MONO AUTO,RENOUVELLEMENT,2024-12-30,2025-03-29,2024-12-30,2024-12-30,2024-12-30,,9900,9900,1300,2900,14200,15,1500,0,0,2024,2024-12,,DATE DE PAIEMENT NON RENSEIGNEE,OK,12,2024Q4,89.0,,False,False,False,False
OP_01108,CLIENT_0518,PERSONNE PHYSIQUE,COMPAGNIE_03,POLICE_00814,0,AUTOMOBILE,FLOTTE MOTO,AFFAIRE NOUVELLE,2024-12-27,2025-06-26,2024-12-30,2024-12-30,2024-12-30,,56700,56100,7300,4500,68600,15,8500,0,0,2024,2024-12,,DATE DE PAIEMENT NON RENSEIGNEE,OK,12,2024Q4,181.0,,False,False,False,False
OP_01109,CLIENT_0077,PERSONNE PHYSIQUE,COMPAGNIE_04,POLICE_00082,6,AUTOMOBILE,FLOTTE AUTOMOBILE,RENOUVELLEMENT,2024-12-30,2025-12-29,2024-12-31,2024-12-25,2024-12-31,,761100,750400,91000,5600,857700,15,114200,0,0,2024,2024-12,,DATE DE PAIEMENT NON RENSEIGNEE,OK,12,2024Q4,364.0,,False,False,False,False
OP_01110,CLIENT_0577,PERSONNE PHYSIQUE,COMPAGNIE_03,POLICE_00806,0,AUTOMOBILE,MONO AUTO,AFFAIRE NOUVELLE,2024-12-25,2025-12-24,2024-12-31,2024-12-31,2024-12-31,2025-01-13,189200,52400,19500,5700,214400,15,28400,0,0,2024,2024-12,13.0,DATE DE PAIEMENT RENSEIGNEE,OK,12,2024Q4,364.0,13.0,False,False,False,True
OP_01111,CLIENT_0027,PERSONNE MORALE,COMPAGNIE_01,POLICE_00829,0,AUTOMOBILE,FLOTTE AUTOMOBILE,RENOUVELLEMENT,2025-01-06,2026-01-05,2025-01-01,2025-01-01,2025-01-01,,555600,0,61200,5300,622100,15,83300,0,0,2025,2025-01,,DATE DE PAIEMENT NON RENSEIGNEE,OK,1,2025Q1,364.0,,False,False,False,False
OP_01112,CLIENT_0240,PERSONNE PHYSIQUE,COMPAGNIE_01,POLICE_00525,5,AUTOMOBILE,FLOTTE AUTOMOBILE,INCORPORATION,2024-11-22,2025-07-19,2025-01-01,2025-01-01,2025-01-01,2025-01-01,33500,0,1300,4700,39400,15,5000,0,0,2025,2025-01,0.0,DATE DE PAIEMENT RENSEIGNEE,OK,1,2025Q1,239.0,0.0,False,False,False,True
OP_01113,CLIENT_0509,PERSONNE PHYSIQUE,COMPAGNIE_03,POLICE_00815,0,AUTOMOBILE,MONO AUTO,AFFAIRE NOUVELLE,2024-12-29,2025-06-28,2025-01-01,2025-01-01,2025-01-01,2026-02-03,58900,58300,7600,4700,71200,15,8800,0,0,2025,2025-01,398.0,DATE DE PAIEMENT RENSEIGNEE,OK,1,2025Q1,181.0,398.0,False,False,False,True
OP_01114,CLIENT_0050,PERSONNE MORALE,COMPAGNIE_06,POLICE_00050,106,AUTOMOBILE,FLOTTE AUTOMOBILE,RENOUVELLEMENT,2025-01-07,2026-01-06,2025-01-02,2025-01-06,2025-01-05,2025-02-11,36600,34300,3800,1100,41400,15,5500,0,0,2025,2025-01,37.0,DATE DE PAIEMENT RENSEIGNEE,OK,1,2025Q1,364.0,37.0,False,False,False,True
OP_01115,CLIENT_0050,PERSONNE MORALE,COMPAGNIE_06,POLICE_00050,107,AUTOMOBILE,FLOTTE AUTOMOBILE,INCORPORATION,2025-01-07,2026-01-06,2025-01-02,2025-01-05,2025-01-05,2025-02-11,35800,33600,3700,1100,40500,15,5400,0,0,2025,2025-01,37.0,DATE DE PAIEMENT RENSEIGNEE,OK,1,2025Q1,364.0,37.0,False,False,False,True
OP_01116,CLIENT_0050,PERSONNE MORALE,COMPAGNIE_06,POLICE_00050,109,AUTOMOBILE,FLOTTE AUTOMOBILE,INCORPORATION,2025-01-07,2026-01-06,2025-01-02,2025-01-03,2025-01-03,,44300,42300,4500,900,49700,15,6600,0,0,2025,2025-01,,DATE DE PAIEMENT NON RENSEIGNEE,OK,1,2025Q1,364.0,,False,False,False,False
OP_01117,CLIENT_0050,PERSONNE MORALE,COMPAGNIE_06,POLICE_00050,111,AUTOMOBILE,FLOTTE AUTOMOBILE,INCORPORATION,2025-01-07,2026-01-06,2025-01-02,2025-01-03,2025-01-03,2025-02-11,50000,75100,5100,1000,56100,0,7500,0,0,2025,2025-01,39.0,DATE DE PAIEMENT RENSEIGNEE,OK,1,2025Q1,364.0,39.0,False,False,False,True
OP_01118,CLIENT_0574,PERSONNE MORALE,COMPAGNIE_09,POLICE_00801,0,ASSURANCE CAUTION,0,AFFAIRE NOUVELLE,2025-01-02,2025-05-02,2025-01-02,2025-01-05,2025-01-05,2025-02-02,70900,0,10300,10200,91400,17,12000,0,0,2025,2025-01,28.0,DATE DE PAIEMENT RENSEIGNEE,OK,1,2025Q1,120.0,28.0,False,False,False,True
OP_01119,CLIENT_0050,PERSONNE MORALE,COMPAGNIE_06,POLICE_00050,110,AUTOMOBILE,FLOTTE AUTOMOBILE,INCORPORATION,2025-01-07,2026-01-06,2025-01-03,2025-01-06,2025-01-06,2025-02-11,38900,0,4000,1100,44000,15,5800,0,0,2025,2025-01,36.0,DATE DE PAIEMENT RENSEIGNEE,OK,1,2025Q1,364.0,36.0,False,False,False,True
OP_01120,CLIENT_0050,PERSONNE MORALE,COMPAGNIE_06,POLICE_00050,112,AUTOMOBILE,FLOTTE AUTOMOBILE,INCORPORATION,2025-01-07,2026-01-06,2025-01-03,2025-01-02,2025-01-03,2025-02-11,37200,35100,3800,1000,42000,15,5600,0,0,2025,2025-01,39.0,DATE DE PAIEMENT RENSEIGNEE,OK,1,2025Q1,364.0,39.0,False,False,False,True
OP_01121,CLIENT_0050,PERSONNE MORALE,COMPAGNIE_06,POLICE_00050,113,AUTOMOBILE,FLOTTE AUTOMOBILE,INCORPORATION,2025-01-07,2026-01-06,2025-01-03,2025-01-05,2025-01-05,2025-02-11,30600,28600,3100,900,34600,15,4600,0,0,2025,2025-01,37.0,DATE DE PAIEMENT RENSEIGNEE,OK,1,2025Q1,364.0,37.0,False,False,False,True
OP_01122,CLIENT_0050,PERSONNE MORALE,COMPAGNIE_06,POLICE_00050,114,AUTOMOBILE,FLOTTE AUTOMOBILE,INCORPORATION,2025-01-07,2026-01-06,2025-01-03,2025-01-05,2025-01-05,2025-11-18,38600,36200,4000,1100,43700,15,5800,0,0,2025,2025-01,317.0,DATE DE PAIEMENT RENSEIGNEE,OK,1,2025Q1,364.0,317.0,False,False,False,True
OP_01123,CLIENT_0050,PERSONNE MORALE,COMPAGNIE_06,POLICE_00050,115,AUTOMOBILE,FLOTTE AUTOMOBILE,INCORPORATION,2025-01-07,2026-01-06,2025-01-03,2025-01-02,2025-01-03,,37800,35400,3900,1100,42800,15,5700,0,0,2025,2025-01,,DATE DE PAIEMENT NON RENSEIGNEE,OK,1,2025Q1,364.0,,False,False,False,False
OP_01124,CLIENT_0050,PERSONNE MORALE,COMPAGNIE_06,POLICE_00050,116,AUTOMOBILE,FLOTTE AUTOMOBILE,INCORPORATION,2025-01-07,2026-01-06,2025-01-03,2025-02-23,2025-02-23,,32700,30700,3400,1000,37100,15,4900,0,0,2025,2025-01,,DATE DE PAIEMENT NON RENSEIGNEE,OK,1,2025Q1,364.0,,False,False,False,False
OP_01125,CLIENT_0050,PERSONNE MORALE,COMPAGNIE_06,POLICE_00050,117,AUTOMOBILE,FLOTTE AUTOMOBILE,INCORPORATION,2025-01-07,2026-01-06,2025-01-03,2025-11-18,2025-11-18,,43900,42000,4500,900,49300,15,6600,0,0,2025,2025-01,,DATE DE PAIEMENT NON RENSEIGNEE,OK,1,2025Q1,364.0,,False,False,False,False
OP_01126,CLIENT_0050,PERSONNE MORALE,COMPAGNIE_06,POLICE_00050,118,AUTOMOBILE,FLOTTE AUTOMOBILE,INCORPORATION,2025-01-07,2026-01-06,2025-01-03,2025-01-03,2025-01-03,2025-02-11,40200,37900,4100,1000,45400,15,6000,0,0,2025,2025-01,39.0,DATE DE PAIEMENT RENSEIGNEE,OK,1,2025Q1,364.0,39.0,False,False,False,True
OP_01127,CLIENT_0050,PERSONNE MORALE,COMPAGNIE_06,POLICE_00050,120,AUTOMOBILE,FLOTTE AUTOMOBILE,INCORPORATION,2025-01-07,2026-01-06,2025-01-03,2025-01-05,2025-01-05,2025-02-11,32800,30700,3400,1000,37200,15,4900,0,0,2025,2025-01,37.0,DATE DE PAIEMENT RENSEIGNEE,OK,1,2025Q1,364.0,37.0,False,False,False,True
OP_01128,CLIENT_0157,PERSONNE MORALE,COMPAGNIE_09,POLICE_00837,4,AUTOMOBILE,FLOTTE AUTOMOBILE,INCORPORATION,2025-01-03,2025-12-17,2025-01-03,2025-02-05,2025-02-05,2025-03-04,49200,47300,6500,4700,60300,15,7400,0,0,2025,2025-01,27.0,DATE DE PAIEMENT RENSEIGNEE,OK,1,2025Q1,348.0,27.0,False,False,False,True
OP_01129,CLIENT_0167,PERSONNE MORALE,COMPAGNIE_03,POLICE_00820,13,AUTOMOBILE,FLOTTE AUTOMOBILE,RENOUVELLEMENT,2025-01-01,2025-12-31,2025-01-04,2025-01-04,2025-01-04,2025-12-12,643900,575700,71700,4700,720300,15,96600,0,0,2025,2025-01,342.0,DATE DE PAIEMENT RENSEIGNEE,OK,1,2025Q1,364.0,342.0,False,False,False,True
OP_01130,CLIENT_0509,PERSONNE PHYSIQUE,COMPAGNIE_06,POLICE_00824,0,AUTOMOBILE,MONO MOTO,AFFAIRE NOUVELLE,2024-12-31,2025-12-30,2025-01-04,2025-01-02,2025-01-04,2025-01-30,20900,7400,2300,2200,25400,15,3100,0,0,2025,2025-01,26.0,DATE DE PAIEMENT RENSEIGNEE,OK,1,2025Q1,364.0,26.0,False,False,False,True
OP_01131,CLIENT_0001,PERSONNE MORALE,COMPAGNIE_01,POLICE_00834,2,AUTOMOBILE,MONO AUTO,RENOUVELLEMENT,2025-01-04,2026-01-03,2025-01-05,2025-04-26,2025-04-26,,113700,42500,11900,4900,130400,15,17000,0,0,2025,2025-01,,DATE DE PAIEMENT NON RENSEIGNEE,OK,1,2025Q1,364.0,,False,False,False,False
OP_01132,CLIENT_0050,PERSONNE MORALE,COMPAGNIE_06,POLICE_00050,121,AUTOMOBILE,FLOTTE AUTOMOBILE,INCORPORATION,2024-01-07,2026-01-06,2025-01-05,2025-01-06,2025-01-06,2025-02-11,32200,30200,3300,900,36500,15,4800,0,0,2025,2025-01,36.0,DATE DE PAIEMENT RENSEIGNEE,OK,1,2025Q1,730.0,36.0,False,False,False,True
OP_01133,CLIENT_0050,PERSONNE MORALE,COMPAGNIE_06,POLICE_00050,122,AUTOMOBILE,FLOTTE AUTOMOBILE,INCORPORATION,2025-01-07,2026-01-06,2025-01-05,2025-01-05,2025-01-05,2025-02-11,85400,32800,8600,900,94900,15,12800,0,0,2025,2025-01,37.0,DATE DE PAIEMENT RENSEIGNEE,OK,1,2025Q1,364.0,37.0,False,False,False,True
OP_01134,CLIENT_0050,PERSONNE MORALE,COMPAGNIE_06,POLICE_00050,123,AUTOMOBILE,FLOTTE AUTOMOBILE,INCORPORATION,2025-01-07,2026-01-06,2025-01-05,2025-11-13,2025-11-13,,32600,30500,3400,1000,36900,15,4900,0,0,2025,2025-01,,DATE DE PAIEMENT NON RENSEIGNEE,OK,1,2025Q1,364.0,,False,False,False,False
OP_01135,CLIENT_0050,PERSONNE MORALE,COMPAGNIE_06,POLICE_00050,124,AUTOMOBILE,FLOTTE AUTOMOBILE,INCORPORATION,2025-01-07,2026-01-06,2025-01-05,2025-01-15,2025-01-16,2025-02-11,41700,39400,4300,1100,47100,15,6300,0,0,2025,2025-01,26.0,DATE DE PAIEMENT RENSEIGNEE,OK,1,2025Q1,364.0,26.0,False,False,False,True
OP_01136,CLIENT_0050,PERSONNE MORALE,COMPAGNIE_06,POLICE_00050,125,AUTOMOBILE,FLOTTE AUTOMOBILE,INCORPORATION,2025-01-07,2026-01-06,2025-01-05,2025-01-06,2025-01-06,2025-02-11,41000,38700,4200,1100,46300,15,6200,0,0,2025,2025-01,36.0,DATE DE PAIEMENT RENSEIGNEE,OK,1,2025Q1,364.0,36.0,False,False,False,True
OP_01137,CLIENT_0067,PERSONNE MORALE,COMPAGNIE_09,POLICE_00813,0,AUTOMOBILE,MONO AUTO,RENOUVELLEMENT,2025-01-06,2026-01-05,2025-01-05,2025-01-26,2025-01-26,,626200,0,75700,4400,706200,15,93900,0,0,2025,2025-01,,DATE DE PAIEMENT NON RENSEIGNEE,OK,1,2025Q1,364.0,,False,False,False,False
OP_01138,CLIENT_0081,PERSONNE PHYSIQUE,COMPAGNIE_04,POLICE_00086,2,AUTOMOBILE,MONO AUTO,RENOUVELLEMENT,2025-01-04,2026-01-03,2025-01-05,2025-01-01,2025-01-07,,51800,45100,5500,3100,60400,15,7800,0,0,2025,2025-01,,DATE DE PAIEMENT NON RENSEIGNEE,OK,1,2025Q1,364.0,,False,False,False,False
OP_01139,CLIENT_0050,PERSONNE MORALE,COMPAGNIE_06,POLICE_00050,84,AUTOMOBILE,FLOTTE AUTOMOBILE,INCORPORATION,2024-10-20,,2025-01-06,2025-01-06,2025-01-06,2025-01-06,8000,0,0,1900,9800,15,1200,0,0,2025,2025-01,0.0,DATE DE PAIEMENT RENSEIGNEE,OK,1,2025Q1,,0.0,False,False,False,True
OP_01140,CLIENT_0050,PERSONNE MORALE,COMPAGNIE_06,POLICE_00050,127,AUTOMOBILE,FLOTTE AUTOMOBILE,INCORPORATION,2025-01-07,2026-01-06,2025-01-06,2025-01-14,2025-01-16,2025-02-11,32200,30200,3300,900,36500,15,4800,0,0,2025,2025-01,26.0,DATE DE PAIEMENT RENSEIGNEE,OK,1,2025Q1,364.0,26.0,False,False,False,True
OP_01141,CLIENT_0050,PERSONNE MORALE,COMPAGNIE_06,POLICE_00050,129,AUTOMOBILE,FLOTTE AUTOMOBILE,INCORPORATION,2025-01-07,2026-01-06,2025-01-06,2025-01-06,2025-01-06,2025-02-11,50700,48500,5200,1000,56900,15,7600,0,0,2025,2025-01,36.0,DATE DE PAIEMENT RENSEIGNEE,OK,1,2025Q1,364.0,36.0,False,False,False,True
OP_01142,CLIENT_0050,PERSONNE MORALE,COMPAGNIE_06,POLICE_00050,130,AUTOMOBILE,FLOTTE AUTOMOBILE,INCORPORATION,2025-01-07,2026-01-06,2025-01-06,2025-01-14,2025-01-16,2025-02-11,86800,0,8900,2200,98000,15,13000,0,0,2025,2025-01,26.0,DATE DE PAIEMENT RENSEIGNEE,OK,1,2025Q1,364.0,26.0,False,False,False,True
OP_01143,CLIENT_0374,PERSONNE PHYSIQUE,COMPAGNIE_05,POLICE_00833,0,AUTOMOBILE,MONO AUTO,RENOUVELLEMENT,2025-01-11,2026-01-10,2025-01-06,2025-01-06,2025-01-06,2025-03-07,48300,43300,5100,2900,56300,15,7200,0,0,2025,2025-01,60.0,DATE DE PAIEMENT RENSEIGNEE,OK,1,2025Q1,364.0,60.0,False,False,False,True
OP_01144,CLIENT_0582,PERSONNE PHYSIQUE,COMPAGNIE_04,POLICE_00817,7,AUTOMOBILE,MONO AUTO,RENOUVELLEMENT,2025-01-03,2025-04-02,2025-01-06,2025-01-06,2025-01-06,,13100,12800,1400,1300,15800,15,2000,0,0,2025,2025-01,,DATE DE PAIEMENT NON RENSEIGNEE,OK,1,2025Q1,89.0,,False,False,False,False
OP_01145,CLIENT_0585,PERSONNE PHYSIQUE,COMPAGNIE_01,POLICE_00826,1,AUTOMOBILE,MONO AUTO,AFFAIRE NOUVELLE,2025-01-03,2025-07-02,2025-01-06,2025-01-03,2025-01-06,2025-02-14,22700,22100,2800,5100,30500,15,3400,0,0,2025,2025-01,39.0,DATE DE PAIEMENT RENSEIGNEE,OK,1,2025Q1,180.0,39.0,False,False,False,True
OP_01146,CLIENT_0038,PERSONNE PHYSIQUE,COMPAGNIE_01,POLICE_00038,8,AUTOMOBILE,MONO AUTO,RENOUVELLEMENT,2025-01-02,2025-07-01,2025-01-07,2025-01-07,2025-01-07,2025-02-16,120900,31400,12500,4400,137800,15,18100,0,0,2025,2025-01,40.0,DATE DE PAIEMENT RENSEIGNEE,OK,1,2025Q1,180.0,40.0,False,False,False,True
OP_01147,CLIENT_0427,PERSONNE PHYSIQUE,COMPAGNIE_01,POLICE_00560,9,AUTOMOBILE,MONO AUTO,RENOUVELLEMENT,2024-12-30,2025-06-29,2025-01-07,2026-02-26,2026-02-26,2026-04-02,47500,46400,5200,4900,57600,15,7100,0,0,2025,2025-01,35.0,DATE DE PAIEMENT RENSEIGNEE,OK,1,2025Q1,181.0,35.0,False,False,False,True
OP_01148,CLIENT_0592,PERSONNE PHYSIQUE,COMPAGNIE_03,POLICE_00839,0,AUTOMOBILE,MONO AUTO,AFFAIRE NOUVELLE,2025-01-03,2025-07-02,2025-01-07,2025-01-07,2025-01-07,,25000,24600,2900,4300,32300,15,3800,0,0,2025,2025-01,,DATE DE PAIEMENT NON RENSEIGNEE,OK,1,2025Q1,180.0,,False,False,False,False
OP_01149,CLIENT_0013,PERSONNE PHYSIQUE,COMPAGNIE_01,POLICE_00844,6,AUTOMOBILE,MONO AUTO,RENOUVELLEMENT,2025-01-10,2025-07-09,2025-01-08,2025-01-08,2025-01-08,2025-02-04,27800,0,2800,0,30500,15,4200,0,0,2025,2025-01,27.0,DATE DE PAIEMENT RENSEIGNEE,OK,1,2025Q1,180.0,27.0,False,False,False,True
OP_01150,CLIENT_0084,PERSONNE MORALE,COMPAGNIE_01,POLICE_00841,7,AUTOMOBILE,MONO AUTO,RENOUVELLEMENT,2025-01-07,2025-07-06,2025-01-08,2025-07-19,2025-07-25,,34800,33900,4700,4400,43900,15,5200,0,0,2025,2025-01,,DATE DE PAIEMENT NON RENSEIGNEE,OK,1,2025Q1,180.0,,False,False,False,False
OP_01151,CLIENT_0257,PERSONNE PHYSIQUE,COMPAGNIE_03,POLICE_00316,1,AUTOMOBILE,MONO AUTO,RENOUVELLEMENT,2025-01-07,2025-07-06,2025-01-08,2025-01-08,2025-01-08,,21400,21000,2500,3700,27500,15,3200,0,0,2025,2025-01,,DATE DE PAIEMENT NON RENSEIGNEE,OK,1,2025Q1,180.0,,False,False,False,False
OP_01152,CLIENT_0575,PERSONNE PHYSIQUE,COMPAGNIE_01,POLICE_00804,1,AUTOMOBILE,MONO AUTO,AFFAIRE NOUVELLE,2025-01-06,2026-01-05,2025-01-08,2025-01-08,2025-01-08,2025-02-27,42100,39100,4500,3000,49600,15,6300,0,0,2025,2025-01,50.0,DATE DE PAIEMENT RENSEIGNEE,OK,1,2025Q1,364.0,50.0,False,False,False,True
OP_01153,CLIENT_0586,PERSONNE PHYSIQUE,COMPAGNIE_03,POLICE_00828,0,AUTOMOBILE,MONO AUTO,AFFAIRE NOUVELLE,2024-12-27,2025-12-26,2025-01-08,2025-01-08,2025-01-08,2025-01-08,40500,39800,4900,4500,49900,15,6100,0,0,2025,2025-01,0.0,DATE DE PAIEMENT RENSEIGNEE,OK,1,2025Q1,364.0,0.0,False,False,False,True
OP_01154,CLIENT_0037,PERSONNE PHYSIQUE,COMPAGNIE_03,POLICE_00037,4,AUTOMOBILE,MONO AUTO,RENOUVELLEMENT,2025-01-09,2026-01-08,2025-01-12,2025-01-12,2025-01-12,,62700,61000,6700,4500,74000,15,9400,0,0,2025,2025-01,,DATE DE PAIEMENT NON RENSEIGNEE,OK,1,2025Q1,364.0,,False,False,False,False
OP_01155,CLIENT_0085,PERSONNE MORALE,COMPAGNIE_01,POLICE_00090,8,AUTOMOBILE,MONO AUTO,RENOUVELLEMENT,,,2025-01-12,2025-07-27,2025-11-20,,39700,38600,0,5000,50100,0,6000,0,0,2025,2025-01,,DATE DE PAIEMENT NON RENSEIGNEE,OK,1,2025Q1,,,False,False,False,False
OP_01156,CLIENT_0085,PERSONNE MORALE,COMPAGNIE_01,POLICE_00090,8,AUTOMOBILE,MONO AUTO,RENOUVELLEMENT,2025-01-14,2025-07-13,2025-01-12,2025-07-27,2025-08-02,,37100,36000,5000,4700,46800,15,5600,0,0,2025,2025-01,,DATE DE PAIEMENT NON RENSEIGNEE,OK,1,2025Q1,180.0,,False,False,False,False
OP_01157,CLIENT_0191,PERSONNE PHYSIQUE,COMPAGNIE_04,POLICE_00418,15,AUTOMOBILE,MONO AUTO,RESILIATION,2025-01-11,,2025-01-12,2025-01-11,2025-01-12,2025-06-26,-101500,0,-12500,-2900,-117000,15,-15200,0,0,2025,2025-01,165.0,DATE DE PAIEMENT RENSEIGNEE,OK,1,2025Q1,,165.0,False,False,True,True
OP_01158,CLIENT_0191,PERSONNE PHYSIQUE,COMPAGNIE_04,POLICE_00822,3,AUTOMOBILE,MONO AUTO,RENOUVELLEMENT,2025-01-11,2026-01-10,2025-01-12,2025-01-11,2025-01-12,,65100,63400,6800,3200,75100,15,9800,0,0,2025,2025-01,,DATE DE PAIEMENT NON RENSEIGNEE,OK,1,2025Q1,364.0,,False,False,False,False
OP_01159,CLIENT_0191,PERSONNE PHYSIQUE,COMPAGNIE_04,POLICE_00823,1,AUTOMOBILE,MONO AUTO,AFFAIRE NOUVELLE,2025-01-11,2025-04-12,2025-01-12,2025-01-11,2025-01-12,,23600,23300,3200,2700,29500,15,3500,0,0,2025,2025-01,,DATE DE PAIEMENT NON RENSEIGNEE,OK,1,2025Q1,91.0,,False,False,False,False
OP_01160,CLIENT_0010,PERSONNE MORALE,COMPAGNIE_05,POLICE_00010,32,AUTOMOBILE,FLOTTE AUTOMOBILE,RENOUVELLEMENT,2025-01-07,2026-01-06,2025-01-13,2025-01-13,2025-01-13,2025-03-14,1647200,370200,168100,5600,1821000,15,247100,0,0,2025,2025-01,60.0,DATE DE PAIEMENT RENSEIGNEE,OK,1,2025Q1,364.0,60.0,False,False,False,True
OP_01161,CLIENT_0011,PERSONNE PHYSIQUE,COMPAGNIE_02,POLICE_00011,6,AUTOMOBILE,MONO AUTO,RENOUVELLEMENT,2025-01-12,2026-01-11,2025-01-13,2025-01-13,2025-01-13,2025-02-11,147000,45300,15000,3400,165400,15,22000,0,0,2025,2025-01,29.0,DATE DE PAIEMENT RENSEIGNEE,OK,1,2025Q1,364.0,29.0,False,False,False,True
OP_01162,CLIENT_0035,PERSONNE PHYSIQUE,COMPAGNIE_03,POLICE_00035,3,AUTOMOBILE,MONO AUTO,RENOUVELLEMENT,2025-01-12,2025-07-11,2025-01-13,2025-01-13,2025-01-13,,22100,21700,2600,3800,28500,15,3300,0,0,2025,2025-01,,DATE DE PAIEMENT NON RENSEIGNEE,OK,1,2025Q1,180.0,,False,False,False,False
OP_01163,CLIENT_0078,PERSONNE PHYSIQUE,COMPAGNIE_06,POLICE_00083,11,AUTOMOBILE,FLOTTE MOTO,RENOUVELLEMENT,2025-01-13,2026-01-12,2025-01-13,2025-01-16,2025-01-16,2025-02-08,296400,247000,30200,4400,330900,15,44500,0,0,2025,2025-01,23.0,DATE DE PAIEMENT RENSEIGNEE,OK,1,2025Q1,364.0,23.0,False,False,False,True
OP_01164,CLIENT_0580,PERSONNE PHYSIQUE,COMPAGNIE_03,POLICE_00811,0,AUTOMOBILE,MONO AUTO,AFFAIRE NOUVELLE,2025-01-13,2025-07-13,2025-01-13,2025-01-13,2025-01-13,2025-01-26,87400,24300,9200,4200,100700,15,13100,0,0,2025,2025-01,13.0,DATE DE PAIEMENT RENSEIGNEE,OK,1,2025Q1,181.0,13.0,False,False,False,True
OP_01165,CLIENT_0589,PERSONNE PHYSIQUE,COMPAGNIE_04,POLICE_00832,8,AUTOMOBILE,MONO AUTO,RENOUVELLEMENT,2025-01-13,2026-01-12,2025-01-13,2025-01-13,2025-01-13,,74600,73100,7800,2900,85300,15,11200,0,0,2025,2025-01,,DATE DE PAIEMENT NON RENSEIGNEE,OK,1,2025Q1,364.0,,False,False,False,False
OP_01166,CLIENT_0046,PERSONNE PHYSIQUE,COMPAGNIE_01,POLICE_00046,3,AUTOMOBILE,MONO AUTO,AFFAIRE NOUVELLE,2025-01-19,2026-01-18,2025-01-14,2025-01-27,2025-01-27,,49600,47600,5500,5200,60300,15,7400,0,0,2025,2025-01,,DATE DE PAIEMENT NON RENSEIGNEE,OK,1,2025Q1,364.0,,False,False,False,False
OP_01167,CLIENT_0400,PERSONNE PHYSIQUE,COMPAGNIE_01,POLICE_00809,3,AUTOMOBILE,MONO AUTO,RENOUVELLEMENT,2025-01-10,2025-07-10,2025-01-14,2025-01-14,2025-01-14,2025-03-04,38200,37400,4400,5300,47900,15,5700,0,0,2025,2025-01,49.0,DATE DE PAIEMENT RENSEIGNEE,OK,1,2025Q1,181.0,49.0,False,False,False,True
OP_01168,CLIENT_0495,PERSONNE MORALE,COMPAGNIE_01,POLICE_00819,0,AUTOMOBILE,FLOTTE AUTOMOBILE,INCORPORATION,2025-01-11,2025-10-07,2025-01-14,2025-02-18,2025-02-18,,348000,0,35100,2700,385800,15,52200,0,0,2025,2025-01,,DATE DE PAIEMENT NON RENSEIGNEE,OK,1,2025Q1,269.0,,False,False,False,False
OP_01169,CLIENT_0527,PERSONNE PHYSIQUE,COMPAGNIE_08,POLICE_00714,0,RETRAITE COMPLEMENTAIRE,ASSURANCE DE PERSONNES,RÉGULARISATION,2024-11-10,2046-11-09,2025-01-14,2025-01-13,2025-01-14,,4700,0,0,0,4700,10,500,0,0,2025,2025-01,,DATE DE PAIEMENT NON RENSEIGNEE,OK,1,2025Q1,8034.0,,False,False,False,False
OP_01170,CLIENT_0555,PERSONNE MORALE,COMPAGNIE_11,POLICE_00775,1,AUTOMOBILE,FLOTTE AUTOMOBILE,INCORPORATION,2025-01-15,2026-01-14,2025-01-14,2025-05-14,2025-05-14,2025-05-14,274000,0,32900,0,306900,15,41100,0,0,2025,2025-01,0.0,DATE DE PAIEMENT RENSEIGNEE,OK,1,2025Q1,364.0,0.0,False,False,False,True
OP_01171,CLIENT_0588,PERSONNE PHYSIQUE,COMPAGNIE_01,POLICE_00831,1,AUTOMOBILE,MONO AUTO,AFFAIRE NOUVELLE,2025-01-13,2026-01-12,2025-01-14,2025-01-13,2025-01-14,2025-02-16,50100,49200,5500,4600,60200,15,7500,0,0,2025,2025-01,33.0,DATE DE PAIEMENT RENSEIGNEE,OK,1,2025Q1,364.0,33.0,False,False,False,True
OP_01172,CLIENT_0213,PERSONNE MORALE,COMPAGNIE_04,POLICE_00835,0,AUTOMOBILE,MONO AUTO,AFFAIRE NOUVELLE,2025-01-12,2026-01-11,2025-01-15,2025-01-15,2025-01-15,,20000,7300,2400,4400,26800,15,3000,0,0,2025,2025-01,,DATE DE PAIEMENT NON RENSEIGNEE,OK,1,2025Q1,364.0,,False,False,False,False
OP_01173,CLIENT_0523,PERSONNE PHYSIQUE,COMPAGNIE_03,POLICE_00702,1,AUTOMOBILE,MONO AUTO,RENOUVELLEMENT,2025-01-15,2025-04-16,2025-01-15,2025-01-15,2025-01-15,,13400,0,1500,1100,16000,15,2000,0,0,2025,2025-01,,DATE DE PAIEMENT NON RENSEIGNEE,OK,1,2025Q1,91.0,,False,False,False,False
OP_01174,CLIENT_0050,PERSONNE MORALE,COMPAGNIE_06,POLICE_00050,132,AUTOMOBILE,FLOTTE AUTOMOBILE,INCORPORATION,2025-01-10,2026-01-06,2025-01-16,2025-01-10,2025-01-16,2025-02-11,33400,31500,3400,900,37700,15,5000,0,0,2025,2025-01,26.0,DATE DE PAIEMENT RENSEIGNEE,OK,1,2025Q1,361.0,26.0,False,False,False,True
OP_01175,CLIENT_0050,PERSONNE MORALE,COMPAGNIE_06,POLICE_00050,133,AUTOMOBILE,FLOTTE AUTOMOBILE,INCORPORATION,2025-01-12,2026-01-06,2025-01-16,2025-01-19,2025-01-19,2025-02-11,48700,46600,5000,1000,54700,15,7300,0,0,2025,2025-01,23.0,DATE DE PAIEMENT RENSEIGNEE,OK,1,2025Q1,359.0,23.0,False,False,False,True
OP_01176,CLIENT_0082,PERSONNE PHYSIQUE,COMPAGNIE_02,POLICE_00087,2,AUTOMOBILE,MONO AUTO,RENOUVELLEMENT,2025-01-15,2025-07-14,2025-01-16,2025-01-15,2025-01-16,2025-02-09,21600,18900,2400,2100,26100,15,3200,0,0,2025,2025-01,24.0,DATE DE PAIEMENT RENSEIGNEE,OK,1,2025Q1,180.0,24.0,False,False,False,True
OP_01177,CLIENT_0320,PERSONNE MORALE,COMPAGNIE_06,POLICE_00852,0,AUTOMOBILE,FLOTTE MOTO,AFFAIRE NOUVELLE,2025-01-19,2026-01-18,2025-01-16,2025-02-26,2025-02-27,,315200,0,37800,4400,357400,15,47300,0,0,2025,2025-01,,DATE DE PAIEMENT NON RENSEIGNEE,OK,1,2025Q1,364.0,,False,False,False,False
OP_01178,CLIENT_0428,PERSONNE PHYSIQUE,COMPAGNIE_05,POLICE_00562,1,AUTOMOBILE,MONO AUTO,RENOUVELLEMENT,2025-01-14,2025-04-13,2025-01-16,2025-01-16,2025-01-16,2025-03-17,13600,12300,1600,2200,17300,15,2000,0,0,2025,2025-01,60.0,DATE DE PAIEMENT RENSEIGNEE,OK,1,2025Q1,89.0,60.0,False,False,False,True
OP_01179,CLIENT_0518,PERSONNE PHYSIQUE,COMPAGNIE_03,POLICE_00846,0,AUTOMOBILE,MONO AUTO,AFFAIRE NOUVELLE,2025-01-16,2025-07-15,2025-01-16,2025-01-16,2025-01-16,,46200,45600,6100,4300,56600,15,6900,0,0,2025,2025-01,,DATE DE PAIEMENT NON RENSEIGNEE,OK,1,2025Q1,180.0,,False,False,False,False
OP_01180,CLIENT_0584,PERSONNE MORALE,COMPAGNIE_01,POLICE_00821,0,AUTOMOBILE,MONO AUTO,AFFAIRE NOUVELLE,2025-01-08,2026-01-07,2025-01-18,2025-01-18,2025-01-18,2025-02-27,266400,103000,32600,4900,303900,15,40000,0,0,2025,2025-01,40.0,DATE DE PAIEMENT RENSEIGNEE,OK,1,2025Q1,364.0,40.0,False,False,False,True
OP_01181,CLIENT_0593,PERSONNE MORALE,COMPAGNIE_02,POLICE_00840,0,ASSURANCE SANTE,ASSURANCE MALADIE GROUPE,AFFAIRE NOUVELLE,2025-01-13,2026-01-12,2025-01-18,2025-01-18,2025-01-18,2025-02-05,14212400,0,0,500300,14712700,10,1421200,0,0,2025,2025-01,18.0,DATE DE PAIEMENT RENSEIGNEE,OK,1,2025Q1,364.0,18.0,False,False,False,True
OP_01182,CLIENT_0599,PERSONNE PHYSIQUE,COMPAGNIE_03,POLICE_00851,0,AUTOMOBILE,MONO AUTO,AFFAIRE NOUVELLE,2025-01-17,2026-01-16,2025-01-18,2025-01-18,2025-01-18,,136600,52200,14100,4400,155100,15,20500,0,0,2025,2025-01,,DATE DE PAIEMENT NON RENSEIGNEE,OK,1,2025Q1,364.0,,False,False,False,False
OP_01183,CLIENT_0600,PERSONNE PHYSIQUE,COMPAGNIE_04,POLICE_00854,0,AUTOMOBILE,MONO MOTO,AFFAIRE NOUVELLE,2025-01-18,2026-01-17,2025-01-18,2025-01-18,2025-01-18,,11200,8800,1400,3200,15800,15,1700,0,0,2025,2025-01,,DATE DE PAIEMENT NON RENSEIGNEE,OK,1,2025Q1,364.0,,False,False,False,False
OP_01184,CLIENT_0008,PERSONNE PHYSIQUE,COMPAGNIE_03,POLICE_00008,4,AUTOMOBILE,FLOTTE AUTOMOBILE,RENOUVELLEMENT,2025-01-19,2026-01-18,2025-01-19,2025-01-19,2025-01-19,,113000,111800,14100,4400,131500,15,17000,0,0,2025,2025-01,,DATE DE PAIEMENT NON RENSEIGNEE,OK,1,2025Q1,364.0,,False,False,False,False
OP_01185,CLIENT_0279,PERSONNE PHYSIQUE,COMPAGNIE_08,POLICE_00340,0,RETRAITE COMPLEMENTAIRE,ASSURANCE DE PERSONNES,RÉGULARISATION,2024-05-15,2032-05-14,2025-01-19,2025-01-18,2025-01-19,,4800,0,0,0,4800,10,500,0,0,2025,2025-01,,DATE DE PAIEMENT NON RENSEIGNEE,OK,1,2025Q1,2921.0,,False,False,False,False
OP_01186,CLIENT_0581,PERSONNE PHYSIQUE,COMPAGNIE_04,POLICE_00816,4,AUTOMOBILE,MONO AUTO,RENOUVELLEMENT,2025-01-16,2025-04-15,2025-01-19,2025-01-19,2025-01-19,,13000,12600,1800,5300,20100,15,2000,0,0,2025,2025-01,,DATE DE PAIEMENT NON RENSEIGNEE,OK,1,2025Q1,89.0,,False,False,False,False
OP_01187,CLIENT_0007,PERSONNE PHYSIQUE,COMPAGNIE_03,POLICE_00007,4,AUTOMOBILE,MONO AUTO,RENOUVELLEMENT,2025-01-19,2025-07-18,2025-01-20,2025-01-20,2025-01-20,,27500,27100,2900,1600,32000,15,4100,0,0,2025,2025-01,,DATE DE PAIEMENT NON RENSEIGNEE,OK,1,2025Q1,180.0,,False,False,False,False
OP_01188,CLIENT_0059,PERSONNE PHYSIQUE,COMPAGNIE_04,POLICE_00535,2,AUTOMOBILE,MONO AUTO,RENOUVELLEMENT,2025-01-22,2025-04-20,2025-01-20,2025-01-20,2025-01-20,,120600,119900,14800,3100,138500,15,18100,0,0,2025,2025-01,,DATE DE PAIEMENT NON RENSEIGNEE,OK,1,2025Q1,88.0,,False,False,False,False
OP_01189,CLIENT_0060,PERSONNE MORALE,COMPAGNIE_07,POLICE_00060,2,AUTOMOBILE,FLOTTE MOTO,RENOUVELLEMENT,2025-02-09,2026-02-08,2025-01-20,2025-02-20,2025-02-20,2025-03-18,1675600,0,169200,16400,1861200,15,251300,0,0,2025,2025-01,26.0,DATE DE PAIEMENT RENSEIGNEE,OK,1,2025Q1,364.0,26.0,False,False,False,True
OP_01190,CLIENT_0060,PERSONNE MORALE,COMPAGNIE_07,POLICE_00097,2,AUTOMOBILE,FLOTTE AUTOMOBILE,RENOUVELLEMENT,2025-02-09,2026-02-08,2025-01-20,2025-02-20,2025-02-20,2025-03-18,9781700,0,1177100,27400,10986100,15,1467200,0,0,2025,2025-01,26.0,DATE DE PAIEMENT RENSEIGNEE,OK,1,2025Q1,364.0,26.0,False,False,False,True
OP_01191,CLIENT_0083,PERSONNE PHYSIQUE,COMPAGNIE_01,POLICE_00825,1,AUTOMOBILE,MONO AUTO,AFFAIRE NOUVELLE,2025-01-18,2025-04-17,2025-01-20,2025-01-18,2025-01-20,2025-02-28,10200,9400,1200,1700,13100,15,1500,0,0,2025,2025-01,39.0,DATE DE PAIEMENT RENSEIGNEE,OK,1,2025Q1,89.0,39.0,False,False,False,True
OP_01192,CLIENT_0512,PERSONNE PHYSIQUE,COMPAGNIE_03,POLICE_00684,1,AUTOMOBILE,MONO AUTO,RENOUVELLEMENT,2025-01-17,2025-04-18,2025-01-20,2025-01-20,2025-01-20,,12900,12700,1800,5500,20300,15,1900,0,0,2025,2025-01,,DATE DE PAIEMENT NON RENSEIGNEE,OK,1,2025Q1,91.0,,False,False,False,False
OP_01193,CLIENT_0515,PERSONNE MORALE,COMPAGNIE_03,POLICE_00688,1,AUTOMOBILE,MONO AUTO,RENOUVELLEMENT,2025-01-21,2025-04-20,2025-01-21,2025-01-21,2025-01-21,,13100,0,1800,4700,19600,15,2000,0,0,2025,2025-01,,DATE DE PAIEMENT NON RENSEIGNEE,OK,1,2025Q1,89.0,,False,False,False,False
OP_01194,CLIENT_0602,PERSONNE PHYSIQUE,COMPAGNIE_03,POLICE_00856,1,AUTOMOBILE,MONO AUTO,AFFAIRE NOUVELLE,2025-01-17,2025-04-16,2025-01-21,2025-01-17,2025-01-21,,13400,13200,1700,3600,18800,15,2000,0,0,2025,2025-01,,DATE DE PAIEMENT NON RENSEIGNEE,OK,1,2025Q1,89.0,,False,False,False,False
OP_01195,CLIENT_0047,PERSONNE PHYSIQUE,COMPAGNIE_04,POLICE_00047,5,AUTOMOBILE,MONO AUTO,RENOUVELLEMENT,2025-02-01,2026-01-31,2025-01-22,2025-01-22,2025-01-22,,83000,81500,8700,3900,95600,15,12400,0,0,2025,2025-01,,DATE DE PAIEMENT NON RENSEIGNEE,OK,1,2025Q1,364.0,,False,False,False,False
OP_01196,CLIENT_0250,PERSONNE PHYSIQUE,COMPAGNIE_03,POLICE_00827,0,AUTOMOBILE,MONO AUTO,RENOUVELLEMENT,2025-01-22,2025-01-22,2025-01-22,2025-01-22,2025-01-22,2025-01-22,134000,0,4600,10600,149100,15,20100,0,0,2025,2025-01,0.0,DATE DE PAIEMENT RENSEIGNEE,OK,1,2025Q1,0.0,0.0,False,False,False,True
OP_01197,CLIENT_0595,PERSONNE PHYSIQUE,COMPAGNIE_03,POLICE_00847,0,AUTOMOBILE,MONO AUTO,AFFAIRE NOUVELLE,2025-01-22,2026-01-21,2025-01-22,2025-01-22,2025-01-22,,135300,51400,14000,4300,153500,15,20300,0,0,2025,2025-01,,DATE DE PAIEMENT NON RENSEIGNEE,OK,1,2025Q1,364.0,,False,False,False,False
OP_01198,CLIENT_0089,PERSONNE PHYSIQUE,COMPAGNIE_04,POLICE_00096,2,AUTOMOBILE,MONO AUTO,RENOUVELLEMENT,2025-01-25,2026-01-24,2025-01-23,2025-01-22,2025-01-23,,9700,7500,1200,2700,13600,15,1400,0,0,2025,2025-01,,DATE DE PAIEMENT NON RENSEIGNEE,OK,1,2025Q1,364.0,,False,False,False,False
OP_01199,CLIENT_0199,PERSONNE MORALE,COMPAGNIE_09,POLICE_00860,0,AUTOMOBILE,MONO AUTO,AFFAIRE NOUVELLE,2025-01-22,2025-04-23,2025-01-23,2025-01-23,2025-01-23,2025-03-04,36400,45400,4700,2700,43900,15,5500,0,0,2025,2025-01,40.0,DATE DE PAIEMENT RENSEIGNEE,OK,1,2025Q1,91.0,40.0,False,False,False,True
OP_01200,CLIENT_0080,PERSONNE PHYSIQUE,COMPAGNIE_04,POLICE_00085,2,AUTOMOBILE,MONO AUTO,RENOUVELLEMENT,2025-01-22,2026-01-21,2025-01-24,2025-01-20,2025-01-24,,49400,43000,5200,2900,57600,15,7400,0,0,2025,2025-01,,DATE DE PAIEMENT NON RENSEIGNEE,OK,1,2025Q1,364.0,,False,False,False,False
OP_01201,CLIENT_0039,PERSONNE MORALE,COMPAGNIE_02,POLICE_00106,2,AUTOMOBILE,MONO AUTO,RENOUVELLEMENT,2025-01-29,2026-01-28,2025-01-25,2025-05-17,2025-05-18,2025-06-03,396900,50500,40000,3100,440100,15,59500,0,0,2025,2025-01,16.0,DATE DE PAIEMENT RENSEIGNEE,OK,1,2025Q1,364.0,16.0,False,False,False,True
OP_01202,CLIENT_0105,PERSONNE PHYSIQUE,COMPAGNIE_03,POLICE_00116,1,AUTOMOBILE,MONO AUTO,RENOUVELLEMENT,2025-02-06,2026-02-05,2025-01-25,2025-01-25,2025-01-25,,64900,64000,7100,5700,77700,15,9700,0,0,2025,2025-01,,DATE DE PAIEMENT NON RENSEIGNEE,OK,1,2025Q1,364.0,,False,False,False,False
OP_01203,CLIENT_0587,PERSONNE PHYSIQUE,COMPAGNIE_01,POLICE_00830,1,AUTOMOBILE,MONO AUTO,AFFAIRE NOUVELLE,2025-01-25,2026-01-24,2025-01-26,2025-01-26,2025-01-26,2025-03-02,41500,40500,4700,5100,51300,15,6200,0,0,2025,2025-01,35.0,DATE DE PAIEMENT RENSEIGNEE,OK,1,2025Q1,364.0,35.0,False,False,False,True
OP_01204,CLIENT_0590,PERSONNE PHYSIQUE,COMPAGNIE_04,POLICE_00836,0,AUTOMOBILE,MONO AUTO,AFFAIRE NOUVELLE,2025-01-26,2025-04-25,2025-01-26,2025-01-26,2025-01-26,,21200,20800,2500,3300,27000,15,3200,0,0,2025,2025-01,,DATE DE PAIEMENT NON RENSEIGNEE,OK,1,2025Q1,89.0,,False,False,False,False
OP_01205,CLIENT_0012,PERSONNE PHYSIQUE,COMPAGNIE_04,POLICE_00012,7,AUTOMOBILE,MONO AUTO,RENOUVELLEMENT,2025-01-26,2025-07-28,2025-01-27,2025-01-26,2025-01-27,,26800,26200,2900,2100,31900,15,4000,0,0,2025,2025-01,,DATE DE PAIEMENT NON RENSEIGNEE,OK,1,2025Q1,183.0,,False,False,False,False
OP_01206,CLIENT_0031,PERSONNE PHYSIQUE,COMPAGNIE_03,POLICE_00031,5,AUTOMOBILE,MONO AUTO,RENOUVELLEMENT,2025-01-27,2025-07-29,2025-01-27,2025-01-26,2025-01-27,,59900,59300,7300,900,68200,15,9000,0,0,2025,2025-01,,DATE DE PAIEMENT NON RENSEIGNEE,OK,1,2025Q1,183.0,,False,False,False,False
OP_01207,CLIENT_0058,PERSONNE PHYSIQUE,COMPAGNIE_02,POLICE_00058,3,AUTOMOBILE,MONO AUTO,RENOUVELLEMENT,2024-12-15,2025-06-15,2025-01-27,2025-01-27,2025-01-27,2025-01-27,128900,0,11200,5000,145100,15,19300,0,0,2025,2025-01,0.0,DATE DE PAIEMENT RENSEIGNEE,OK,1,2025Q1,182.0,0.0,False,False,False,True
OP_01208,CLIENT_0598,PERSONNE PHYSIQUE,COMPAGNIE_03,POLICE_00850,0,AUTOMOBILE,MONO AUTO,AFFAIRE NOUVELLE,2025-01-16,2025-01-17,2025-01-27,2025-01-27,2025-01-27,,9000,8800,1300,4400,14700,15,1300,0,0,2025,2025-01,,DATE DE PAIEMENT NON RENSEIGNEE,OK,1,2025Q1,1.0,,False,False,False,False
OP_01209,CLIENT_0074,PERSONNE PHYSIQUE,COMPAGNIE_04,POLICE_00079,14,AUTOMOBILE,MONO AUTO,RENOUVELLEMENT,2025-01-28,2025-04-26,2025-01-28,2025-01-27,2025-01-28,2025-06-14,10500,0,1200,1900,13700,15,1600,0,0,2025,2025-01,137.0,DATE DE PAIEMENT RENSEIGNEE,OK,1,2025Q1,88.0,137.0,False,False,False,True
OP_01210,CLIENT_0096,PERSONNE PHYSIQUE,COMPAGNIE_03,POLICE_00104,1,AUTOMOBILE,MONO AUTO,AFFAIRE NOUVELLE,2025-01-31,2026-01-30,2025-01-28,2025-01-28,2025-01-28,,66100,65500,7000,4300,77500,15,9900,0,0,2025,2025-01,,DATE DE PAIEMENT NON RENSEIGNEE,OK,1,2025Q1,364.0,,False,False,False,False
OP_01211,CLIENT_0594,PERSONNE PHYSIQUE,COMPAGNIE_04,POLICE_00845,0,AUTOMOBILE,MONO AUTO,AFFAIRE NOUVELLE,2025-01-28,2026-01-27,2025-01-29,2025-01-29,2025-01-29,,62900,0,6600,2900,72400,15,9400,0,0,2025,2025-01,,DATE DE PAIEMENT NON RENSEIGNEE,OK,1,2025Q1,364.0,,False,False,False,False
OP_01212,CLIENT_0601,PERSONNE PHYSIQUE,COMPAGNIE_03,POLICE_00855,1,AUTOMOBILE,MONO AUTO,AFFAIRE NOUVELLE,2025-02-01,2025-05-01,2025-01-29,2025-01-26,2025-01-29,,19200,19000,2300,3700,25300,15,2900,0,0,2025,2025-01,,DATE DE PAIEMENT NON RENSEIGNEE,OK,1,2025Q1,89.0,,False,False,False,False
OP_01213,CLIENT_0604,PERSONNE PHYSIQUE,COMPAGNIE_03,POLICE_00859,0,AUTOMOBILE,MONO AUTO,AFFAIRE NOUVELLE,2025-01-28,2025-04-27,2025-01-29,2025-01-28,2025-01-29,,9900,9700,1500,4800,16200,15,1500,0,0,2025,2025-01,,DATE DE PAIEMENT NON RENSEIGNEE,OK,1,2025Q1,89.0,,False,False,False,False
OP_01214,CLIENT_0153,PERSONNE PHYSIQUE,COMPAGNIE_06,POLICE_00179,4,AUTOMOBILE,MONO AUTO,RENOUVELLEMENT,2025-02-02,2026-02-01,2025-01-30,2025-02-01,2025-02-01,,241300,54100,24600,4900,270800,15,36200,0,0,2025,2025-01,,DATE DE PAIEMENT NON RENSEIGNEE,OK,1,2025Q1,364.0,,False,False,False,False
OP_01215,CLIENT_0609,PERSONNE PHYSIQUE,COMPAGNIE_02,POLICE_00865,0,TRAVEL ASSURANCE,0,AFFAIRE NOUVELLE,2025-05-07,2025-07-06,2025-01-30,2025-01-30,2025-01-30,2025-03-05,18900,0,2300,0,21200,10,1900,0,0,2025,2025-01,34.0,DATE DE PAIEMENT RENSEIGNEE,OK,1,2025Q1,60.0,34.0,False,False,False,True
OP_01216,CLIENT_0054,PERSONNE PHYSIQUE,COMPAGNIE_02,POLICE_00843,0,AUTOMOBILE,MONO AUTO,AFFAIRE NOUVELLE,2025-04-23,2025-04-29,2025-01-31,2025-01-31,2025-01-31,2025-02-16,12000,0,1400,0,13500,10,1200,0,0,2025,2025-01,16.0,DATE DE PAIEMENT RENSEIGNEE,OK,1,2025Q1,6.0,16.0,False,False,False,True
OP_01217,CLIENT_0233,PERSONNE PHYSIQUE,COMPAGNIE_02,POLICE_00283,10,AUTOMOBILE,MONO AUTO,RENOUVELLEMENT,2025-01-31,2025-07-30,2025-01-31,2025-01-31,2025-01-31,2025-03-03,81200,32000,8400,3200,92800,15,12200,0,0,2025,2025-01,31.0,DATE DE PAIEMENT RENSEIGNEE,OK,1,2025Q1,180.0,31.0,False,False,False,True
OP_01218,CLIENT_0056,PERSONNE PHYSIQUE,COMPAGNIE_03,POLICE_00853,0,AUTOMOBILE,MONO AUTO,RENOUVELLEMENT,2025-02-02,2026-02-01,2025-02-01,2025-02-01,2025-02-01,,58900,58000,6400,5200,70500,15,8800,0,0,2025,2025-02,,DATE DE PAIEMENT NON RENSEIGNEE,OK,2,2025Q1,364.0,,False,False,False,False
OP_01219,CLIENT_0411,PERSONNE PHYSIQUE,COMPAGNIE_04,POLICE_00092,11,AUTOMOBILE,MONO AUTO,RENOUVELLEMENT,2025-02-03,2025-08-02,2025-02-01,2025-02-01,2025-02-01,2025-09-12,25300,22000,2700,2000,30100,15,3800,0,0,2025,2025-02,223.0,DATE DE PAIEMENT RENSEIGNEE,OK,2,2025Q1,180.0,223.0,False,False,False,True
OP_01220,CLIENT_0005,PERSONNE PHYSIQUE,COMPAGNIE_03,POLICE_00005,3,AUTOMOBILE,MONO AUTO,RENOUVELLEMENT,2025-02-02,2026-02-01,2025-02-02,2025-02-02,2025-02-02,,51600,50700,5500,3300,60400,15,7700,0,0,2025,2025-02,,DATE DE PAIEMENT NON RENSEIGNEE,OK,2,2025Q1,364.0,,False,False,False,False
OP_01221,CLIENT_0019,PERSONNE MORALE,COMPAGNIE_09,POLICE_00842,0,AUTOMOBILE,MONO AUTO,AFFAIRE NOUVELLE,2025-02-02,2026-02-01,2025-02-02,2025-02-02,2025-02-02,,97300,0,10000,2300,109600,15,14600,0,0,2025,2025-02,,DATE DE PAIEMENT NON RENSEIGNEE,OK,2,2025Q1,364.0,,False,False,False,False
OP_01222,CLIENT_0050,PERSONNE MORALE,COMPAGNIE_06,POLICE_00050,137,AUTOMOBILE,FLOTTE AUTOMOBILE,INCORPORATION,2025-01-30,2026-01-06,2025-02-02,2025-10-12,2025-10-13,2025-11-18,54700,52300,5600,1100,61400,15,8200,0,0,2025,2025-02,36.0,DATE DE PAIEMENT RENSEIGNEE,OK,2,2025Q1,341.0,36.0,False,False,False,True
OP_01223,CLIENT_0050,PERSONNE MORALE,COMPAGNIE_06,POLICE_00050,138,AUTOMOBILE,FLOTTE AUTOMOBILE,INCORPORATION,2025-01-30,2026-01-06,2025-02-02,2025-01-30,2025-02-02,,36400,0,3800,1100,41300,15,5500,0,0,2025,2025-02,,DATE DE PAIEMENT NON RENSEIGNEE,OK,2,2025Q1,341.0,,False,False,False,False
OP_01224,CLIENT_0050,PERSONNE MORALE,COMPAGNIE_06,POLICE_00050,139,AUTOMOBILE,FLOTTE AUTOMOBILE,INCORPORATION,2025-01-31,2026-01-06,2025-02-02,2025-10-12,2025-10-13,2025-11-18,29900,28100,3100,900,33900,15,4500,0,0,2025,2025-02,36.0,DATE DE PAIEMENT RENSEIGNEE,OK,2,2025Q1,340.0,36.0,False,False,False,True
OP_01225,CLIENT_0052,PERSONNE PHYSIQUE,COMPAGNIE_02,POLICE_00138,2,AUTOMOBILE,MONO AUTO,AFFAIRE NOUVELLE,2024-08-11,2025-02-10,2025-02-02,2025-02-02,2025-02-02,,160300,0,16300,2800,179400,15,24000,0,0,2025,2025-02,,DATE DE PAIEMENT NON RENSEIGNEE,OK,2,2025Q1,183.0,,False,False,False,False
OP_01226,CLIENT_0092,PERSONNE PHYSIQUE,COMPAGNIE_01,POLICE_00100,3,AUTOMOBILE,MONO AUTO,RENOUVELLEMENT,2025-02-06,2026-02-05,2025-02-02,2025-02-02,2025-02-02,,47400,46200,5300,5700,58400,15,7100,0,0,2025,2025-02,,DATE DE PAIEMENT NON RENSEIGNEE,OK,2,2025Q1,364.0,,False,False,False,False
OP_01227,CLIENT_0591,PERSONNE PHYSIQUE,COMPAGNIE_09,POLICE_00838,0,AUTOMOBILE,MONO AUTO,RENOUVELLEMENT,2025-01-30,2026-01-29,2025-02-02,2025-04-10,2025-04-10,,176000,0,17900,2500,196400,15,26400,0,0,2025,2025-02,,DATE DE PAIEMENT NON RENSEIGNEE,OK,2,2025Q1,364.0,,False,False,False,False
OP_01228,CLIENT_0157,PERSONNE MORALE,COMPAGNIE_02,POLICE_00876,1,INDIVIDUELLE ACCIDENTS,0,AFFAIRE NOUVELLE,2025-02-03,2025-06-02,2025-02-03,2025-07-28,2025-07-28,2025-07-28,75400,0,9600,4700,89600,15,11300,0,0,2025,2025-02,0.0,DATE DE PAIEMENT RENSEIGNEE,OK,2,2025Q1,119.0,0.0,False,False,False,True
OP_01229,CLIENT_0157,PERSONNE MORALE,COMPAGNIE_07,POLICE_00877,1,TOUS RISQUES CHANTIER,DOMMAGES AUX BIENS,AFFAIRE NOUVELLE,2025-02-03,2025-06-02,2025-02-03,2025-07-25,2025-07-25,2025-07-25,345200,0,42700,10500,398300,15,51800,0,0,2025,2025-02,0.0,DATE DE PAIEMENT RENSEIGNEE,OK,2,2025Q1,119.0,0.0,False,False,False,True
OP_01230,CLIENT_0415,PERSONNE PHYSIQUE,COMPAGNIE_03,POLICE_00544,2,AUTOMOBILE,MONO AUTO,RENOUVELLEMENT,2025-02-14,2025-08-14,2025-02-03,2025-02-03,2025-02-03,,23000,22500,2400,1000,26400,15,3400,0,0,2025,2025-02,,DATE DE PAIEMENT NON RENSEIGNEE,OK,2,2025Q1,181.0,,False,False,False,False
OP_01231,CLIENT_0423,PERSONNE PHYSIQUE,COMPAGNIE_01,POLICE_00555,2,AUTOMOBILE,MONO AUTO,RENOUVELLEMENT,2025-01-31,2025-07-30,2025-02-03,2025-02-03,2025-02-03,,23600,21900,2500,1900,28000,15,3500,0,0,2025,2025-02,,DATE DE PAIEMENT NON RENSEIGNEE,OK,2,2025Q1,180.0,,False,False,False,False
OP_01232,CLIENT_0112,PERSONNE PHYSIQUE,COMPAGNIE_01,POLICE_00123,7,AUTOMOBILE,MONO AUTO,RENOUVELLEMENT,2025-02-16,2025-05-15,2025-02-04,2025-02-04,2025-02-04,2025-03-02,80000,25800,8500,5400,94000,15,12000,0,0,2025,2025-02,26.0,DATE DE PAIEMENT RENSEIGNEE,OK,2,2025Q1,88.0,26.0,False,False,False,True
OP_01233,CLIENT_0134,PERSONNE PHYSIQUE,COMPAGNIE_02,POLICE_00152,2,RC CHEF D'ENTREPRISE,RESPONSABILITE,RENOUVELLEMENT,2025-02-10,2026-02-09,2025-02-04,2025-05-01,2025-05-03,2025-05-31,511000,500700,61900,5100,578000,17,86900,0,0,2025,2025-02,28.0,DATE DE PAIEMENT RENSEIGNEE,OK,2,2025Q1,364.0,28.0,False,False,False,True
OP_01234,CLIENT_0085,PERSONNE MORALE,COMPAGNIE_01,POLICE_00869,3,AUTOMOBILE,MONO AUTO,RENOUVELLEMENT,2025-02-02,2025-08-01,2025-02-05,2025-02-02,2025-02-05,,35300,34700,4800,4400,44500,15,5300,0,0,2025,2025-02,,DATE DE PAIEMENT NON RENSEIGNEE,OK,2,2025Q1,180.0,,False,False,False,False
OP_01235,CLIENT_0240,PERSONNE PHYSIQUE,COMPAGNIE_01,POLICE_00525,2,AUTOMOBILE,FLOTTE AUTOMOBILE,INCORPORATION,2025-02-01,2025-07-19,2025-02-05,2025-02-02,2025-02-05,,74600,66500,7700,2200,84500,15,11200,0,0,2025,2025-02,,DATE DE PAIEMENT NON RENSEIGNEE,OK,2,2025Q1,168.0,,False,False,False,False
OP_01236,CLIENT_0050,PERSONNE MORALE,COMPAGNIE_06,POLICE_00050,140,AUTOMOBILE,FLOTTE AUTOMOBILE,INCORPORATION,2025-02-05,2026-01-06,2025-02-06,2025-06-26,2025-06-30,2026-01-18,33500,31500,3500,900,37900,0,5000,0,0,2025,2025-02,202.0,DATE DE PAIEMENT RENSEIGNEE,OK,2,2025Q1,335.0,202.0,False,False,False,True
OP_01237,CLIENT_0050,PERSONNE MORALE,COMPAGNIE_06,POLICE_00050,141,AUTOMOBILE,FLOTTE AUTOMOBILE,INCORPORATION,2025-02-05,2026-01-06,2025-02-06,2025-03-30,2025-03-30,,40600,0,4200,1100,46000,15,6100,0,0,2025,2025-02,,DATE DE PAIEMENT NON RENSEIGNEE,OK,2,2025Q1,335.0,,False,False,False,False
OP_01238,CLIENT_0063,PERSONNE PHYSIQUE,COMPAGNIE_01,POLICE_00063,2,AUTOMOBILE,MONO AUTO,RENOUVELLEMENT,2025-02-05,2026-02-04,2025-02-06,2025-02-05,2025-02-06,,44300,43400,4900,4700,53900,15,6600,0,0,2025,2025-02,,DATE DE PAIEMENT NON RENSEIGNEE,OK,2,2025Q1,364.0,,False,False,False,False
OP_01239,CLIENT_0611,PERSONNE PHYSIQUE,COMPAGNIE_04,POLICE_00870,0,AUTOMOBILE,MONO AUTO,AFFAIRE NOUVELLE,2025-02-03,2025-05-02,2025-02-06,2025-02-03,2025-02-06,2025-06-20,15400,13900,1700,1100,18200,15,2300,0,0,2025,2025-02,134.0,DATE DE PAIEMENT RENSEIGNEE,OK,2,2025Q1,88.0,134.0,False,False,False,True
OP_01240,CLIENT_0615,PERSONNE PHYSIQUE,COMPAGNIE_09,POLICE_00875,0,AUTOMOBILE,MONO AUTO,AFFAIRE NOUVELLE,2025-02-07,2025-05-09,2025-02-06,2025-05-11,2025-05-11,,46900,16600,5000,2800,54700,15,7000,0,0,2025,2025-02,,DATE DE PAIEMENT NON RENSEIGNEE,OK,2,2025Q1,91.0,,False,False,False,False
OP_01241,CLIENT_0352,PERSONNE PHYSIQUE,COMPAGNIE_03,POLICE_00520,2,AUTOMOBILE,MONO AUTO,RENOUVELLEMENT,2025-02-07,2026-02-06,2025-02-08,2025-02-07,2025-02-08,,54400,53600,5900,4700,65100,15,8200,0,0,2025,2025-02,,DATE DE PAIEMENT NON RENSEIGNEE,OK,2,2025Q1,364.0,,False,False,False,False
OP_01242,CLIENT_0444,PERSONNE MORALE,COMPAGNIE_01,POLICE_00880,1,AUTOMOBILE,MONO AUTO,AFFAIRE NOUVELLE,2025-02-08,2026-02-07,2025-02-08,2025-02-20,2025-02-20,,693200,59600,69800,5000,768100,15,104000,0,0,2025,2025-02,,DATE DE PAIEMENT NON RENSEIGNEE,OK,2,2025Q1,364.0,,False,False,False,False
OP_01243,CLIENT_0597,PERSONNE PHYSIQUE,COMPAGNIE_01,POLICE_00849,1,AUTOMOBILE,MONO AUTO,AFFAIRE NOUVELLE,2025-02-08,2026-02-07,2025-02-08,2025-02-08,2025-02-08,2025-03-02,59200,56100,7700,5200,72100,15,8900,0,0,2025,2025-02,22.0,DATE DE PAIEMENT RENSEIGNEE,OK,2,2025Q1,364.0,22.0,False,False,False,True
OP_01244,CLIENT_0596,PERSONNE PHYSIQUE,COMPAGNIE_03,POLICE_00848,0,AUTOMOBILE,MONO AUTO,AFFAIRE NOUVELLE,2025-02-09,2025-08-09,2025-02-09,2025-02-09,2025-02-09,,18300,18000,2300,4500,25100,15,2800,0,0,2025,2025-02,,DATE DE PAIEMENT NON RENSEIGNEE,OK,2,2025Q1,181.0,,False,False,False,False
OP_01245,CLIENT_0050,PERSONNE MORALE,COMPAGNIE_06,POLICE_00050,142,AUTOMOBILE,FLOTTE AUTOMOBILE,INCORPORATION,2025-02-09,2026-01-06,2025-02-10,2025-02-10,2025-02-10,,34000,0,3500,1000,38400,15,5100,0,0,2025,2025-02,,DATE DE PAIEMENT NON RENSEIGNEE,OK,2,2025Q1,331.0,,False,False,False,False
OP_01246,CLIENT_0297,PERSONNE PHYSIQUE,COMPAGNIE_03,POLICE_00361,7,AUTOMOBILE,MONO AUTO,RENOUVELLEMENT,2025-02-10,2025-05-12,2025-02-10,2025-02-09,2025-02-10,,13100,12600,1400,1100,15600,15,2000,0,0,2025,2025-02,,DATE DE PAIEMENT NON RENSEIGNEE,OK,2,2025Q1,91.0,,False,False,False,False
OP_01247,CLIENT_0050,PERSONNE MORALE,COMPAGNIE_06,POLICE_00050,143,AUTOMOBILE,FLOTTE AUTOMOBILE,INCORPORATION,2025-02-10,2026-01-06,2025-02-11,2025-02-11,2025-02-11,,30400,28400,3200,1000,34600,15,4600,0,0,2025,2025-02,,DATE DE PAIEMENT NON RENSEIGNEE,OK,2,2025Q1,330.0,,False,False,False,False
OP_01248,CLIENT_0093,PERSONNE PHYSIQUE,COMPAGNIE_01,POLICE_00101,6,AUTOMOBILE,MONO AUTO,RENOUVELLEMENT,2025-02-11,2025-08-10,2025-02-11,2025-02-11,2025-02-12,,31100,29200,3100,0,34200,15,4700,0,0,2025,2025-02,,DATE DE PAIEMENT NON RENSEIGNEE,OK,2,2025Q1,180.0,,False,False,False,False
OP_01249,CLIENT_0276,PERSONNE PHYSIQUE,COMPAGNIE_03,POLICE_00545,3,AUTOMOBILE,MONO AUTO,RENOUVELLEMENT,2025-02-12,2025-05-14,2025-02-11,2025-02-11,2025-02-11,,13300,13000,1400,1100,15800,15,2000,0,0,2025,2025-02,,DATE DE PAIEMENT NON RENSEIGNEE,OK,2,2025Q1,91.0,,False,False,False,False
OP_01250,CLIENT_0610,PERSONNE PHYSIQUE,COMPAGNIE_02,POLICE_00866,0,TRAVEL ASSURANCE,0,AFFAIRE NOUVELLE,2025-02-26,2025-03-02,2025-02-11,2025-02-11,2025-02-11,2025-03-14,6400,0,1400,5100,12900,10,600,0,0,2025,2025-02,31.0,DATE DE PAIEMENT RENSEIGNEE,OK,2,2025Q1,4.0,31.0,False,False,False,True
OP_01251,CLIENT_0136,PERSONNE PHYSIQUE,COMPAGNIE_02,POLICE_00155,4,AUTOMOBILE,MONO AUTO,RENOUVELLEMENT,2025-02-11,2026-02-10,2025-02-12,2025-02-11,2025-02-12,2025-02-27,50400,46000,5300,2600,58200,15,7600,0,0,2025,2025-02,15.0,DATE DE PAIEMENT RENSEIGNEE,OK,2,2025Q1,364.0,15.0,False,False,False,True
OP_01252,CLIENT_0240,PERSONNE PHYSIQUE,COMPAGNIE_01,POLICE_00525,3,AUTOMOBILE,FLOTTE AUTOMOBILE,INCORPORATION,2025-02-20,2025-07-19,2025-02-12,2025-02-12,2025-02-12,,147400,46100,14200,2800,164400,15,22100,0,0,2025,2025-02,,DATE DE PAIEMENT NON RENSEIGNEE,OK,2,2025Q1,149.0,,False,False,False,False
OP_01253,CLIENT_0613,PERSONNE PHYSIQUE,COMPAGNIE_02,POLICE_00873,0,TRAVEL ASSURANCE,0,AFFAIRE NOUVELLE,2025-07-01,2025-09-03,2025-02-13,2025-02-12,2025-02-13,2025-03-15,25200,0,3600,5100,33900,10,2500,0,0,2025,2025-02,30.0,DATE DE PAIEMENT RENSEIGNEE,OK,2,2025Q1,64.0,30.0,False,False,False,True
OP_01254,CLIENT_0525,PERSONNE PHYSIQUE,COMPAGNIE_01,POLICE_00126,0,RC CHEF D'ENTREPRISE,RESPONSABILITE,RENOUVELLEMENT,2025-02-13,2026-02-12,2025-02-14,2025-02-14,2025-02-14,,98500,0,12400,4900,115800,17,16700,0,0,2025,2025-02,,DATE DE PAIEMENT NON RENSEIGNEE,OK,2,2025Q1,364.0,,False,False,False,False
OP_01255,CLIENT_0608,PERSONNE PHYSIQUE,COMPAGNIE_02,POLICE_00864,0,TRAVEL ASSURANCE,0,AFFAIRE NOUVELLE,2025-05-22,2025-07-21,2025-02-14,2025-02-14,2025-02-14,2025-03-20,19800,0,2400,0,22100,10,2000,0,0,2025,2025-02,34.0,DATE DE PAIEMENT RENSEIGNEE,OK,2,2025Q1,60.0,34.0,False,False,False,True
OP_01256,CLIENT_0614,PERSONNE MORALE,COMPAGNIE_01,POLICE_00874,5,AUTOMOBILE,MONO AUTO,RENOUVELLEMENT,2025-02-15,2025-05-14,2025-02-14,2025-02-14,2025-02-14,,25000,24100,3600,5300,34000,15,3800,0,0,2025,2025-02,,DATE DE PAIEMENT NON RENSEIGNEE,OK,2,2025Q1,88.0,,False,False,False,False
OP_01257,CLIENT_0064,PERSONNE PHYSIQUE,COMPAGNIE_04,POLICE_00065,23,AUTOMOBILE,MONO AUTO,RENOUVELLEMENT,2025-02-17,2025-05-16,2025-02-15,2025-02-15,2025-02-15,2025-07-02,22000,21500,2500,3300,27700,15,3300,0,0,2025,2025-02,137.0,DATE DE PAIEMENT RENSEIGNEE,OK,2,2025Q1,88.0,137.0,False,False,False,True
OP_01258,CLIENT_0051,PERSONNE MORALE,COMPAGNIE_01,POLICE_00857,1,AUTOMOBILE,MONO AUTO,AFFAIRE NOUVELLE,2025-02-15,2026-02-14,2025-02-16,2025-09-13,2025-09-14,,173900,58700,17900,4900,196800,15,26100,0,0,2025,2025-02,,DATE DE PAIEMENT NON RENSEIGNEE,OK,2,2025Q1,364.0,,False,False,False,False
OP_01259,CLIENT_0111,PERSONNE MORALE,COMPAGNIE_06,POLICE_00122,71,AUTOMOBILE,FLOTTE AUTOMOBILE,INCORPORATION,2024-11-23,2025-02-10,2025-02-16,2025-02-16,2025-02-16,,22900,0,0,0,22900,15,3400,0,0,2025,2025-02,,DATE DE PAIEMENT NON RENSEIGNEE,OK,2,2025Q1,79.0,,False,False,False,False
OP_01260,CLIENT_0603,PERSONNE PHYSIQUE,COMPAGNIE_03,POLICE_00858,1,AUTOMOBILE,MONO AUTO,AFFAIRE NOUVELLE,2025-02-15,2025-08-14,2025-02-16,2025-02-15,2025-02-16,,21100,20700,2500,3600,27100,15,3200,0,0,2025,2025-02,,DATE DE PAIEMENT NON RENSEIGNEE,OK,2,2025Q1,180.0,,False,False,False,False
OP_01261,CLIENT_0099,PERSONNE PHYSIQUE,COMPAGNIE_01,POLICE_00109,2,AUTOMOBILE,FLOTTE AUTOMOBILE,INCORPORATION,2022-07-31,2023-02-13,2025-02-17,2025-02-17,2025-02-17,,377200,179700,38300,5500,420900,15,56600,0,0,2025,2025-02,,DATE DE PAIEMENT NON RENSEIGNEE,OK,2,2025Q1,197.0,,False,False,False,False
OP_01262,CLIENT_0099,PERSONNE PHYSIQUE,COMPAGNIE_08,POLICE_00872,0,ASSURANCE CREDIT BANCAIRE,0,AFFAIRE NOUVELLE,2025-02-17,2026-08-17,2025-02-17,2025-02-17,2025-02-17,,768400,0,0,1000,769400,10,76800,0,0,2025,2025-02,,DATE DE PAIEMENT NON RENSEIGNEE,OK,2,2025Q1,546.0,,False,False,False,False
OP_01263,CLIENT_0538,PERSONNE PHYSIQUE,COMPAGNIE_03,POLICE_00744,1,AUTOMOBILE,MONO AUTO,RENOUVELLEMENT,2025-02-16,2025-05-16,2025-02-17,2025-02-17,2025-02-17,,13400,13200,1500,1100,16000,15,2000,0,0,2025,2025-02,,DATE DE PAIEMENT NON RENSEIGNEE,OK,2,2025Q1,89.0,,False,False,False,False
OP_01264,CLIENT_0606,PERSONNE MORALE,COMPAGNIE_02,POLICE_00862,0,AUTOMOBILE,MONO AUTO,AFFAIRE NOUVELLE,2025-01-31,2026-01-30,2025-02-17,2025-01-31,2025-02-17,2025-02-17,36900,0,3900,2600,43400,15,5500,0,0,2025,2025-02,0.0,DATE DE PAIEMENT RENSEIGNEE,OK,2,2025Q1,364.0,0.0,False,False,False,True
OP_01265,CLIENT_0017,PERSONNE PHYSIQUE,COMPAGNIE_04,POLICE_00017,5,AUTOMOBILE,MONO AUTO,RENOUVELLEMENT,2025-03-14,2026-03-13,2025-02-18,2025-02-17,2025-02-18,2025-07-05,44700,43200,4900,4500,54100,15,6700,0,0,2025,2025-02,137.0,DATE DE PAIEMENT RENSEIGNEE,OK,2,2025Q1,364.0,137.0,False,False,False,True
OP_01266,CLIENT_0050,PERSONNE MORALE,COMPAGNIE_06,POLICE_00050,145,AUTOMOBILE,FLOTTE AUTOMOBILE,INCORPORATION,2025-02-18,2026-01-06,2025-02-19,2025-02-18,2025-02-19,,38500,36200,4000,1100,43600,15,5800,0,0,2025,2025-02,,DATE DE PAIEMENT NON RENSEIGNEE,OK,2,2025Q1,322.0,,False,False,False,False
OP_01267,CLIENT_0070,PERSONNE PHYSIQUE,COMPAGNIE_02,POLICE_00075,10,AUTOMOBILE,MONO AUTO,RENOUVELLEMENT,2025-02-17,2025-08-16,2025-02-19,2025-02-17,2025-02-19,2025-03-22,62600,25300,6300,0,68800,15,9400,0,0,2025,2025-02,31.0,DATE DE PAIEMENT RENSEIGNEE,OK,2,2025Q1,180.0,31.0,False,False,False,True
OP_01268,CLIENT_0022,PERSONNE PHYSIQUE,COMPAGNIE_02,POLICE_00022,6,AUTOMOBILE,MONO AUTO,RENOUVELLEMENT,2025-02-01,2026-01-31,2025-02-20,2025-02-01,2025-02-20,2025-02-20,143300,0,13500,3300,160100,15,21500,0,0,2025,2025-02,0.0,DATE DE PAIEMENT RENSEIGNEE,OK,2,2025Q1,364.0,0.0,False,False,False,True
OP_01269,CLIENT_0075,PERSONNE PHYSIQUE,COMPAGNIE_01,POLICE_00080,1,AUTOMOBILE,MONO AUTO,RENOUVELLEMENT,2025-02-20,2026-02-19,2025-02-20,2025-02-20,2025-02-20,,239600,65000,24500,5500,269600,15,35900,0,0,2025,2025-02,,DATE DE PAIEMENT NON RENSEIGNEE,OK,2,2025Q1,364.0,,False,False,False,False
OP_01270,CLIENT_0101,PERSONNE PHYSIQUE,COMPAGNIE_02,POLICE_00112,7,AUTOMOBILE,MONO AUTO,PROROGATION,2025-02-20,2025-08-22,2025-02-20,2025-02-19,2025-02-20,2025-03-25,73300,26500,7300,0,80600,15,11000,0,0,2025,2025-02,33.0,DATE DE PAIEMENT RENSEIGNEE,OK,2,2025Q1,183.0,33.0,False,False,False,True
OP_01271,CLIENT_0201,PERSONNE PHYSIQUE,COMPAGNIE_02,POLICE_00882,0,TRAVEL ASSURANCE,0,AFFAIRE NOUVELLE,2025-04-28,2025-05-22,2025-02-20,2025-02-20,2025-02-20,2025-03-07,19200,0,2300,0,21500,0,0,0,0,2025,2025-02,15.0,DATE DE PAIEMENT RENSEIGNEE,OK,2,2025Q1,24.0,15.0,False,False,False,True
OP_01272,CLIENT_0605,PERSONNE PHYSIQUE,COMPAGNIE_09,POLICE_00861,0,AUTOMOBILE,MONO AUTO,AFFAIRE NOUVELLE,2025-02-20,2026-02-19,2025-02-20,2025-02-21,2025-02-23,,231500,51100,23400,2200,257100,15,34700,0,0,2025,2025-02,,DATE DE PAIEMENT NON RENSEIGNEE,OK,2,2025Q1,364.0,,False,False,False,False
OP_01273,CLIENT_0148,PERSONNE PHYSIQUE,COMPAGNIE_01,POLICE_00883,1,AUTOMOBILE,MONO AUTO,AFFAIRE NOUVELLE,2025-02-21,2026-02-20,2025-02-21,2025-02-21,2025-02-21,2026-03-21,57200,56200,7500,5000,69600,15,8600,0,0,2025,2025-02,393.0,DATE DE PAIEMENT RENSEIGNEE,OK,2,2025Q1,364.0,393.0,False,False,False,True
OP_01274,CLIENT_0607,PERSONNE PHYSIQUE,COMPAGNIE_02,POLICE_00863,0,TRAVEL ASSURANCE,0,AFFAIRE NOUVELLE,2024-05-29,2025-07-28,2025-02-21,2025-02-21,2025-02-21,2025-03-27,26300,0,3200,0,29500,10,2600,0,0,2025,2025-02,34.0,DATE DE PAIEMENT RENSEIGNEE,OK,2,2025Q1,425.0,34.0,False,False,False,True
OP_01275,CLIENT_0618,PERSONNE PHYSIQUE,COMPAGNIE_01,POLICE_00887,1,AUTOMOBILE,MONO AUTO,AFFAIRE NOUVELLE,2025-02-25,2026-02-24,2025-02-21,2025-05-19,2025-05-21,,66700,0,7200,5500,79500,15,10000,0,0,2025,2025-02,,DATE DE PAIEMENT NON RENSEIGNEE,OK,2,2025Q1,364.0,,False,False,False,False
OP_01276,CLIENT_0085,PERSONNE MORALE,COMPAGNIE_01,POLICE_00111,9,AUTOMOBILE,MONO AUTO,RENOUVELLEMENT,2025-02-05,2025-08-04,2025-02-22,2025-08-07,2025-08-08,,64900,62600,8000,1900,74700,0,0,0,0,2025,2025-02,,DATE DE PAIEMENT NON RENSEIGNEE,OK,2,2025Q1,180.0,,False,False,False,False
OP_01277,CLIENT_0135,PERSONNE PHYSIQUE,COMPAGNIE_03,POLICE_00154,1,AUTOMOBILE,MONO AUTO,RENOUVELLEMENT,2025-02-25,2026-02-24,2025-02-22,2025-02-22,2025-02-22,,214200,82400,21900,4600,240600,15,32100,0,0,2025,2025-02,,DATE DE PAIEMENT NON RENSEIGNEE,OK,2,2025Q1,364.0,,False,False,False,False
OP_01278,CLIENT_0141,PERSONNE PHYSIQUE,COMPAGNIE_01,POLICE_00166,6,AUTOMOBILE,MONO AUTO,RENOUVELLEMENT,2025-02-25,2026-02-24,2025-02-22,2025-03-10,2025-03-10,,62100,61100,6700,5100,73900,15,9300,0,0,2025,2025-02,,DATE DE PAIEMENT NON RENSEIGNEE,OK,2,2025Q1,364.0,,False,False,False,False
OP_01279,CLIENT_0355,PERSONNE PHYSIQUE,COMPAGNIE_03,POLICE_00867,3,AUTOMOBILE,MONO AUTO,RENOUVELLEMENT,2025-02-22,2026-02-21,2025-02-22,2025-02-22,2025-02-22,,47100,46200,5300,5700,58100,15,7100,0,0,2025,2025-02,,DATE DE PAIEMENT NON RENSEIGNEE,OK,2,2025Q1,364.0,,False,False,False,False
OP_01280,CLIENT_0072,PERSONNE PHYSIQUE,COMPAGNIE_03,POLICE_00868,0,AUTOMOBILE,MONO AUTO,AFFAIRE NOUVELLE,2025-02-23,2026-02-22,2025-02-23,2025-02-23,2025-02-23,,172000,170400,21000,3400,196500,15,25800,0,0,2025,2025-02,,DATE DE PAIEMENT NON RENSEIGNEE,OK,2,2025Q1,364.0,,False,False,False,False
OP_01281,CLIENT_0620,PERSONNE PHYSIQUE,COMPAGNIE_03,POLICE_00896,0,AUTOMOBILE,MONO AUTO,AFFAIRE NOUVELLE,2025-03-01,2025-05-31,2025-02-23,2025-02-23,2025-02-23,,12200,12000,1700,5200,19200,15,1800,0,0,2025,2025-02,,DATE DE PAIEMENT NON RENSEIGNEE,OK,2,2025Q1,91.0,,False,False,False,False
OP_01282,CLIENT_0117,PERSONNE PHYSIQUE,COMPAGNIE_03,POLICE_00881,0,AUTOMOBILE,MONO AUTO,RENOUVELLEMENT,2025-02-24,2025-08-23,2025-02-24,2025-02-24,2025-02-24,,21700,21000,2700,5000,29400,15,3300,0,0,2025,2025-02,,DATE DE PAIEMENT NON RENSEIGNEE,OK,2,2025Q1,180.0,,False,False,False,False
OP_01283,CLIENT_0527,PERSONNE PHYSIQUE,COMPAGNIE_08,POLICE_00714,0,RETRAITE COMPLEMENTAIRE,ASSURANCE DE PERSONNES,RÉGULARISATION,2024-11-10,2046-11-09,2025-02-24,2025-02-21,2025-02-24,,4700,0,0,0,4700,10,500,0,0,2025,2025-02,,DATE DE PAIEMENT NON RENSEIGNEE,OK,2,2025Q1,8034.0,,False,False,False,False
OP_01284,CLIENT_0540,PERSONNE PHYSIQUE,COMPAGNIE_03,POLICE_00746,1,AUTOMOBILE,MONO AUTO,RENOUVELLEMENT,2025-02-25,2025-05-27,2025-02-24,2025-02-24,2025-02-24,,11100,10900,1200,1100,13400,0,0,0,0,2025,2025-02,,DATE DE PAIEMENT NON RENSEIGNEE,OK,2,2025Q1,91.0,,False,False,False,False
OP_01285,CLIENT_0618,PERSONNE PHYSIQUE,COMPAGNIE_09,POLICE_00889,0,AUTOMOBILE,MONO AUTO,AFFAIRE NOUVELLE,2025-02-28,2026-02-27,2025-02-24,2025-05-19,2025-05-20,2025-06-09,70200,86000,8700,2300,81100,15,10500,0,0,2025,2025-02,20.0,DATE DE PAIEMENT RENSEIGNEE,OK,2,2025Q1,364.0,20.0,False,False,False,True
OP_01286,CLIENT_0612,PERSONNE PHYSIQUE,COMPAGNIE_02,POLICE_00871,0,TRAVEL ASSURANCE,0,AFFAIRE NOUVELLE,2025-07-13,2025-09-15,2025-02-25,2025-02-25,2025-02-25,2025-03-27,28500,0,4100,5700,38400,10,2900,0,0,2025,2025-02,30.0,DATE DE PAIEMENT RENSEIGNEE,OK,2,2025Q1,64.0,30.0,False,False,False,True
OP_01287,CLIENT_0061,PERSONNE PHYSIQUE,COMPAGNIE_02,POLICE_00061,6,AUTOMOBILE,MONO AUTO,RENOUVELLEMENT,2025-02-26,2025-05-25,2025-02-26,2025-02-26,2025-02-26,2025-03-22,62400,20500,6600,3300,72400,15,9400,0,0,2025,2025-02,24.0,DATE DE PAIEMENT RENSEIGNEE,OK,2,2025Q1,88.0,24.0,False,False,False,True
OP_01288,CLIENT_0305,PERSONNE PHYSIQUE,COMPAGNIE_04,POLICE_00371,8,AUTOMOBILE,MONO AUTO,RENOUVELLEMENT,2025-02-27,2025-08-29,2025-02-27,2025-02-27,2025-02-27,,21800,21000,2700,4900,29400,15,3300,0,0,2025,2025-02,,DATE DE PAIEMENT NON RENSEIGNEE,OK,2,2025Q1,183.0,,False,False,False,False
OP_01289,CLIENT_0125,PERSONNE PHYSIQUE,COMPAGNIE_03,POLICE_00143,4,AUTOMOBILE,MONO AUTO,RENOUVELLEMENT,2025-03-01,2026-02-28,2025-02-28,2025-02-28,2025-02-28,,60200,59300,6600,5300,72100,15,9000,0,0,2025,2025-02,,DATE DE PAIEMENT NON RENSEIGNEE,OK,2,2025Q1,364.0,,False,False,False,False
OP_01290,CLIENT_0289,PERSONNE MORALE,COMPAGNIE_07,POLICE_00891,8,ASSURANCE SANTE,ASSURANCE MALADIE GROUPE,INCORPORATION,2024-12-12,2025-04-26,2025-02-28,2026-01-04,2026-01-04,,283100,0,0,16000,299100,10,28300,0,0,2025,2025-02,,DATE DE PAIEMENT NON RENSEIGNEE,OK,2,2025Q1,135.0,,False,False,False,False
OP_01291,CLIENT_0129,PERSONNE PHYSIQUE,COMPAGNIE_01,POLICE_00147,4,AUTOMOBILE,MONO AUTO,RENOUVELLEMENT,2025-03-02,2026-03-01,2025-03-01,2025-03-16,2025-03-16,,138100,67000,0,5600,143700,15,20700,0,0,2025,2025-03,,DATE DE PAIEMENT NON RENSEIGNEE,OK,3,2025Q1,364.0,,False,False,False,False
OP_01292,CLIENT_0194,PERSONNE PHYSIQUE,COMPAGNIE_01,POLICE_00767,3,AUTOMOBILE,MONO AUTO,RENOUVELLEMENT,2025-03-25,2025-06-24,2025-03-01,2025-05-07,2025-05-21,,39600,38800,4900,900,45400,15,5900,0,0,2025,2025-03,,DATE DE PAIEMENT NON RENSEIGNEE,OK,3,2025Q1,91.0,,False,False,False,False
OP_01293,CLIENT_0240,PERSONNE PHYSIQUE,COMPAGNIE_01,POLICE_00525,0,AUTOMOBILE,FLOTTE AUTOMOBILE,INCORPORATION,2025-02-28,2025-07-19,2025-03-01,2025-03-01,2025-03-01,,26600,36600,3500,2500,32600,15,4000,0,0,2025,2025-03,,DATE DE PAIEMENT NON RENSEIGNEE,OK,3,2025Q1,141.0,,False,False,False,False
OP_01294,CLIENT_0279,PERSONNE PHYSIQUE,COMPAGNIE_08,POLICE_00340,0,RETRAITE COMPLEMENTAIRE,ASSURANCE DE PERSONNES,RÉGULARISATION,2024-05-15,2032-05-14,2025-03-01,2025-02-26,2025-03-01,,5700,0,0,0,5700,10,600,0,0,2025,2025-03,,DATE DE PAIEMENT NON RENSEIGNEE,OK,3,2025Q1,2921.0,,False,False,False,False
OP_01295,CLIENT_0102,PERSONNE PHYSIQUE,COMPAGNIE_02,POLICE_00884,1,TRAVEL ASSURANCE,0,AFFAIRE NOUVELLE,2025-03-14,2025-06-13,2025-03-02,2025-01-31,2025-03-06,2025-03-16,22000,0,3200,4400,29600,0,0,0,0,2025,2025-03,10.0,DATE DE PAIEMENT RENSEIGNEE,OK,3,2025Q1,91.0,10.0,False,False,False,True
OP_01296,CLIENT_0188,PERSONNE PHYSIQUE,COMPAGNIE_02,POLICE_00225,4,AUTOMOBILE,MONO MOTO,RENOUVELLEMENT,2025-03-29,2025-09-28,2025-03-02,2025-03-02,2025-03-02,2025-03-18,29500,9000,3200,2600,35300,15,4400,0,0,2025,2025-03,16.0,DATE DE PAIEMENT RENSEIGNEE,OK,3,2025Q1,183.0,16.0,False,False,False,True
OP_01297,CLIENT_0616,PERSONNE PHYSIQUE,COMPAGNIE_02,POLICE_00879,0,TRAVEL ASSURANCE,0,AFFAIRE NOUVELLE,2025-03-08,2025-04-07,2025-03-02,2025-03-02,2025-03-02,2025-03-23,11500,0,1900,4400,17800,10,1200,0,0,2025,2025-03,21.0,DATE DE PAIEMENT RENSEIGNEE,OK,3,2025Q1,30.0,21.0,False,False,False,True
OP_01298,CLIENT_0043,PERSONNE MORALE,COMPAGNIE_03,POLICE_00897,1,ASSURANCE SANTE,ASSURANCE MALADIE GROUPE,INCORPORATION,2025-01-25,2026-01-24,2025-03-03,2025-08-06,2025-08-06,,958500,0,0,41300,999800,10,95800,0,0,2025,2025-03,,DATE DE PAIEMENT NON RENSEIGNEE,OK,3,2025Q1,364.0,,False,False,False,False
OP_01299,CLIENT_0043,PERSONNE MORALE,COMPAGNIE_03,POLICE_00897,2,ASSURANCE SANTE,ASSURANCE MALADIE GROUPE,INCORPORATION,2025-01-25,2026-01-24,2025-03-03,2025-08-06,2025-08-06,,389000,0,0,14000,403000,10,38900,0,0,2025,2025-03,,DATE DE PAIEMENT NON RENSEIGNEE,OK,3,2025Q1,364.0,,False,False,False,False
OP_01300,CLIENT_0043,PERSONNE MORALE,COMPAGNIE_03,POLICE_00897,3,ASSURANCE SANTE,ASSURANCE MALADIE GROUPE,INCORPORATION,2025-01-25,2026-01-24,2025-03-03,2025-08-06,2025-08-06,,364100,0,0,16800,380900,10,36400,0,0,2025,2025-03,,DATE DE PAIEMENT NON RENSEIGNEE,OK,3,2025Q1,364.0,,False,False,False,False
OP_01301,CLIENT_0043,PERSONNE MORALE,COMPAGNIE_03,POLICE_00897,4,ASSURANCE SANTE,ASSURANCE MALADIE GROUPE,INCORPORATION,2025-01-25,2026-01-24,2025-03-03,2025-08-06,2025-08-06,,200400,0,0,9300,209700,10,20000,0,0,2025,2025-03,,DATE DE PAIEMENT NON RENSEIGNEE,OK,3,2025Q1,364.0,,False,False,False,False
OP_01302,CLIENT_0145,PERSONNE PHYSIQUE,COMPAGNIE_04,POLICE_00170,5,AUTOMOBILE,MONO AUTO,RENOUVELLEMENT,2025-03-05,2026-03-04,2025-03-03,2025-03-03,2025-03-03,2025-06-29,53900,52100,5900,5500,65300,0,0,0,0,2025,2025-03,118.0,DATE DE PAIEMENT RENSEIGNEE,OK,3,2025Q1,364.0,118.0,False,False,False,True
OP_01303,CLIENT_0146,PERSONNE PHYSIQUE,COMPAGNIE_03,POLICE_00878,1,AUTOMOBILE,MONO AUTO,RENOUVELLEMENT,2025-02-28,2025-05-30,2025-03-03,2025-02-28,2025-03-03,,13700,13600,1800,4600,20100,15,2100,0,0,2025,2025-03,,DATE DE PAIEMENT NON RENSEIGNEE,OK,3,2025Q1,91.0,,False,False,False,False
OP_01304,CLIENT_0176,PERSONNE PHYSIQUE,COMPAGNIE_01,POLICE_00211,8,AUTOMOBILE,MONO AUTO,RENOUVELLEMENT,2025-03-04,2026-03-03,2025-03-03,2025-03-06,2025-03-06,,43500,40700,4900,5000,53400,15,6500,0,0,2025,2025-03,,DATE DE PAIEMENT NON RENSEIGNEE,OK,3,2025Q1,364.0,,False,False,False,False
OP_01305,CLIENT_0259,PERSONNE PHYSIQUE,COMPAGNIE_01,POLICE_00892,2,AUTOMOBILE,MONO AUTO,AFFAIRE NOUVELLE,2025-03-03,2025-06-02,2025-03-03,2025-03-04,2025-03-04,,12500,11900,1400,1000,14900,15,1900,0,0,2025,2025-03,,DATE DE PAIEMENT NON RENSEIGNEE,OK,3,2025Q1,91.0,,False,False,False,False
OP_01306,CLIENT_0259,PERSONNE PHYSIQUE,COMPAGNIE_01,POLICE_00892,3,AUTOMOBILE,MONO AUTO,PROROGATION,2025-06-03,2025-09-02,2025-03-03,2025-04-27,2026-02-23,,11200,10600,1200,900,13300,15,1700,0,0,2025,2025-03,,DATE DE PAIEMENT NON RENSEIGNEE,OK,3,2025Q1,91.0,,False,False,False,False
OP_01307,CLIENT_0156,PERSONNE PHYSIQUE,COMPAGNIE_03,POLICE_00183,3,AUTOMOBILE,MONO AUTO,RENOUVELLEMENT,2025-03-07,2025-09-06,2025-03-04,2025-03-03,2025-03-04,,21600,21300,2500,3300,27400,15,3200,0,0,2025,2025-03,,DATE DE PAIEMENT NON RENSEIGNEE,OK,3,2025Q1,183.0,,False,False,False,False
OP_01308,CLIENT_0621,PERSONNE MORALE,COMPAGNIE_01,POLICE_00898,1,AUTOMOBILE,MONO AUTO,AFFAIRE NOUVELLE,2025-03-03,2026-03-02,2025-03-04,2025-03-11,2025-03-11,2026-04-30,118900,115800,14900,5100,138900,15,17800,0,0,2025,2025-03,415.0,DATE DE PAIEMENT RENSEIGNEE,OK,3,2025Q1,364.0,415.0,False,False,False,True
OP_01309,CLIENT_0084,PERSONNE MORALE,COMPAGNIE_01,POLICE_00173,5,AUTOMOBILE,MONO AUTO,RENOUVELLEMENT,2025-03-05,2025-09-04,2025-03-05,2025-03-06,2025-03-06,,35200,34800,4800,4400,44300,15,5300,0,0,2025,2025-03,,DATE DE PAIEMENT NON RENSEIGNEE,OK,3,2025Q1,183.0,,False,False,False,False
OP_01310,CLIENT_0157,PERSONNE MORALE,COMPAGNIE_07,POLICE_00285,3,ASSURANCES TRANSPORTS,TERRESTRE,AFFAIRE NOUVELLE,2025-03-28,2026-03-27,2025-03-05,2025-07-25,2025-07-25,2025-07-25,447500,0,31300,9800,488600,15,67100,0,0,2025,2025-03,0.0,DATE DE PAIEMENT RENSEIGNEE,OK,3,2025Q1,364.0,0.0,False,False,False,True
OP_01311,CLIENT_0625,PERSONNE PHYSIQUE,COMPAGNIE_04,POLICE_00905,1,AUTOMOBILE,MONO AUTO,RENOUVELLEMENT,2021-06-16,,2025-03-05,2025-03-05,2025-03-05,2025-03-05,22200,0,0,0,22200,15,3300,0,0,2025,2025-03,0.0,DATE DE PAIEMENT RENSEIGNEE,OK,3,2025Q1,,0.0,False,False,False,True
OP_01312,CLIENT_0354,PERSONNE PHYSIQUE,COMPAGNIE_03,POLICE_00615,1,AUTOMOBILE,MONO AUTO,RENOUVELLEMENT,2025-03-05,2025-09-04,2025-03-06,2025-03-05,2025-03-06,,20400,20000,2100,1000,23600,15,3100,0,0,2025,2025-03,,DATE DE PAIEMENT NON RENSEIGNEE,OK,3,2025Q1,183.0,,False,False,False,False
OP_01313,CLIENT_0617,PERSONNE PHYSIQUE,COMPAGNIE_05,POLICE_00885,0,AUTOMOBILE,MONO AUTO,AFFAIRE NOUVELLE,2025-03-06,2025-06-02,2025-03-06,2025-03-06,2025-03-06,2025-11-21,12800,11600,1600,3500,17900,15,1900,0,0,2025,2025-03,260.0,DATE DE PAIEMENT RENSEIGNEE,OK,3,2025Q1,88.0,260.0,False,False,False,True
OP_01314,CLIENT_0461,PERSONNE PHYSIQUE,COMPAGNIE_03,POLICE_00609,3,AUTOMOBILE,MONO AUTO,RENOUVELLEMENT,2025-03-06,2025-06-05,2025-03-07,2025-03-06,2025-03-07,,9400,200,1400,4600,15300,15,1400,0,0,2025,2025-03,,DATE DE PAIEMENT NON RENSEIGNEE,OK,3,2025Q1,91.0,,False,False,False,False
OP_01315,CLIENT_0034,PERSONNE PHYSIQUE,COMPAGNIE_01,POLICE_00890,1,AUTOMOBILE,MONO AUTO,RENOUVELLEMENT,2025-03-08,2025-09-07,2025-03-08,2025-10-24,2025-10-24,,23400,22100,2900,5300,31500,15,3500,0,0,2025,2025-03,,DATE DE PAIEMENT NON RENSEIGNEE,OK,3,2025Q1,183.0,,False,False,False,False
OP_01316,CLIENT_0050,PERSONNE MORALE,COMPAGNIE_06,POLICE_00050,147,AUTOMOBILE,FLOTTE AUTOMOBILE,INCORPORATION,2025-02-03,2026-01-06,2025-03-09,2025-03-16,2025-03-16,,39800,0,4100,900,44800,15,6000,0,0,2025,2025-03,,DATE DE PAIEMENT NON RENSEIGNEE,OK,3,2025Q1,337.0,,False,False,False,False
OP_01317,CLIENT_0495,PERSONNE MORALE,COMPAGNIE_01,POLICE_00893,9,AUTOMOBILE,FLOTTE AUTOMOBILE,RETRAIT,2025-02-18,2025-10-07,2025-03-10,2025-03-10,2025-03-10,,-33000,0,-3300,0,-36300,15,-5000,0,0,2025,2025-03,,DATE DE PAIEMENT NON RENSEIGNEE,OK,3,2025Q1,231.0,,False,False,True,False
OP_01318,CLIENT_0177,PERSONNE PHYSIQUE,COMPAGNIE_01,POLICE_00212,5,AUTOMOBILE,MONO AUTO,RENOUVELLEMENT,2025-03-14,2025-06-13,2025-03-11,2025-03-11,2025-03-11,,12400,11900,1200,0,13700,15,1900,0,0,2025,2025-03,,DATE DE PAIEMENT NON RENSEIGNEE,OK,3,2025Q1,91.0,,False,False,False,False
OP_01319,CLIENT_0015,PERSONNE PHYSIQUE,COMPAGNIE_03,POLICE_00902,0,AUTOMOBILE,MONO AUTO,AFFAIRE NOUVELLE,2025-03-12,2025-09-11,2025-03-12,2025-03-12,2025-03-12,,31200,30700,3600,5100,39900,15,4700,0,0,2025,2025-03,,DATE DE PAIEMENT NON RENSEIGNEE,OK,3,2025Q1,183.0,,False,False,False,False
OP_01320,CLIENT_0130,PERSONNE PHYSIQUE,COMPAGNIE_01,POLICE_00588,2,AUTOMOBILE,MONO AUTO,PROROGATION,2025-03-12,2025-09-05,2025-03-12,2025-09-03,2025-09-03,,25200,24400,2500,0,27700,15,3800,0,0,2025,2025-03,,DATE DE PAIEMENT NON RENSEIGNEE,OK,3,2025Q1,177.0,,False,False,False,False
OP_01321,CLIENT_0072,PERSONNE PHYSIQUE,COMPAGNIE_01,POLICE_00886,1,AUTOMOBILE,MONO AUTO,AFFAIRE NOUVELLE,2025-03-12,2025-06-08,2025-03-13,2025-03-12,2025-03-13,,68000,26700,7200,4400,79700,15,10200,0,0,2025,2025-03,,DATE DE PAIEMENT NON RENSEIGNEE,OK,3,2025Q1,88.0,,False,False,False,False
OP_01322,CLIENT_0157,PERSONNE MORALE,COMPAGNIE_09,POLICE_00837,5,AUTOMOBILE,FLOTTE AUTOMOBILE,INCORPORATION,2025-03-14,2025-12-17,2025-03-14,2026-03-31,2026-03-31,2026-03-31,501600,231900,11200,4500,517300,15,75200,0,0,2025,2025-03,0.0,DATE DE PAIEMENT RENSEIGNEE,OK,3,2025Q1,278.0,0.0,False,False,False,True
OP_01323,CLIENT_0506,PERSONNE PHYSIQUE,COMPAGNIE_02,POLICE_00895,1,TRAVEL ASSURANCE,0,RENOUVELLEMENT,2025-03-15,2025-03-24,2025-03-14,2025-03-14,2025-03-14,2025-04-14,7400,0,1500,5300,14200,10,700,0,0,2025,2025-03,31.0,DATE DE PAIEMENT RENSEIGNEE,OK,3,2025Q1,9.0,31.0,False,False,False,True
OP_01324,CLIENT_0216,PERSONNE PHYSIQUE,COMPAGNIE_01,POLICE_00262,3,AUTOMOBILE,MONO AUTO,RENOUVELLEMENT,2025-03-23,2026-03-22,2025-03-15,2025-03-15,2025-03-15,,315500,58500,32000,4900,352400,15,47300,0,0,2025,2025-03,,DATE DE PAIEMENT NON RENSEIGNEE,OK,3,2025Q1,364.0,,False,False,False,False
OP_01325,CLIENT_0619,PERSONNE PHYSIQUE,COMPAGNIE_02,POLICE_00894,0,TRAVEL ASSURANCE,0,AFFAIRE NOUVELLE,2025-03-16,2025-03-25,2025-03-15,2025-03-15,2025-03-15,2025-04-15,5900,0,1200,4300,11400,10,600,0,0,2025,2025-03,31.0,DATE DE PAIEMENT RENSEIGNEE,OK,3,2025Q1,9.0,31.0,False,False,False,True
OP_01326,CLIENT_0624,PERSONNE PHYSIQUE,COMPAGNIE_01,POLICE_00903,1,AUTOMOBILE,MONO AUTO,AFFAIRE NOUVELLE,2025-03-15,2025-09-14,2025-03-15,2025-03-15,2025-03-15,,60600,60000,7900,4900,73300,15,9100,0,0,2025,2025-03,,DATE DE PAIEMENT NON RENSEIGNEE,OK,3,2025Q1,183.0,,False,False,False,False
OP_01327,CLIENT_0037,PERSONNE PHYSIQUE,COMPAGNIE_03,POLICE_00899,0,AUTOMOBILE,MONO AUTO,AFFAIRE NOUVELLE,2025-03-15,2026-03-14,2025-03-16,2025-03-15,2025-03-16,,252000,62800,25600,4400,282000,15,37800,0,0,2025,2025-03,,DATE DE PAIEMENT NON RENSEIGNEE,OK,3,2025Q1,364.0,,False,False,False,False
OP_01328,CLIENT_0170,PERSONNE PHYSIQUE,COMPAGNIE_03,POLICE_00201,3,AUTOMOBILE,MONO AUTO,PROROGATION,2025-03-17,2025-09-13,2025-03-16,2025-03-16,2025-03-16,,28800,28400,3000,1000,32800,15,4300,0,0,2025,2025-03,,DATE DE PAIEMENT NON RENSEIGNEE,OK,3,2025Q1,180.0,,False,False,False,False
OP_01329,CLIENT_0286,PERSONNE MORALE,COMPAGNIE_04,POLICE_00349,23,ASSURANCE SANTE,ASSURANCE MALADIE GROUPE,INCORPORATION,2025-03-03,2025-11-27,2025-03-16,2025-03-09,2025-03-16,,225700,0,0,9100,234700,10,22600,0,0,2025,2025-03,,DATE DE PAIEMENT NON RENSEIGNEE,OK,3,2025Q1,269.0,,False,False,False,False
OP_01330,CLIENT_0095,PERSONNE PHYSIQUE,COMPAGNIE_02,POLICE_00103,8,AUTOMOBILE,MONO AUTO,PROROGATION,2025-03-31,2025-09-30,2025-03-17,2025-03-16,2025-03-17,2025-04-12,79400,29300,7900,0,87400,15,11900,0,0,2025,2025-03,26.0,DATE DE PAIEMENT RENSEIGNEE,OK,3,2025Q1,183.0,26.0,False,False,False,True
OP_01331,CLIENT_0122,PERSONNE MORALE,COMPAGNIE_01,POLICE_00136,7,AUTOMOBILE,MONO AUTO,RENOUVELLEMENT,2025-03-14,2026-03-13,2025-03-17,2025-03-17,2025-03-24,,47800,44600,5300,5300,58400,15,7200,0,0,2025,2025-03,,DATE DE PAIEMENT NON RENSEIGNEE,OK,3,2025Q1,364.0,,False,False,False,False
OP_01332,CLIENT_0555,PERSONNE MORALE,COMPAGNIE_02,POLICE_00888,0,GLOBALE DOMMAGES,INCENDIE,AFFAIRE NOUVELLE,2025-03-10,2026-03-09,2025-03-17,2026-03-16,2026-03-16,2026-03-16,33731500,0,5724600,0,39456100,20,6746300,0,0,2025,2025-03,0.0,DATE DE PAIEMENT RENSEIGNEE,OK,3,2025Q1,364.0,0.0,False,False,False,True
OP_01333,CLIENT_0121,PERSONNE PHYSIQUE,COMPAGNIE_03,POLICE_00135,4,AUTOMOBILE,MONO AUTO,RENOUVELLEMENT,2025-03-17,2025-09-16,2025-03-18,2025-03-16,2025-03-18,,23500,23100,2800,4700,31000,15,3500,0,0,2025,2025-03,,DATE DE PAIEMENT NON RENSEIGNEE,OK,3,2025Q1,183.0,,False,False,False,False
OP_01334,CLIENT_0138,PERSONNE PHYSIQUE,COMPAGNIE_03,POLICE_00157,2,AUTOMOBILE,MONO AUTO,RENOUVELLEMENT,2025-03-17,2026-03-16,2025-03-18,2025-03-17,2025-03-18,,37000,36100,4000,2700,43600,15,5600,0,0,2025,2025-03,,DATE DE PAIEMENT NON RENSEIGNEE,OK,3,2025Q1,364.0,,False,False,False,False
OP_01335,CLIENT_0518,PERSONNE PHYSIQUE,COMPAGNIE_03,POLICE_00747,1,AUTOMOBILE,MONO AUTO,RENOUVELLEMENT,2025-03-16,2025-06-15,2025-03-18,2025-03-16,2025-03-18,,25700,25400,3500,3500,32700,15,3900,0,0,2025,2025-03,,DATE DE PAIEMENT NON RENSEIGNEE,OK,3,2025Q1,91.0,,False,False,False,False
OP_01336,CLIENT_0043,PERSONNE MORALE,COMPAGNIE_03,POLICE_00897,5,ASSURANCE SANTE,ASSURANCE MALADIE GROUPE,INCORPORATION,2025-01-25,2026-01-24,2025-03-19,2025-08-06,2025-08-06,,122100,0,0,5600,127700,10,12200,0,0,2025,2025-03,,DATE DE PAIEMENT NON RENSEIGNEE,OK,3,2025Q1,364.0,,False,False,False,False
OP_01337,CLIENT_0175,PERSONNE PHYSIQUE,COMPAGNIE_01,POLICE_00207,3,AUTOMOBILE,MONO AUTO,RENOUVELLEMENT,2025-03-21,2026-03-20,2025-03-19,2025-03-22,2025-03-22,,175100,58900,18000,5000,198000,15,26300,0,0,2025,2025-03,,DATE DE PAIEMENT NON RENSEIGNEE,OK,3,2025Q1,364.0,,False,False,False,False
OP_01338,CLIENT_0279,PERSONNE PHYSIQUE,COMPAGNIE_08,POLICE_00340,0,RETRAITE COMPLEMENTAIRE,ASSURANCE DE PERSONNES,RÉGULARISATION,2024-05-15,2032-05-14,2025-03-19,2025-03-19,2025-03-19,,4800,0,0,0,4800,10,500,0,0,2025,2025-03,,DATE DE PAIEMENT NON RENSEIGNEE,OK,3,2025Q1,2921.0,,False,False,False,False
OP_01339,CLIENT_0166,PERSONNE MORALE,COMPAGNIE_01,POLICE_00195,2,AUTOMOBILE,FLOTTE AUTOMOBILE,RENOUVELLEMENT,2025-03-20,2026-03-19,2025-03-21,2025-03-20,2025-03-21,,37200,35300,4200,4600,45900,15,5600,0,0,2025,2025-03,,DATE DE PAIEMENT NON RENSEIGNEE,OK,3,2025Q1,364.0,,False,False,False,False
OP_01340,CLIENT_0204,PERSONNE PHYSIQUE,COMPAGNIE_03,POLICE_00239,2,AUTOMOBILE,MONO AUTO,RENOUVELLEMENT,2025-03-23,2026-03-22,2025-03-21,2025-03-21,2025-03-21,,56300,55500,6100,4900,67300,15,8400,0,0,2025,2025-03,,DATE DE PAIEMENT NON RENSEIGNEE,OK,3,2025Q1,364.0,,False,False,False,False
OP_01341,CLIENT_0468,PERSONNE PHYSIQUE,COMPAGNIE_02,POLICE_00620,2,AUTOMOBILE,MONO AUTO,RENOUVELLEMENT,2025-03-20,2025-06-19,2025-03-21,2025-03-21,2025-03-21,2025-04-02,12500,11200,1400,1400,15300,15,1900,0,0,2025,2025-03,12.0,DATE DE PAIEMENT RENSEIGNEE,OK,3,2025Q1,91.0,12.0,False,False,False,True
OP_01342,CLIENT_0179,PERSONNE PHYSIQUE,COMPAGNIE_01,POLICE_00214,4,AUTOMOBILE,MONO AUTO,RENOUVELLEMENT,2025-03-22,2026-03-21,2025-03-22,2025-03-22,2025-03-22,2026-05-15,64300,2200,7000,5500,76800,0,0,0,0,2025,2025-03,419.0,DATE DE PAIEMENT RENSEIGNEE,OK,3,2025Q1,364.0,419.0,False,False,False,True
OP_01343,CLIENT_0051,PERSONNE MORALE,COMPAGNIE_02,POLICE_00153,7,ASSURANCE SANTE,ASSURANCE MALADIE GROUPE,RENOUVELLEMENT,2025-02-13,2026-02-12,2025-03-23,2025-03-24,2025-03-24,2025-04-19,4855800,0,0,45100,4900900,10,485600,0,0,2025,2025-03,26.0,DATE DE PAIEMENT RENSEIGNEE,OK,3,2025Q1,364.0,26.0,False,False,False,True
OP_01344,CLIENT_0573,PERSONNE PHYSIQUE,COMPAGNIE_03,POLICE_00800,1,AUTOMOBILE,MONO AUTO,RENOUVELLEMENT,2025-03-26,2025-06-25,2025-03-23,2025-03-23,2025-03-23,,11600,11400,1300,1000,13900,15,1700,0,0,2025,2025-03,,DATE DE PAIEMENT NON RENSEIGNEE,OK,3,2025Q1,91.0,,False,False,False,False
OP_01345,CLIENT_0626,PERSONNE PHYSIQUE,COMPAGNIE_01,POLICE_00907,1,AUTOMOBILE,MONO AUTO,AFFAIRE NOUVELLE,2025-03-22,2026-03-21,2025-03-23,2025-03-30,2025-03-30,,43600,41800,4800,4500,53000,15,6500,0,0,2025,2025-03,,DATE DE PAIEMENT NON RENSEIGNEE,OK,3,2025Q1,364.0,,False,False,False,False
OP_01346,CLIENT_0190,PERSONNE MORALE,COMPAGNIE_11,POLICE_00911,0,ASSURANCE SANTE,ASSURANCE MALADIE GROUPE,RENOUVELLEMENT,2025-03-27,2026-03-26,2025-03-25,2025-04-21,2025-04-07,2025-04-21,5961600,0,0,95200,6056900,10,596200,0,0,2025,2025-03,14.0,DATE DE PAIEMENT RENSEIGNEE,OK,3,2025Q1,364.0,14.0,False,False,False,True
OP_01347,CLIENT_0196,PERSONNE PHYSIQUE,COMPAGNIE_02,POLICE_00231,4,AUTOMOBILE,MONO AUTO,RENOUVELLEMENT,2025-03-26,2026-03-25,2025-03-26,2025-03-25,2025-03-26,2025-04-05,123000,46600,12600,2800,138300,15,18500,0,0,2025,2025-03,10.0,DATE DE PAIEMENT RENSEIGNEE,OK,3,2025Q1,364.0,10.0,False,False,False,True
OP_01348,CLIENT_0295,PERSONNE PHYSIQUE,COMPAGNIE_02,POLICE_00906,0,TRAVEL ASSURANCE,0,AFFAIRE NOUVELLE,2025-04-06,2025-05-05,2025-03-26,2025-03-26,2025-03-26,2025-04-14,19200,0,2300,0,21500,10,1900,0,0,2025,2025-03,19.0,DATE DE PAIEMENT RENSEIGNEE,OK,3,2025Q1,29.0,19.0,False,False,False,True
OP_01349,CLIENT_0628,PERSONNE PHYSIQUE,COMPAGNIE_04,POLICE_00910,0,AUTOMOBILE,MONO AUTO,RENOUVELLEMENT,2025-03-25,2025-06-23,2025-03-26,2025-03-25,2025-03-26,2025-03-26,14700,0,1800,2900,19400,15,2200,0,0,2025,2025-03,0.0,DATE DE PAIEMENT RENSEIGNEE,OK,3,2025Q1,90.0,0.0,False,False,False,True
OP_01350,CLIENT_0050,PERSONNE MORALE,COMPAGNIE_06,POLICE_00050,148,AUTOMOBILE,FLOTTE AUTOMOBILE,INCORPORATION,2025-03-27,2026-01-06,2025-03-27,2025-03-27,2025-03-27,,46600,44400,4800,1100,52600,15,7000,0,0,2025,2025-03,,DATE DE PAIEMENT NON RENSEIGNEE,OK,3,2025Q1,285.0,,False,False,False,False
OP_01351,CLIENT_0369,PERSONNE PHYSIQUE,COMPAGNIE_04,POLICE_00478,11,AUTOMOBILE,MONO AUTO,RENOUVELLEMENT,2025-03-30,2025-09-28,2025-03-27,2025-03-27,2025-03-27,,18500,17800,2100,2600,23200,15,2800,0,0,2025,2025-03,,DATE DE PAIEMENT NON RENSEIGNEE,OK,3,2025Q1,182.0,,False,False,False,False
OP_01352,CLIENT_0622,PERSONNE PHYSIQUE,COMPAGNIE_03,POLICE_00900,0,AUTOMOBILE,MONO AUTO,AFFAIRE NOUVELLE,2025-03-27,2025-06-26,2025-03-27,2025-03-27,2025-03-27,,11200,11200,1700,5600,18500,15,1700,0,0,2025,2025-03,,DATE DE PAIEMENT NON RENSEIGNEE,OK,3,2025Q1,91.0,,False,False,False,False
OP_01353,CLIENT_0103,PERSONNE PHYSIQUE,COMPAGNIE_02,POLICE_00914,1,TRAVEL ASSURANCE,0,AFFAIRE NOUVELLE,2025-04-04,2025-07-03,2025-03-28,2025-03-28,2025-03-28,,20400,0,3100,5400,28800,10,2000,0,0,2025,2025-03,,DATE DE PAIEMENT NON RENSEIGNEE,OK,3,2025Q1,90.0,,False,False,False,False
OP_01354,CLIENT_0616,PERSONNE PHYSIQUE,COMPAGNIE_02,POLICE_00904,1,TRAVEL ASSURANCE,0,RENOUVELLEMENT,2025-03-28,2025-04-27,2025-03-28,2025-03-23,2025-03-28,2025-04-17,11900,0,2000,4500,18400,10,1200,0,0,2025,2025-03,20.0,DATE DE PAIEMENT RENSEIGNEE,OK,3,2025Q1,30.0,20.0,False,False,False,True
OP_01355,CLIENT_0566,PERSONNE PHYSIQUE,COMPAGNIE_03,POLICE_00792,1,AUTOMOBILE,MONO AUTO,RENOUVELLEMENT,2025-03-29,2025-06-28,2025-03-29,2025-03-29,2025-03-29,,22100,21800,2300,1000,25400,15,3300,0,0,2025,2025-03,,DATE DE PAIEMENT NON RENSEIGNEE,OK,3,2025Q1,91.0,,False,False,False,False
OP_01356,CLIENT_0623,PERSONNE PHYSIQUE,COMPAGNIE_05,POLICE_00901,0,AUTOMOBILE,MONO AUTO,AFFAIRE NOUVELLE,2025-03-27,2025-06-26,2025-03-29,2025-03-27,2025-03-29,2025-11-26,10000,6900,1200,2200,13400,15,1500,0,0,2025,2025-03,242.0,DATE DE PAIEMENT RENSEIGNEE,OK,3,2025Q1,91.0,242.0,False,False,False,True
OP_01357,CLIENT_0051,PERSONNE MORALE,COMPAGNIE_06,POLICE_00051,53,AUTOMOBILE,FLOTTE AUTOMOBILE,INCORPORATION,2025-03-30,2026-02-12,2025-03-30,2025-05-28,2025-05-28,,125400,120800,15700,5600,146800,15,18800,0,0,2025,2025-03,,DATE DE PAIEMENT NON RENSEIGNEE,OK,3,2025Q1,319.0,,False,False,False,False
OP_01358,CLIENT_0200,PERSONNE PHYSIQUE,COMPAGNIE_07,POLICE_00235,2,MULTIRISQUE PROFESSIONNELLE,INCENDIE,RENOUVELLEMENT,2025-04-10,2026-04-09,2025-03-30,2025-03-30,2025-03-30,,157000,0,0,0,157000,20,31400,0,0,2025,2025-03,,DATE DE PAIEMENT NON RENSEIGNEE,OK,3,2025Q1,364.0,,False,False,False,False
OP_01359,CLIENT_0554,PERSONNE MORALE,COMPAGNIE_02,POLICE_00916,0,TRAVEL ASSURANCE,0,AFFAIRE NOUVELLE,2025-03-29,2025-04-02,2025-03-30,2025-03-30,2025-03-30,,77600,0,9300,0,87000,10,7800,0,0,2025,2025-03,,DATE DE PAIEMENT NON RENSEIGNEE,OK,3,2025Q1,4.0,,False,False,False,False
OP_01360,CLIENT_0043,PERSONNE MORALE,COMPAGNIE_03,POLICE_00897,7,ASSURANCE SANTE,ASSURANCE MALADIE GROUPE,INCORPORATION,2025-01-25,2026-01-24,2025-03-31,2025-08-06,2025-08-06,,562600,0,0,30400,593000,10,56300,0,0,2025,2025-03,,DATE DE PAIEMENT NON RENSEIGNEE,OK,3,2025Q1,364.0,,False,False,False,False
OP_01361,CLIENT_0043,PERSONNE MORALE,COMPAGNIE_03,POLICE_00897,8,ASSURANCE SANTE,ASSURANCE MALADIE GROUPE,INCORPORATION,2025-01-25,2026-01-24,2025-03-31,2025-08-06,2025-08-06,,106000,0,0,5700,111700,10,10600,0,0,2025,2025-03,,DATE DE PAIEMENT NON RENSEIGNEE,OK,3,2025Q1,364.0,,False,False,False,False
OP_01362,CLIENT_0627,PERSONNE PHYSIQUE,COMPAGNIE_04,POLICE_00908,1,AUTOMOBILE,MONO AUTO,RENOUVELLEMENT,2025-01-04,2025-07-03,2025-03-31,2025-03-31,2025-03-31,,22700,21900,2600,3300,28600,15,3400,0,0,2025,2025-03,,DATE DE PAIEMENT NON RENSEIGNEE,OK,3,2025Q1,180.0,,False,False,False,False
OP_01363,CLIENT_0227,PERSONNE PHYSIQUE,COMPAGNIE_02,POLICE_00276,6,AUTOMOBILE,MONO AUTO,RENOUVELLEMENT,2025-04-03,2026-04-02,2025-04-01,2025-04-01,2025-04-02,,145400,45200,14900,3400,163600,15,21800,0,0,2025,2025-04,,DATE DE PAIEMENT NON RENSEIGNEE,OK,4,2025Q2,364.0,,False,False,False,False
OP_01364,CLIENT_0193,PERSONNE PHYSIQUE,COMPAGNIE_04,POLICE_00322,8,AUTOMOBILE,FLOTTE MOTO,INCORPORATION,2024-05-01,2025-04-30,2025-04-02,2025-04-02,2025-04-02,2025-06-19,3800,3700,700,2800,7200,15,600,0,0,2025,2025-04,78.0,DATE DE PAIEMENT RENSEIGNEE,OK,4,2025Q2,364.0,78.0,False,False,False,True
OP_01365,CLIENT_0487,PERSONNE PHYSIQUE,COMPAGNIE_01,POLICE_00647,2,AUTOMOBILE,MONO AUTO,PROROGATION,2025-04-03,2025-10-03,2025-04-03,2025-04-03,2025-04-03,,63800,27100,6400,0,70200,15,9600,0,0,2025,2025-04,,DATE DE PAIEMENT NON RENSEIGNEE,OK,4,2025Q2,183.0,,False,False,False,False
OP_01366,CLIENT_0149,PERSONNE PHYSIQUE,COMPAGNIE_05,POLICE_00175,1,AUTOMOBILE,MONO AUTO,RENOUVELLEMENT,2025-04-04,2026-04-03,2025-04-04,2025-04-04,2025-04-04,2025-11-17,35900,31500,3900,3100,42800,15,5400,0,0,2025,2025-04,227.0,DATE DE PAIEMENT RENSEIGNEE,OK,4,2025Q2,364.0,227.0,False,False,False,True
OP_01367,CLIENT_0242,PERSONNE PHYSIQUE,COMPAGNIE_02,POLICE_00300,18,AUTOMOBILE,MONO AUTO,PROROGATION,2025-04-06,2025-10-05,2025-04-04,2025-04-04,2025-04-04,,85600,38800,8600,0,94200,15,12800,0,0,2025,2025-04,,DATE DE PAIEMENT NON RENSEIGNEE,OK,4,2025Q2,182.0,,False,False,False,False
OP_01368,CLIENT_0157,PERSONNE MORALE,COMPAGNIE_09,POLICE_00928,6,AUTOMOBILE,FLOTTE AUTOMOBILE,INCORPORATION,2025-04-03,2025-12-17,2025-04-05,2025-07-17,2025-07-17,2025-08-04,614300,151700,74400,4300,693000,15,92100,0,0,2025,2025-04,18.0,DATE DE PAIEMENT RENSEIGNEE,OK,4,2025Q2,258.0,18.0,False,False,False,True
OP_01369,CLIENT_0224,PERSONNE PHYSIQUE,COMPAGNIE_01,POLICE_00912,3,AUTOMOBILE,MONO AUTO,RENOUVELLEMENT,2025-04-10,2026-04-09,2025-04-06,2025-04-06,2025-04-06,,125700,41600,13000,4500,143200,15,18800,0,0,2025,2025-04,,DATE DE PAIEMENT NON RENSEIGNEE,OK,4,2025Q2,364.0,,False,False,False,False
OP_01370,CLIENT_0190,PERSONNE MORALE,COMPAGNIE_11,POLICE_00911,0,ASSURANCE SANTE,ASSURANCE MALADIE GROUPE,INCORPORATION,2025-03-27,2026-03-26,2025-04-07,2025-04-21,2025-04-21,2025-04-21,350000,0,0,9200,359200,10,35000,0,0,2025,2025-04,0.0,DATE DE PAIEMENT RENSEIGNEE,OK,4,2025Q2,364.0,0.0,False,False,False,True
OP_01371,CLIENT_0208,PERSONNE PHYSIQUE,COMPAGNIE_04,POLICE_00244,5,AUTOMOBILE,MONO AUTO,RENOUVELLEMENT,2025-04-08,2026-04-07,2025-04-07,2025-04-07,2025-04-07,2025-04-07,51500,44000,5500,3600,60500,15,7700,0,0,2025,2025-04,0.0,DATE DE PAIEMENT RENSEIGNEE,OK,4,2025Q2,364.0,0.0,False,False,False,True
OP_01372,CLIENT_0104,PERSONNE PHYSIQUE,COMPAGNIE_02,POLICE_00915,1,TRAVEL ASSURANCE,0,AFFAIRE NOUVELLE,2025-04-15,2025-07-14,2025-04-08,2025-04-08,2025-04-08,,25700,0,3700,5200,34600,10,2600,0,0,2025,2025-04,,DATE DE PAIEMENT NON RENSEIGNEE,OK,4,2025Q2,90.0,,False,False,False,False
OP_01373,CLIENT_0621,PERSONNE MORALE,COMPAGNIE_04,POLICE_00921,0,AUTOMOBILE,FLOTTE AUTOMOBILE,AFFAIRE NOUVELLE,2025-04-08,2026-04-07,2025-04-09,2025-04-10,2025-04-10,,959500,912500,108500,4300,1072300,15,143900,0,0,2025,2025-04,,DATE DE PAIEMENT NON RENSEIGNEE,OK,4,2025Q2,364.0,,False,False,False,False
OP_01374,CLIENT_0076,PERSONNE MORALE,COMPAGNIE_02,POLICE_00261,8,AUTOMOBILE,MONO AUTO,RENOUVELLEMENT,2025-04-12,2026-04-11,2025-04-10,2025-04-10,2025-04-10,2025-04-10,159500,40400,16500,5100,181000,15,23900,0,0,2025,2025-04,0.0,DATE DE PAIEMENT RENSEIGNEE,OK,4,2025Q2,364.0,0.0,False,False,False,True
OP_01375,CLIENT_0621,PERSONNE MORALE,COMPAGNIE_04,POLICE_00921,1,AUTOMOBILE,FLOTTE AUTOMOBILE,MODIFICATION,2025-04-08,2026-04-07,2025-04-10,2025-04-10,2025-04-10,,26900,26900,3400,2200,32600,15,4000,0,0,2025,2025-04,,DATE DE PAIEMENT NON RENSEIGNEE,OK,4,2025Q2,364.0,,False,False,False,False
OP_01376,CLIENT_0100,PERSONNE PHYSIQUE,COMPAGNIE_09,POLICE_00909,0,AUTOMOBILE,MONO AUTO,AFFAIRE NOUVELLE,2025-04-11,2025-10-10,2025-04-11,2025-04-11,2025-04-11,,26200,30700,2900,2700,31800,15,3900,0,0,2025,2025-04,,DATE DE PAIEMENT NON RENSEIGNEE,OK,4,2025Q2,182.0,,False,False,False,False
OP_01377,CLIENT_0268,PERSONNE PHYSIQUE,COMPAGNIE_01,POLICE_00934,0,AUTOMOBILE,MONO AUTO,RENOUVELLEMENT,2025-05-03,2025-11-02,2025-04-11,2025-04-14,2025-04-14,,24400,24000,2400,0,26800,15,3700,0,0,2025,2025-04,,DATE DE PAIEMENT NON RENSEIGNEE,OK,4,2025Q2,183.0,,False,False,False,False
OP_01378,CLIENT_0633,PERSONNE PHYSIQUE,COMPAGNIE_02,POLICE_00920,0,AUTOMOBILE,MONO AUTO,AFFAIRE NOUVELLE,2025-04-06,2025-07-05,2025-04-12,2025-04-06,2025-04-12,,9800,8600,1300,2800,13800,15,1500,0,0,2025,2025-04,,DATE DE PAIEMENT NON RENSEIGNEE,OK,4,2025Q2,90.0,,False,False,False,False
OP_01379,CLIENT_0634,PERSONNE PHYSIQUE,COMPAGNIE_01,POLICE_00923,1,AUTOMOBILE,MONO AUTO,AFFAIRE NOUVELLE,2025-04-17,2025-07-16,2025-04-12,2025-06-18,2025-06-19,,34500,33800,4700,4400,43600,15,5200,0,0,2025,2025-04,,DATE DE PAIEMENT NON RENSEIGNEE,OK,4,2025Q2,90.0,,False,False,False,False
OP_01380,CLIENT_0201,PERSONNE PHYSIQUE,COMPAGNIE_02,POLICE_00663,0,AUTOMOBILE,MONO AUTO,RENOUVELLEMENT,2025-04-16,2026-04-15,2025-04-13,2025-04-18,2025-04-18,,134400,0,13600,1900,150000,15,20200,0,0,2025,2025-04,,DATE DE PAIEMENT NON RENSEIGNEE,OK,4,2025Q2,364.0,,False,False,False,False
OP_01381,CLIENT_0497,PERSONNE PHYSIQUE,COMPAGNIE_04,POLICE_00922,0,AUTOMOBILE,MONO AUTO,RENOUVELLEMENT,2025-04-12,2025-04-13,2025-04-13,2025-04-13,2025-04-13,2025-06-21,18200,0,2200,4200,24600,15,2700,0,0,2025,2025-04,69.0,DATE DE PAIEMENT RENSEIGNEE,OK,4,2025Q2,1.0,69.0,False,False,False,True
OP_01382,CLIENT_0513,PERSONNE PHYSIQUE,COMPAGNIE_01,POLICE_00685,3,AUTOMOBILE,MONO AUTO,RENOUVELLEMENT,2025-04-12,2025-10-11,2025-04-13,2025-04-11,2025-04-13,,20400,19200,2000,0,22400,15,3100,0,0,2025,2025-04,,DATE DE PAIEMENT NON RENSEIGNEE,OK,4,2025Q2,182.0,,False,False,False,False
OP_01383,CLIENT_0222,PERSONNE PHYSIQUE,COMPAGNIE_01,POLICE_00269,0,AUTOMOBILE,MONO AUTO,RENOUVELLEMENT,2025-04-08,2026-04-07,2025-04-14,2025-04-08,2025-04-14,,44100,0,4900,4700,53600,15,6600,0,0,2025,2025-04,,DATE DE PAIEMENT NON RENSEIGNEE,OK,4,2025Q2,364.0,,False,False,False,False
OP_01384,CLIENT_0523,PERSONNE PHYSIQUE,COMPAGNIE_03,POLICE_00933,0,AUTOMOBILE,MONO AUTO,RENOUVELLEMENT,2025-04-17,2025-07-17,2025-04-15,2025-04-15,2025-04-15,,10000,9900,1100,900,12000,15,1500,0,0,2025,2025-04,,DATE DE PAIEMENT NON RENSEIGNEE,OK,4,2025Q2,91.0,,False,False,False,False
OP_01385,CLIENT_0249,PERSONNE PHYSIQUE,COMPAGNIE_05,POLICE_00307,2,AUTOMOBILE,MONO AUTO,RENOUVELLEMENT,2025-04-25,2026-04-24,2025-04-16,2025-04-16,2025-04-16,2025-11-19,71300,47500,7700,5400,84400,15,10700,0,0,2025,2025-04,217.0,DATE DE PAIEMENT RENSEIGNEE,OK,4,2025Q2,364.0,217.0,False,False,False,True
OP_01386,CLIENT_0444,PERSONNE MORALE,COMPAGNIE_03,POLICE_00707,2,RC SCOLAIRE,RESPONSABILITE,AFFAIRE NOUVELLE,2025-04-16,2025-04-16,2025-04-16,2025-04-16,2025-04-16,2025-04-16,12400,0,2100,4800,19300,17,2100,0,0,2025,2025-04,0.0,DATE DE PAIEMENT RENSEIGNEE,OK,4,2025Q2,0.0,0.0,False,False,False,True
OP_01387,CLIENT_0444,PERSONNE MORALE,COMPAGNIE_03,POLICE_00707,3,RC SCOLAIRE,RESPONSABILITE,INCORPORATION,2024-10-22,2025-07-18,2025-04-16,2025-04-16,2025-04-16,2025-04-16,392000,0,47600,4700,444300,17,66600,0,0,2025,2025-04,0.0,DATE DE PAIEMENT RENSEIGNEE,OK,4,2025Q2,269.0,0.0,False,False,False,True
OP_01388,CLIENT_0511,PERSONNE PHYSIQUE,COMPAGNIE_05,POLICE_00924,0,AUTOMOBILE,MONO AUTO,AFFAIRE NOUVELLE,2025-04-18,2025-10-17,2025-04-17,2025-04-17,2025-04-17,2025-11-14,25500,0,3000,4300,32800,15,3800,0,0,2025,2025-04,211.0,DATE DE PAIEMENT RENSEIGNEE,OK,4,2025Q2,182.0,211.0,False,False,False,True
OP_01389,CLIENT_0256,PERSONNE PHYSIQUE,COMPAGNIE_02,POLICE_00315,0,AUTOMOBILE,MONO AUTO,RENOUVELLEMENT,2025-04-18,2026-04-17,2025-04-18,2025-04-18,2025-04-18,,42400,38000,4500,2600,49500,15,6400,0,0,2025,2025-04,,DATE DE PAIEMENT NON RENSEIGNEE,OK,4,2025Q2,364.0,,False,False,False,False
OP_01390,CLIENT_0053,PERSONNE PHYSIQUE,COMPAGNIE_01,POLICE_00925,0,ASSURANCE SANTE,ASSURANCE MALADIE GROUPE,AFFAIRE NOUVELLE,2025-04-19,2025-05-19,2025-04-19,2025-04-19,2025-04-19,,24600,0,3200,2100,29800,10,2500,0,0,2025,2025-04,,DATE DE PAIEMENT NON RENSEIGNEE,OK,4,2025Q2,30.0,,False,False,False,False
OP_01391,CLIENT_0024,PERSONNE PHYSIQUE,COMPAGNIE_03,POLICE_00024,7,AUTOMOBILE,MONO AUTO,RENOUVELLEMENT,2025-04-20,2025-07-19,2025-04-20,2025-04-20,2025-04-22,,12700,12500,1400,1100,15100,15,1900,0,0,2025,2025-04,,DATE DE PAIEMENT NON RENSEIGNEE,OK,4,2025Q2,90.0,,False,False,False,False
OP_01392,CLIENT_0059,PERSONNE PHYSIQUE,COMPAGNIE_04,POLICE_00535,0,AUTOMOBILE,MONO AUTO,RENOUVELLEMENT,2025-04-21,2025-07-21,2025-04-20,2025-04-20,2025-04-20,2025-06-15,95000,94500,11700,2400,109100,15,14300,0,0,2025,2025-04,56.0,DATE DE PAIEMENT RENSEIGNEE,OK,4,2025Q2,91.0,56.0,False,False,False,True
OP_01393,CLIENT_0515,PERSONNE MORALE,COMPAGNIE_03,POLICE_00688,0,AUTOMOBILE,MONO AUTO,RENOUVELLEMENT,2025-04-21,2025-07-19,2025-04-20,2025-04-20,2025-04-20,,13500,13300,1800,4800,20200,15,2000,0,0,2025,2025-04,,DATE DE PAIEMENT NON RENSEIGNEE,OK,4,2025Q2,89.0,,False,False,False,False
OP_01394,CLIENT_0527,PERSONNE PHYSIQUE,COMPAGNIE_08,POLICE_00714,0,RETRAITE COMPLEMENTAIRE,ASSURANCE DE PERSONNES,RÉGULARISATION,2024-11-10,2046-11-09,2025-04-20,2025-04-14,2025-04-20,,5500,0,0,0,5500,11,600,0,0,2025,2025-04,,DATE DE PAIEMENT NON RENSEIGNEE,OK,4,2025Q2,8034.0,,False,False,False,False
OP_01395,CLIENT_0629,PERSONNE PHYSIQUE,COMPAGNIE_03,POLICE_00913,0,AUTOMOBILE,MONO AUTO,AFFAIRE NOUVELLE,2025-04-20,2025-10-19,2025-04-20,2025-04-20,2025-04-20,,25700,25300,3100,5500,34400,15,3900,0,0,2025,2025-04,,DATE DE PAIEMENT NON RENSEIGNEE,OK,4,2025Q2,182.0,,False,False,False,False
OP_01396,CLIENT_0636,PERSONNE PHYSIQUE,COMPAGNIE_01,POLICE_00929,0,AUTOMOBILE,MONO AUTO,RENOUVELLEMENT,2025-04-21,2026-04-20,2025-04-20,2025-04-21,2025-04-23,,84000,81000,10700,5300,100000,15,12600,0,0,2025,2025-04,,DATE DE PAIEMENT NON RENSEIGNEE,OK,4,2025Q2,364.0,,False,False,False,False
OP_01397,CLIENT_0073,PERSONNE PHYSIQUE,COMPAGNIE_01,POLICE_00078,0,AUTOMOBILE,MONO AUTO,RENOUVELLEMENT,2024-04-28,2025-10-28,2025-04-21,2025-04-24,2025-04-24,,17100,16700,1700,0,18900,15,2600,0,0,2025,2025-04,,DATE DE PAIEMENT NON RENSEIGNEE,OK,4,2025Q2,548.0,,False,False,False,False
OP_01398,CLIENT_0043,PERSONNE MORALE,COMPAGNIE_03,POLICE_00897,0,ASSURANCE SANTE,ASSURANCE MALADIE GROUPE,RENOUVELLEMENT,2025-01-25,2026-01-24,2025-04-22,2025-04-22,2025-04-22,2025-04-22,128987800,0,0,2980300,131968100,10,12898800,0,0,2025,2025-04,0.0,DATE DE PAIEMENT RENSEIGNEE,OK,4,2025Q2,364.0,0.0,False,False,False,True
OP_01399,CLIENT_0050,PERSONNE MORALE,COMPAGNIE_06,POLICE_00050,149,AUTOMOBILE,FLOTTE AUTOMOBILE,INCORPORATION,2025-12-20,2026-01-06,2025-04-22,2025-04-20,2025-04-22,,37900,36000,3900,1000,42800,15,5700,0,0,2025,2025-04,,DATE DE PAIEMENT NON RENSEIGNEE,OK,4,2025Q2,17.0,,False,False,False,False
OP_01400,CLIENT_0158,PERSONNE PHYSIQUE,COMPAGNIE_02,POLICE_00185,6,AUTOMOBILE,MONO AUTO,RENOUVELLEMENT,2025-04-22,2025-10-21,2025-04-22,2025-04-22,2025-04-22,,24300,21700,2700,3000,30000,15,3600,0,0,2025,2025-04,,DATE DE PAIEMENT NON RENSEIGNEE,OK,4,2025Q2,182.0,,False,False,False,False
OP_01401,CLIENT_0221,PERSONNE PHYSIQUE,COMPAGNIE_01,POLICE_00268,0,AUTOMOBILE,MONO AUTO,RENOUVELLEMENT,2025-04-21,2025-10-20,2025-04-22,2025-04-22,2025-04-22,,19100,18600,2300,4300,25700,15,2900,0,0,2025,2025-04,,DATE DE PAIEMENT NON RENSEIGNEE,OK,4,2025Q2,182.0,,False,False,False,False
OP_01402,CLIENT_0050,PERSONNE MORALE,COMPAGNIE_06,POLICE_00050,150,AUTOMOBILE,FLOTTE AUTOMOBILE,INCORPORATION,2025-04-23,2026-01-06,2025-04-23,2025-04-23,2025-04-23,,30900,28900,3200,1000,35200,15,4600,0,0,2025,2025-04,,DATE DE PAIEMENT NON RENSEIGNEE,OK,4,2025Q2,258.0,,False,False,False,False
OP_01403,CLIENT_0630,PERSONNE PHYSIQUE,COMPAGNIE_03,POLICE_00917,0,AUTOMOBILE,MONO AUTO,AFFAIRE NOUVELLE,2025-04-22,2025-07-21,2025-04-23,2025-04-23,2025-04-23,,36100,35900,4800,4300,45300,15,5400,0,0,2025,2025-04,,DATE DE PAIEMENT NON RENSEIGNEE,OK,4,2025Q2,90.0,,False,False,False,False
OP_01404,CLIENT_0235,PERSONNE PHYSIQUE,COMPAGNIE_01,POLICE_00286,0,AUTOMOBILE,MONO AUTO,RENOUVELLEMENT,2025-04-22,2026-04-21,2025-04-24,2025-04-24,2025-04-24,,43900,41200,4800,4500,53200,15,6600,0,0,2025,2025-04,,DATE DE PAIEMENT NON RENSEIGNEE,OK,4,2025Q2,364.0,,False,False,False,False
OP_01405,CLIENT_0632,PERSONNE PHYSIQUE,COMPAGNIE_04,POLICE_00919,1,AUTOMOBILE,MONO AUTO,RENOUVELLEMENT,2025-04-21,2025-07-20,2025-04-24,2025-04-21,2025-04-24,2025-07-02,13500,12100,1400,900,15900,15,2000,0,0,2025,2025-04,69.0,DATE DE PAIEMENT RENSEIGNEE,OK,4,2025Q2,90.0,69.0,False,False,False,True
OP_01406,CLIENT_0074,PERSONNE PHYSIQUE,COMPAGNIE_04,POLICE_00079,0,AUTOMOBILE,MONO AUTO,RENOUVELLEMENT,2025-04-27,2025-07-27,2025-04-25,2025-04-16,2025-04-25,2025-06-14,8600,8300,1000,1600,11200,15,1300,0,0,2025,2025-04,50.0,DATE DE PAIEMENT RENSEIGNEE,OK,4,2025Q2,91.0,50.0,False,False,False,True
OP_01407,CLIENT_0106,PERSONNE PHYSIQUE,COMPAGNIE_03,POLICE_00931,0,AUTOMOBILE,MONO AUTO,RENOUVELLEMENT,2025-04-24,2025-10-23,2025-04-25,2025-04-25,2025-04-25,,27300,27000,3000,2900,33300,15,4100,0,0,2025,2025-04,,DATE DE PAIEMENT NON RENSEIGNEE,OK,4,2025Q2,182.0,,False,False,False,False
OP_01408,CLIENT_0279,PERSONNE PHYSIQUE,COMPAGNIE_08,POLICE_00340,0,RETRAITE COMPLEMENTAIRE,0,RÉGULARISATION,2024-05-15,2032-05-14,2025-04-25,2025-04-19,2025-04-25,,4700,0,0,0,4700,11,500,0,0,2025,2025-04,,DATE DE PAIEMENT NON RENSEIGNEE,OK,4,2025Q2,2921.0,,False,False,False,False
OP_01409,CLIENT_0635,PERSONNE PHYSIQUE,COMPAGNIE_03,POLICE_00926,0,AUTOMOBILE,MONO AUTO,AFFAIRE NOUVELLE,2025-04-25,2026-04-24,2025-04-25,2025-04-25,2025-04-25,,42300,41500,4700,4300,51300,15,6300,0,0,2025,2025-04,,DATE DE PAIEMENT NON RENSEIGNEE,OK,4,2025Q2,364.0,,False,False,False,False
OP_01410,CLIENT_0043,PERSONNE MORALE,COMPAGNIE_04,POLICE_00942,0,GLOBALE DOMMAGES,INCENDIE,RENOUVELLEMENT,2025-04-22,2026-04-21,2025-04-26,2025-06-10,2025-04-28,2025-06-17,32607400,0,3913500,5400,36526300,17,5543300,0,0,2025,2025-04,50.0,DATE DE PAIEMENT RENSEIGNEE,OK,4,2025Q2,364.0,50.0,False,False,False,True
OP_01411,CLIENT_0250,PERSONNE PHYSIQUE,COMPAGNIE_04,POLICE_00308,0,AUTOMOBILE,MONO AUTO,AFFAIRE NOUVELLE,2025-04-26,2026-04-25,2025-04-26,2025-04-26,2025-04-26,2025-07-03,35800,0,3800,2600,42200,15,5400,0,0,2025,2025-04,68.0,DATE DE PAIEMENT RENSEIGNEE,OK,4,2025Q2,364.0,68.0,False,False,False,True
OP_01412,CLIENT_0252,PERSONNE PHYSIQUE,COMPAGNIE_03,POLICE_00310,3,AUTOMOBILE,FLOTTE AUTOMOBILE,RENOUVELLEMENT,2025-04-26,2026-04-25,2025-04-26,2025-04-26,2025-04-26,,145800,144200,18200,5600,169600,15,21900,0,0,2025,2025-04,,DATE DE PAIEMENT NON RENSEIGNEE,OK,4,2025Q2,364.0,,False,False,False,False
OP_01413,CLIENT_0639,PERSONNE PHYSIQUE,COMPAGNIE_02,POLICE_00935,0,TRAVEL ASSURANCE,0,RENOUVELLEMENT,2025-05-06,2025-06-05,2025-04-26,2025-04-26,2025-04-26,,14000,0,2300,5300,21600,10,1400,0,0,2025,2025-04,,DATE DE PAIEMENT NON RENSEIGNEE,OK,4,2025Q2,30.0,,False,False,False,False
OP_01414,CLIENT_0021,PERSONNE PHYSIQUE,COMPAGNIE_01,POLICE_00021,3,AUTOMOBILE,MONO AUTO,RENOUVELLEMENT,2025-04-27,2026-04-26,2025-04-27,2025-04-27,2025-04-27,,50300,0,5600,5300,61200,15,7500,0,0,2025,2025-04,,DATE DE PAIEMENT NON RENSEIGNEE,OK,4,2025Q2,364.0,,False,False,False,False
OP_01415,CLIENT_0023,PERSONNE PHYSIQUE,COMPAGNIE_01,POLICE_00282,0,AUTOMOBILE,MONO AUTO,RENOUVELLEMENT,2025-04-26,2026-04-25,2025-04-27,2025-04-27,2025-04-27,,34900,0,3900,4300,43100,15,5200,0,0,2025,2025-04,,DATE DE PAIEMENT NON RENSEIGNEE,OK,4,2025Q2,364.0,,False,False,False,False
OP_01416,CLIENT_0590,PERSONNE PHYSIQUE,COMPAGNIE_04,POLICE_00836,1,AUTOMOBILE,MONO AUTO,RENOUVELLEMENT,2025-04-26,2025-07-25,2025-04-27,2024-04-25,2025-04-27,,22700,0,2600,3400,28700,15,3400,0,0,2025,2025-04,,DATE DE PAIEMENT NON RENSEIGNEE,OK,4,2025Q2,90.0,,False,False,False,False
OP_01417,CLIENT_0638,PERSONNE PHYSIQUE,COMPAGNIE_02,POLICE_00932,0,TRAVEL ASSURANCE,0,AFFAIRE NOUVELLE,2025-06-05,2025-06-10,2025-04-27,2025-04-27,2025-04-27,,6300,0,1400,5700,13500,10,600,0,0,2025,2025-04,,DATE DE PAIEMENT NON RENSEIGNEE,OK,4,2025Q2,5.0,,False,False,False,False
OP_01418,CLIENT_0008,PERSONNE PHYSIQUE,COMPAGNIE_03,POLICE_00927,0,AUTOMOBILE,MONO AUTO,INCORPORATION,2025-04-26,2026-01-18,2025-04-28,2025-04-26,2025-04-28,,38100,37000,3900,1000,43100,15,5700,0,0,2025,2025-04,,DATE DE PAIEMENT NON RENSEIGNEE,OK,4,2025Q2,267.0,,False,False,False,False
OP_01419,CLIENT_0050,PERSONNE MORALE,COMPAGNIE_06,POLICE_00050,151,AUTOMOBILE,FLOTTE AUTOMOBILE,INCORPORATION,2025-04-28,2026-01-06,2025-04-28,2026-01-13,2026-01-16,2026-02-11,56000,53800,5700,1100,62900,15,8400,0,0,2025,2025-04,26.0,DATE DE PAIEMENT RENSEIGNEE,OK,4,2025Q2,253.0,26.0,False,False,False,True
OP_01420,CLIENT_0255,PERSONNE PHYSIQUE,COMPAGNIE_01,POLICE_00314,0,AUTOMOBILE,MONO AUTO,RENOUVELLEMENT,2025-04-28,2025-07-27,2025-04-28,2025-04-28,2025-04-28,,12100,11300,1900,4700,18600,15,1800,0,0,2025,2025-04,,DATE DE PAIEMENT NON RENSEIGNEE,OK,4,2025Q2,90.0,,False,False,False,False
OP_01421,CLIENT_0533,PERSONNE PHYSIQUE,COMPAGNIE_03,POLICE_00730,1,AUTOMOBILE,MONO AUTO,RENOUVELLEMENT,2025-05-10,2025-11-09,2025-04-28,2025-04-28,2025-04-28,,20200,19900,2100,1000,23300,15,3000,0,0,2025,2025-04,,DATE DE PAIEMENT NON RENSEIGNEE,OK,4,2025Q2,183.0,,False,False,False,False
OP_01422,CLIENT_0631,PERSONNE PHYSIQUE,COMPAGNIE_02,POLICE_00918,0,TRAVEL ASSURANCE,0,AFFAIRE NOUVELLE,2025-05-02,2025-05-31,2025-04-28,2025-04-28,2025-04-28,,12900,0,2100,4900,19900,10,1300,0,0,2025,2025-04,,DATE DE PAIEMENT NON RENSEIGNEE,OK,4,2025Q2,29.0,,False,False,False,False
OP_01423,CLIENT_0023,PERSONNE PHYSIQUE,COMPAGNIE_01,POLICE_00282,0,AUTOMOBILE,MONO AUTO,RENOUVELLEMENT,2025-04-27,2026-04-25,2025-04-29,2025-04-27,2025-04-29,,130600,93300,13500,4700,148900,15,19600,0,0,2025,2025-04,,DATE DE PAIEMENT NON RENSEIGNEE,OK,4,2025Q2,363.0,,False,False,False,False
OP_01424,CLIENT_0139,PERSONNE PHYSIQUE,COMPAGNIE_03,POLICE_00295,1,AUTOMOBILE,MONO AUTO,RENOUVELLEMENT,2025-04-26,2026-04-25,2025-04-29,2025-04-26,2025-04-29,,134700,0,13600,1800,150100,15,20200,0,0,2025,2025-04,,DATE DE PAIEMENT NON RENSEIGNEE,OK,4,2025Q2,364.0,,False,False,False,False
OP_01425,CLIENT_0641,PERSONNE PHYSIQUE,COMPAGNIE_03,POLICE_00937,1,AUTOMOBILE,MONO AUTO,RENOUVELLEMENT,2025-03-09,2026-03-08,2025-04-29,2025-04-29,2025-04-29,2025-04-29,36500,0,4100,4400,45000,15,5500,0,0,2025,2025-04,0.0,DATE DE PAIEMENT RENSEIGNEE,OK,4,2025Q2,364.0,0.0,False,False,False,True
OP_01426,CLIENT_0193,PERSONNE PHYSIQUE,COMPAGNIE_04,POLICE_00323,9,AUTOMOBILE,FLOTTE MOTO,RENOUVELLEMENT,2025-05-01,2026-04-30,2025-04-30,2025-04-27,2025-04-30,2025-06-19,304000,296100,35400,4400,343900,15,45600,0,0,2025,2025-04,50.0,DATE DE PAIEMENT RENSEIGNEE,OK,4,2025Q2,364.0,50.0,False,False,False,True
OP_01427,CLIENT_0226,PERSONNE PHYSIQUE,COMPAGNIE_03,POLICE_00275,0,AUTOMOBILE,MONO AUTO,RENOUVELLEMENT,2025-04-30,2026-04-29,2025-04-30,2025-04-30,2025-04-30,,53100,52400,5800,4600,63500,15,8000,0,0,2025,2025-04,,DATE DE PAIEMENT NON RENSEIGNEE,OK,4,2025Q2,364.0,,False,False,False,False
OP_01428,CLIENT_0275,PERSONNE PHYSIQUE,COMPAGNIE_02,POLICE_00336,10,AUTOMOBILE,MONO AUTO,PROROGATION,2025-05-06,2025-11-05,2025-04-30,2025-04-30,2025-04-30,2025-06-06,60200,17600,6000,0,66200,15,9000,0,0,2025,2025-04,37.0,DATE DE PAIEMENT RENSEIGNEE,OK,4,2025Q2,183.0,37.0,False,False,False,True
OP_01429,CLIENT_0284,PERSONNE PHYSIQUE,COMPAGNIE_01,POLICE_00944,1,RC CHEF D'ENTREPRISE,RESPONSABILITE,RENOUVELLEMENT,2025-04-30,2026-04-29,2025-04-30,2025-04-30,2025-04-30,,195700,0,24200,5600,225500,17,33300,0,0,2025,2025-04,,DATE DE PAIEMENT NON RENSEIGNEE,OK,4,2025Q2,364.0,,False,False,False,False
OP_01430,CLIENT_0291,PERSONNE MORALE,COMPAGNIE_04,POLICE_00354,2,MULTIRISQUE PROFESSIONNELLE,INCENDIE,RENOUVELLEMENT,2025-04-30,2026-04-29,2025-04-30,2025-04-30,2025-04-30,2025-06-18,178200,0,32300,4700,215200,17,30300,0,0,2025,2025-04,49.0,DATE DE PAIEMENT RENSEIGNEE,OK,4,2025Q2,364.0,49.0,False,False,False,True
OP_01431,CLIENT_0112,PERSONNE PHYSIQUE,COMPAGNIE_01,POLICE_00123,0,AUTOMOBILE,MONO AUTO,AFFAIRE NOUVELLE,2025-05-16,2026-02-15,2025-05-01,2025-04-30,2025-05-01,,152500,4700,-137200,152500,167700,15,22900,0,0,2025,2025-05,,DATE DE PAIEMENT NON RENSEIGNEE,OK,5,2025Q2,275.0,,False,False,False,False
OP_01432,CLIENT_0268,PERSONNE PHYSIQUE,COMPAGNIE_02,POLICE_00951,0,TRAVEL ASSURANCE,0,AFFAIRE NOUVELLE,2025-05-18,2025-05-24,2025-05-02,2025-05-02,2025-05-02,2025-05-30,11300,0,1400,0,12600,10,1100,0,0,2025,2025-05,28.0,DATE DE PAIEMENT RENSEIGNEE,OK,5,2025Q2,6.0,28.0,False,False,False,True
OP_01433,CLIENT_0554,PERSONNE MORALE,COMPAGNIE_01,POLICE_00773,4,ASSURANCE SANTE,ASSURANCE MALADIE GROUPE,INCORPORATION,2025-04-06,2025-12-19,2025-05-02,2025-04-30,2025-05-02,,148600,0,0,2600,151300,10,14900,0,0,2025,2025-05,,DATE DE PAIEMENT NON RENSEIGNEE,OK,5,2025Q2,257.0,,False,False,False,False
OP_01434,CLIENT_0014,PERSONNE PHYSIQUE,COMPAGNIE_03,POLICE_00014,0,AUTOMOBILE,MONO AUTO,RENOUVELLEMENT,2025-05-01,2026-04-30,2025-05-03,2025-05-03,2025-05-03,,57500,56600,6300,5100,68800,15,8600,0,0,2025,2025-05,,DATE DE PAIEMENT NON RENSEIGNEE,OK,5,2025Q2,364.0,,False,False,False,False
OP_01435,CLIENT_0024,PERSONNE PHYSIQUE,COMPAGNIE_03,POLICE_00024,7,AUTOMOBILE,MONO AUTO,RENOUVELLEMENT,2025-04-20,2025-07-19,2025-05-03,2025-05-03,2025-05-03,2025-05-03,100,0,0,0,100,15,1800,0,0,2025,2025-05,0.0,DATE DE PAIEMENT RENSEIGNEE,OK,5,2025Q2,90.0,0.0,False,False,False,True
OP_01436,CLIENT_0134,PERSONNE PHYSIQUE,COMPAGNIE_03,POLICE_00347,3,AUTOMOBILE,MONO AUTO,RENOUVELLEMENT,2025-05-01,2026-04-30,2025-05-03,2025-05-03,2025-05-03,,252700,55400,25700,4400,282800,15,37900,0,0,2025,2025-05,,DATE DE PAIEMENT NON RENSEIGNEE,OK,5,2025Q2,364.0,,False,False,False,False
OP_01437,CLIENT_0251,PERSONNE PHYSIQUE,COMPAGNIE_03,POLICE_00309,0,AUTOMOBILE,MONO AUTO,RENOUVELLEMENT,2025-05-03,2026-05-02,2025-05-03,2025-05-03,2025-05-03,,39000,38200,4300,4000,47300,15,5800,0,0,2025,2025-05,,DATE DE PAIEMENT NON RENSEIGNEE,OK,5,2025Q2,364.0,,False,False,False,False
OP_01438,CLIENT_0293,PERSONNE PHYSIQUE,COMPAGNIE_06,POLICE_00356,4,AUTOMOBILE,MONO AUTO,RENOUVELLEMENT,2025-05-07,2026-05-06,2025-05-03,2025-05-03,2025-05-03,,386400,61500,39200,5200,430800,15,58000,0,0,2025,2025-05,,DATE DE PAIEMENT NON RENSEIGNEE,OK,5,2025Q2,364.0,,False,False,False,False
OP_01439,CLIENT_0640,PERSONNE PHYSIQUE,COMPAGNIE_02,POLICE_00936,0,AUTOMOBILE,MONO AUTO,AFFAIRE NOUVELLE,2025-05-04,2026-05-03,2025-05-04,2025-05-04,2025-05-04,,390000,77400,39300,3100,432500,15,58500,0,0,2025,2025-05,,DATE DE PAIEMENT NON RENSEIGNEE,OK,5,2025Q2,364.0,,False,False,False,False
OP_01440,CLIENT_0645,PERSONNE MORALE,COMPAGNIE_06,POLICE_00122,0,AUTOMOBILE,FLOTTE AUTOMOBILE,INCORPORATION,2025-05-02,2026-01-30,2025-05-04,2025-05-15,2025-05-15,,88900,85300,11200,4700,104800,15,13300,0,0,2025,2025-05,,DATE DE PAIEMENT NON RENSEIGNEE,OK,5,2025Q2,273.0,,False,False,False,False
OP_01441,CLIENT_0050,PERSONNE MORALE,COMPAGNIE_06,POLICE_00050,152,AUTOMOBILE,FLOTTE AUTOMOBILE,INCORPORATION,2025-05-04,2026-01-06,2025-05-05,2025-05-04,2025-05-05,,37400,0,3900,1000,42300,15,5600,0,0,2025,2025-05,,DATE DE PAIEMENT NON RENSEIGNEE,OK,5,2025Q2,247.0,,False,False,False,False
OP_01442,CLIENT_0039,PERSONNE MORALE,COMPAGNIE_09,POLICE_00953,0,ASSURANCE SANTE,ASSURANCE MALADIE GROUPE,AFFAIRE NOUVELLE,2025-05-05,2026-05-04,2025-05-06,2025-05-16,2025-05-17,2025-06-06,4064700,0,0,69500,4134200,10,406500,0,0,2025,2025-05,20.0,DATE DE PAIEMENT RENSEIGNEE,OK,5,2025Q2,364.0,20.0,False,False,False,True
OP_01443,CLIENT_0637,PERSONNE PHYSIQUE,COMPAGNIE_02,POLICE_00930,0,TRAVEL ASSURANCE,0,AFFAIRE NOUVELLE,2025-05-13,2025-06-12,2025-05-06,2025-05-06,2025-05-06,,12300,0,2000,4700,19000,10,1200,0,0,2025,2025-05,,DATE DE PAIEMENT NON RENSEIGNEE,OK,5,2025Q2,30.0,,False,False,False,False
OP_01444,CLIENT_0647,PERSONNE PHYSIQUE,COMPAGNIE_01,POLICE_00946,1,TRAVEL ASSURANCE,0,AFFAIRE NOUVELLE,2025-05-25,2025-06-24,2025-05-06,2025-05-05,2025-05-06,,18100,0,2400,1900,22400,10,1800,0,0,2025,2025-05,,DATE DE PAIEMENT NON RENSEIGNEE,OK,5,2025Q2,30.0,,False,False,False,False
OP_01445,CLIENT_0205,PERSONNE PHYSIQUE,COMPAGNIE_03,POLICE_00117,6,AUTOMOBILE,MONO AUTO,RENOUVELLEMENT,2025-05-07,2025-11-06,2025-05-07,2025-05-07,2025-05-07,,27000,26100,3100,3800,33900,15,4000,0,0,2025,2025-05,,DATE DE PAIEMENT NON RENSEIGNEE,OK,5,2025Q2,183.0,,False,False,False,False
OP_01446,CLIENT_0644,PERSONNE PHYSIQUE,COMPAGNIE_03,POLICE_00941,0,AUTOMOBILE,FLOTTE AUTOMOBILE,AFFAIRE NOUVELLE,2025-05-07,2025-11-05,2025-05-07,2025-05-07,2025-05-07,,38300,36900,4400,4800,47500,15,5700,0,0,2025,2025-05,,DATE DE PAIEMENT NON RENSEIGNEE,OK,5,2025Q2,182.0,,False,False,False,False
OP_01447,CLIENT_0157,PERSONNE MORALE,COMPAGNIE_09,POLICE_00928,7,AUTOMOBILE,FLOTTE AUTOMOBILE,INCORPORATION,2025-05-07,2025-12-17,2025-05-08,2025-07-17,2025-07-17,2025-08-04,175500,55700,21400,4300,201200,15,26300,0,0,2025,2025-05,18.0,DATE DE PAIEMENT RENSEIGNEE,OK,5,2025Q2,224.0,18.0,False,False,False,True
OP_01448,CLIENT_0518,PERSONNE PHYSIQUE,COMPAGNIE_03,POLICE_00949,0,AUTOMOBILE,MONO AUTO,AFFAIRE NOUVELLE,2025-05-08,2025-11-07,2025-05-08,2025-05-08,2025-05-08,,56300,55700,7300,4600,68200,15,8400,0,0,2025,2025-05,,DATE DE PAIEMENT NON RENSEIGNEE,OK,5,2025Q2,183.0,,False,False,False,False
OP_01449,CLIENT_0655,PERSONNE PHYSIQUE,COMPAGNIE_03,POLICE_00961,0,AUTOMOBILE,MONO AUTO,AFFAIRE NOUVELLE,2025-05-07,2026-05-06,2025-05-08,2025-05-08,2025-05-08,,43700,42400,4800,4600,53100,15,6600,0,0,2025,2025-05,,DATE DE PAIEMENT NON RENSEIGNEE,OK,5,2025Q2,364.0,,False,False,False,False
OP_01450,CLIENT_0157,PERSONNE MORALE,COMPAGNIE_09,POLICE_00812,0,AUTOMOBILE,FLOTTE AUTOMOBILE,AFFAIRE NOUVELLE,2024-12-18,2025-12-17,2025-05-09,2025-05-09,2025-05-09,2025-06-02,9422000,0,0,0,9422000,15,1413300,0,0,2025,2025-05,24.0,DATE DE PAIEMENT RENSEIGNEE,OK,5,2025Q2,364.0,24.0,False,False,False,True
OP_01451,CLIENT_0245,PERSONNE PHYSIQUE,COMPAGNIE_03,POLICE_00303,1,AUTOMOBILE,MONO AUTO,RENOUVELLEMENT,2025-05-09,2026-05-08,2025-05-09,2025-05-09,2025-05-09,,68100,67400,7200,3700,79000,15,10200,0,0,2025,2025-05,,DATE DE PAIEMENT NON RENSEIGNEE,OK,5,2025Q2,364.0,,False,False,False,False
OP_01452,CLIENT_0269,PERSONNE PHYSIQUE,COMPAGNIE_03,POLICE_00330,0,AUTOMOBILE,MONO AUTO,RENOUVELLEMENT,2025-05-09,2025-11-06,2025-05-09,2025-05-09,2025-05-09,,28600,28200,3200,3300,35000,15,4300,0,0,2025,2025-05,,DATE DE PAIEMENT NON RENSEIGNEE,OK,5,2025Q2,181.0,,False,False,False,False
OP_01453,CLIENT_0642,PERSONNE PHYSIQUE,COMPAGNIE_03,POLICE_00938,1,AUTOMOBILE,MONO AUTO,RENOUVELLEMENT,2025-03-19,2026-03-18,2025-05-09,2025-05-09,2025-05-09,2025-05-09,18300,0,2400,5900,26600,15,2700,0,0,2025,2025-05,0.0,DATE DE PAIEMENT RENSEIGNEE,OK,5,2025Q2,364.0,0.0,False,False,False,True
OP_01454,CLIENT_0653,PERSONNE PHYSIQUE,COMPAGNIE_02,POLICE_00957,0,TRAVEL ASSURANCE,0,AFFAIRE NOUVELLE,2025-07-26,2025-08-07,2025-05-09,2025-05-09,2025-05-09,2025-06-03,12900,0,1600,0,14500,10,1300,0,0,2025,2025-05,25.0,DATE DE PAIEMENT RENSEIGNEE,OK,5,2025Q2,12.0,25.0,False,False,False,True
OP_01455,CLIENT_0139,PERSONNE PHYSIQUE,COMPAGNIE_03,POLICE_00295,1,AUTOMOBILE,MONO AUTO,RENOUVELLEMENT,2025-04-26,2026-04-24,2025-05-11,2025-05-11,2025-05-11,2025-05-11,168700,0,17100,2200,188100,15,25300,0,0,2025,2025-05,0.0,DATE DE PAIEMENT RENSEIGNEE,OK,5,2025Q2,363.0,0.0,False,False,False,True
OP_01456,CLIENT_0263,PERSONNE PHYSIQUE,COMPAGNIE_02,POLICE_00324,6,AUTOMOBILE,MONO AUTO,RENOUVELLEMENT,2025-05-12,2026-05-11,2025-05-11,2025-05-11,2025-05-11,2025-06-19,191900,61000,19500,3200,214700,15,28800,0,0,2025,2025-05,39.0,DATE DE PAIEMENT RENSEIGNEE,OK,5,2025Q2,364.0,39.0,False,False,False,True
OP_01457,CLIENT_0615,PERSONNE PHYSIQUE,COMPAGNIE_09,POLICE_00875,1,AUTOMOBILE,MONO AUTO,PROROGATION,2025-05-10,2025-08-09,2025-05-11,2025-07-26,2025-07-26,2025-08-13,40000,14100,4200,2400,46600,15,6000,0,0,2025,2025-05,18.0,DATE DE PAIEMENT RENSEIGNEE,OK,5,2025Q2,91.0,18.0,False,False,False,True
OP_01458,CLIENT_0216,PERSONNE PHYSIQUE,COMPAGNIE_02,POLICE_00965,0,TRAVEL ASSURANCE,0,AFFAIRE NOUVELLE,2025-05-28,2025-07-14,2025-05-12,2025-05-12,2025-05-12,2025-06-02,25300,0,3000,0,28400,10,2500,0,0,2025,2025-05,21.0,DATE DE PAIEMENT RENSEIGNEE,OK,5,2025Q2,47.0,21.0,False,False,False,True
OP_01459,CLIENT_0225,PERSONNE PHYSIQUE,COMPAGNIE_02,POLICE_00966,0,TRAVEL ASSURANCE,0,AFFAIRE NOUVELLE,2025-05-21,2025-05-25,2025-05-12,2025-05-12,2025-05-12,2025-05-30,4700,0,1100,4300,10100,10,500,0,0,2025,2025-05,18.0,DATE DE PAIEMENT RENSEIGNEE,OK,5,2025Q2,4.0,18.0,False,False,False,True
OP_01460,CLIENT_0297,PERSONNE PHYSIQUE,COMPAGNIE_03,POLICE_00361,8,AUTOMOBILE,MONO AUTO,RENOUVELLEMENT,2025-05-13,2025-08-12,2025-05-12,2025-05-12,2025-05-12,,11300,10800,1200,1000,13500,15,1700,0,0,2025,2025-05,,DATE DE PAIEMENT NON RENSEIGNEE,OK,5,2025Q2,91.0,,False,False,False,False
OP_01461,CLIENT_0312,PERSONNE PHYSIQUE,COMPAGNIE_01,POLICE_00389,3,AUTOMOBILE,MONO AUTO,RENOUVELLEMENT,2025-05-02,2025-08-04,2025-05-12,2025-06-14,2025-06-14,,47000,46700,5800,1100,53800,15,7000,0,0,2025,2025-05,,DATE DE PAIEMENT NON RENSEIGNEE,OK,5,2025Q2,94.0,,False,False,False,False
OP_01462,CLIENT_0643,PERSONNE MORALE,COMPAGNIE_03,POLICE_00461,0,BRIS DE MACHINE,0,AFFAIRE NOUVELLE,2025-04-30,2026-04-29,2025-05-12,2025-05-12,2025-05-12,2025-05-12,26475600,0,3178300,10500,29664400,17,4500800,0,0,2025,2025-05,0.0,DATE DE PAIEMENT RENSEIGNEE,OK,5,2025Q2,364.0,0.0,False,False,False,True
OP_01463,CLIENT_0643,PERSONNE MORALE,COMPAGNIE_09,POLICE_00939,0,TOUS RISQUES CHANTIER,DOMMAGES AUX BIENS,AFFAIRE NOUVELLE,2025-04-13,2025-09-12,2025-05-12,2025-05-12,2025-05-12,2025-05-12,21200900,0,2544800,5700,23751400,17,3604200,0,0,2025,2025-05,0.0,DATE DE PAIEMENT RENSEIGNEE,OK,5,2025Q2,152.0,0.0,False,False,False,True
OP_01464,CLIENT_0643,PERSONNE MORALE,COMPAGNIE_03,POLICE_00940,0,MULTIRISQUE PROFESSIONNELLE,0,AFFAIRE NOUVELLE,2025-04-30,2026-04-29,2025-05-12,2025-05-12,2025-05-12,2025-05-12,2687900,0,453300,8600,3149800,17,456900,0,0,2025,2025-05,0.0,DATE DE PAIEMENT RENSEIGNEE,OK,5,2025Q2,364.0,0.0,False,False,False,True
OP_01465,CLIENT_0646,PERSONNE PHYSIQUE,COMPAGNIE_02,POLICE_00943,0,TRAVEL ASSURANCE,0,AFFAIRE NOUVELLE,2025-07-31,2025-08-11,2025-05-12,2025-05-12,2025-05-12,2025-06-19,8100,0,1500,4300,13900,10,800,0,0,2025,2025-05,38.0,DATE DE PAIEMENT RENSEIGNEE,OK,5,2025Q2,11.0,38.0,False,False,False,True
OP_01466,CLIENT_0651,PERSONNE PHYSIQUE,COMPAGNIE_02,POLICE_00955,0,TRAVEL ASSURANCE,0,AFFAIRE NOUVELLE,2025-07-29,2025-08-10,2025-05-12,2025-05-12,2025-05-12,2025-06-06,13500,0,1600,0,15100,10,1400,0,0,2025,2025-05,25.0,DATE DE PAIEMENT RENSEIGNEE,OK,5,2025Q2,12.0,25.0,False,False,False,True
OP_01467,CLIENT_0276,PERSONNE PHYSIQUE,COMPAGNIE_03,POLICE_00545,4,AUTOMOBILE,MONO AUTO,RENOUVELLEMENT,2025-05-15,2025-08-14,2025-05-13,2025-05-13,2025-05-13,,12100,11800,1700,5100,18900,15,1800,0,0,2025,2025-05,,DATE DE PAIEMENT NON RENSEIGNEE,OK,5,2025Q2,91.0,,False,False,False,False
OP_01468,CLIENT_0043,PERSONNE MORALE,COMPAGNIE_03,POLICE_00897,9,ASSURANCE SANTE,ASSURANCE MALADIE GROUPE,INCORPORATION,2025-05-06,2026-01-24,2025-05-14,2026-01-06,2026-01-06,2026-01-06,205900,0,0,13200,219000,10,20600,0,0,2025,2025-05,0.0,DATE DE PAIEMENT RENSEIGNEE,OK,5,2025Q2,263.0,0.0,False,False,False,True
OP_01469,CLIENT_0311,PERSONNE PHYSIQUE,COMPAGNIE_01,POLICE_00247,0,AUTOMOBILE,MONO AUTO,RENOUVELLEMENT,2025-05-11,2026-05-10,2025-05-14,2025-05-11,2025-05-14,,53000,50600,5700,4300,62900,15,7900,0,0,2025,2025-05,,DATE DE PAIEMENT NON RENSEIGNEE,OK,5,2025Q2,364.0,,False,False,False,False
OP_01470,CLIENT_0478,PERSONNE PHYSIQUE,COMPAGNIE_02,POLICE_00947,1,TRAVEL ASSURANCE,0,AFFAIRE NOUVELLE,2025-05-18,2025-06-16,2025-05-14,2025-05-14,2025-05-14,2025-06-11,18900,0,2300,0,21100,10,1900,0,0,2025,2025-05,28.0,DATE DE PAIEMENT RENSEIGNEE,OK,5,2025Q2,29.0,28.0,False,False,False,True
OP_01471,CLIENT_0645,PERSONNE MORALE,COMPAGNIE_06,POLICE_00950,77,AUTOMOBILE,FLOTTE AUTOMOBILE,INCORPORATION,2025-05-15,2026-01-30,2025-05-15,2025-11-02,2025-11-02,2026-01-11,77700,74400,9800,4300,91800,15,11700,0,0,2025,2025-05,70.0,DATE DE PAIEMENT RENSEIGNEE,OK,5,2025Q2,260.0,70.0,False,False,False,True
OP_01472,CLIENT_0387,PERSONNE PHYSIQUE,COMPAGNIE_01,POLICE_00748,2,AUTOMOBILE,MONO AUTO,PROROGATION,2025-05-15,2025-11-14,2025-05-16,2025-05-15,2025-05-16,,97300,23200,9700,0,107000,15,14600,0,0,2025,2025-05,,DATE DE PAIEMENT NON RENSEIGNEE,OK,5,2025Q2,183.0,,False,False,False,False
OP_01473,CLIENT_0051,PERSONNE MORALE,COMPAGNIE_06,POLICE_00242,55,AUTOMOBILE,FLOTTE AUTOMOBILE,INCORPORATION,2025-05-15,2026-02-12,2025-05-17,2025-05-28,2025-05-28,,31400,29700,3200,900,35500,15,4700,0,0,2025,2025-05,,DATE DE PAIEMENT NON RENSEIGNEE,OK,5,2025Q2,273.0,,False,False,False,False
OP_01474,CLIENT_0246,PERSONNE PHYSIQUE,COMPAGNIE_01,POLICE_00964,1,TRAVEL ASSURANCE,0,AFFAIRE NOUVELLE,2025-07-08,2025-10-08,2025-05-17,2025-05-17,2025-05-17,,37700,0,3300,3300,44300,10,3800,0,0,2025,2025-05,,DATE DE PAIEMENT NON RENSEIGNEE,OK,5,2025Q2,92.0,,False,False,False,False
OP_01475,CLIENT_0309,PERSONNE PHYSIQUE,COMPAGNIE_02,POLICE_00385,6,AUTOMOBILE,MONO AUTO,RENOUVELLEMENT,2025-05-14,2026-05-13,2025-05-17,2025-05-16,2025-05-17,2025-06-02,130400,48100,13300,2600,146300,15,19600,0,0,2025,2025-05,16.0,DATE DE PAIEMENT RENSEIGNEE,OK,5,2025Q2,364.0,16.0,False,False,False,True
OP_01476,CLIENT_0337,PERSONNE PHYSIQUE,COMPAGNIE_03,POLICE_00429,1,AUTOMOBILE,MONO AUTO,RENOUVELLEMENT,2025-05-25,2026-05-24,2025-05-17,2025-05-17,2025-05-17,,41300,40500,4600,5000,50900,15,6200,0,0,2025,2025-05,,DATE DE PAIEMENT NON RENSEIGNEE,OK,5,2025Q2,364.0,,False,False,False,False
OP_01477,CLIENT_0659,PERSONNE PHYSIQUE,COMPAGNIE_02,POLICE_00968,0,TRAVEL ASSURANCE,0,AFFAIRE NOUVELLE,2025-08-02,2025-08-18,2025-05-18,2025-05-18,2025-05-18,2025-06-05,10800,0,1800,4300,16900,10,1100,0,0,2025,2025-05,18.0,DATE DE PAIEMENT RENSEIGNEE,OK,5,2025Q2,16.0,18.0,False,False,False,True
OP_01478,CLIENT_0010,PERSONNE MORALE,COMPAGNIE_05,POLICE_00010,34,AUTOMOBILE,FLOTTE AUTOMOBILE,INCORPORATION,2025-01-07,2026-01-06,2025-05-19,2025-06-09,2025-06-09,2025-11-10,21500,17200,2600,4400,28500,15,3200,0,0,2025,2025-05,154.0,DATE DE PAIEMENT RENSEIGNEE,OK,5,2025Q2,364.0,154.0,False,False,False,True
OP_01479,CLIENT_0043,PERSONNE MORALE,COMPAGNIE_03,POLICE_00897,10,ASSURANCE SANTE,ASSURANCE MALADIE GROUPE,INCORPORATION,2025-01-25,2026-01-24,2025-05-19,2026-01-06,2026-01-06,2026-01-06,521300,0,0,13300,534600,10,52100,0,0,2025,2025-05,0.0,DATE DE PAIEMENT RENSEIGNEE,OK,5,2025Q2,364.0,0.0,False,False,False,True
OP_01480,CLIENT_0043,PERSONNE MORALE,COMPAGNIE_03,POLICE_00897,11,ASSURANCE SANTE,ASSURANCE MALADIE GROUPE,INCORPORATION,2025-01-25,2026-01-24,2025-05-19,2026-01-06,2026-01-06,2026-01-06,665400,0,0,17000,682400,10,66500,0,0,2025,2025-05,0.0,DATE DE PAIEMENT RENSEIGNEE,OK,5,2025Q2,364.0,0.0,False,False,False,True
OP_01481,CLIENT_0308,PERSONNE MORALE,COMPAGNIE_01,POLICE_00378,0,AUTOMOBILE,MONO AUTO,RENOUVELLEMENT,2024-05-11,2025-05-10,2025-05-19,2025-05-18,2025-05-19,,758900,0,0,5700,764600,15,113800,0,0,2025,2025-05,,DATE DE PAIEMENT NON RENSEIGNEE,OK,5,2025Q2,364.0,,False,False,False,False
OP_01482,CLIENT_0308,PERSONNE MORALE,COMPAGNIE_01,POLICE_00378,0,AUTOMOBILE,MONO AUTO,INCORPORATION,2025-01-04,2025-05-10,2025-05-19,2025-05-18,2025-05-19,,24900,0,0,0,24900,15,3700,0,0,2025,2025-05,,DATE DE PAIEMENT NON RENSEIGNEE,OK,5,2025Q2,126.0,,False,False,False,False
OP_01483,CLIENT_0512,PERSONNE PHYSIQUE,COMPAGNIE_03,POLICE_00684,2,AUTOMOBILE,MONO AUTO,RENOUVELLEMENT,2025-05-19,2026-05-19,2025-05-19,2025-05-19,2025-05-19,,39900,38900,4400,4400,48700,15,6000,0,0,2025,2025-05,,DATE DE PAIEMENT NON RENSEIGNEE,OK,5,2025Q2,365.0,,False,False,False,False
OP_01484,CLIENT_0654,PERSONNE PHYSIQUE,COMPAGNIE_02,POLICE_00958,0,TRAVEL ASSURANCE,0,AFFAIRE NOUVELLE,2025-08-06,2025-08-18,2025-05-19,2025-05-19,2025-05-19,2025-06-13,14700,0,1800,0,16400,10,1500,0,0,2025,2025-05,25.0,DATE DE PAIEMENT RENSEIGNEE,OK,5,2025Q2,12.0,25.0,False,False,False,True
OP_01485,CLIENT_0043,PERSONNE MORALE,COMPAGNIE_03,POLICE_00897,12,ASSURANCE SANTE,ASSURANCE MALADIE GROUPE,INCORPORATION,2025-01-25,2026-01-24,2025-05-20,2026-01-06,2026-01-06,2026-01-06,75500,0,0,4600,80100,10,7600,0,0,2025,2025-05,0.0,DATE DE PAIEMENT RENSEIGNEE,OK,5,2025Q2,364.0,0.0,False,False,False,True
OP_01486,CLIENT_0043,PERSONNE MORALE,COMPAGNIE_03,POLICE_00897,13,ASSURANCE SANTE,ASSURANCE MALADIE GROUPE,INCORPORATION,2025-01-25,2026-01-24,2025-05-20,2026-01-06,2026-01-06,2026-01-06,91000,0,0,5600,96500,10,9100,0,0,2025,2025-05,0.0,DATE DE PAIEMENT RENSEIGNEE,OK,5,2025Q2,364.0,0.0,False,False,False,True
OP_01487,CLIENT_0341,PERSONNE PHYSIQUE,COMPAGNIE_03,POLICE_00437,4,AUTOMOBILE,MONO AUTO,RENOUVELLEMENT,2025-05-21,2026-05-20,2025-05-20,2025-05-20,2025-05-20,,47200,46300,5300,5700,58200,15,7100,0,0,2025,2025-05,,DATE DE PAIEMENT NON RENSEIGNEE,OK,5,2025Q2,364.0,,False,False,False,False
OP_01488,CLIENT_0525,PERSONNE PHYSIQUE,COMPAGNIE_03,POLICE_00959,0,AUTOMOBILE,MONO AUTO,AFFAIRE NOUVELLE,2025-06-26,2026-06-25,2025-05-20,2025-05-19,2025-05-20,,58200,57400,6300,5100,69600,15,8700,0,0,2025,2025-05,,DATE DE PAIEMENT NON RENSEIGNEE,OK,5,2025Q2,364.0,,False,False,False,False
OP_01489,CLIENT_0061,PERSONNE PHYSIQUE,COMPAGNIE_02,POLICE_00061,7,AUTOMOBILE,MONO AUTO,PROROGATION,2025-05-26,2025-08-25,2025-05-21,2025-05-21,2025-05-21,2025-06-22,41200,13600,4100,0,45400,15,6200,0,0,2025,2025-05,32.0,DATE DE PAIEMENT RENSEIGNEE,OK,5,2025Q2,91.0,32.0,False,False,False,True
OP_01490,CLIENT_0191,PERSONNE PHYSIQUE,COMPAGNIE_04,POLICE_00823,2,AUTOMOBILE,MONO AUTO,RENOUVELLEMENT,2025-04-13,2026-04-12,2025-05-21,2025-05-18,2025-05-21,2025-06-26,120600,118800,14900,3400,138900,15,18100,0,0,2025,2025-05,36.0,DATE DE PAIEMENT RENSEIGNEE,OK,5,2025Q2,364.0,36.0,False,False,False,True
OP_01491,CLIENT_0262,PERSONNE PHYSIQUE,COMPAGNIE_05,POLICE_00321,1,AUTOMOBILE,MONO AUTO,RENOUVELLEMENT,2025-05-19,2026-05-18,2025-05-21,2025-05-21,2025-05-21,2025-11-19,104800,43700,11000,5000,120700,15,15700,0,0,2025,2025-05,182.0,DATE DE PAIEMENT RENSEIGNEE,OK,5,2025Q2,364.0,182.0,False,False,False,True
OP_01492,CLIENT_0280,PERSONNE PHYSIQUE,COMPAGNIE_04,POLICE_00341,7,AUTOMOBILE,MONO AUTO,RENOUVELLEMENT,2025-05-24,2026-05-23,2025-05-21,2025-05-21,2025-05-21,2025-07-08,37000,35700,4000,2600,43600,15,5600,0,0,2025,2025-05,48.0,DATE DE PAIEMENT RENSEIGNEE,OK,5,2025Q2,364.0,48.0,False,False,False,True
OP_01493,CLIENT_0620,PERSONNE PHYSIQUE,COMPAGNIE_03,POLICE_00896,1,AUTOMOBILE,MONO AUTO,RENOUVELLEMENT,2025-06-01,2025-08-31,2025-05-21,2025-05-21,2025-05-21,,11200,11000,1200,1000,13300,15,1700,0,0,2025,2025-05,,DATE DE PAIEMENT NON RENSEIGNEE,OK,5,2025Q2,91.0,,False,False,False,False
OP_01494,CLIENT_0240,PERSONNE PHYSIQUE,COMPAGNIE_01,POLICE_00525,5,AUTOMOBILE,FLOTTE AUTOMOBILE,INCORPORATION,2025-05-23,2025-07-19,2025-05-23,2025-05-23,2025-05-23,,25300,11200,3000,4700,33100,15,3800,0,0,2025,2025-05,,DATE DE PAIEMENT NON RENSEIGNEE,OK,5,2025Q2,57.0,,False,False,False,False
OP_01495,CLIENT_0283,PERSONNE PHYSIQUE,COMPAGNIE_03,POLICE_00945,0,AUTOMOBILE,MONO AUTO,AFFAIRE NOUVELLE,2025-05-23,2025-11-22,2025-05-23,2025-05-20,2025-05-23,,22900,22500,2600,3100,28600,15,3400,0,0,2025,2025-05,,DATE DE PAIEMENT NON RENSEIGNEE,OK,5,2025Q2,183.0,,False,False,False,False
OP_01496,CLIENT_0648,PERSONNE PHYSIQUE,COMPAGNIE_03,POLICE_00948,0,AUTOMOBILE,MONO AUTO,AFFAIRE NOUVELLE,2025-05-22,2025-08-21,2025-05-23,2025-05-23,2025-05-23,,20600,20200,2600,5200,28400,15,3100,0,0,2025,2025-05,,DATE DE PAIEMENT NON RENSEIGNEE,OK,5,2025Q2,91.0,,False,False,False,False
OP_01497,CLIENT_0306,PERSONNE PHYSIQUE,COMPAGNIE_03,POLICE_00373,2,AUTOMOBILE,MONO AUTO,RENOUVELLEMENT,2025-05-25,2026-05-24,2025-05-24,2025-05-21,2025-05-24,,59300,58500,6500,5200,70900,15,8900,0,0,2025,2025-05,,DATE DE PAIEMENT NON RENSEIGNEE,OK,5,2025Q2,364.0,,False,False,False,False
OP_01498,CLIENT_0658,PERSONNE PHYSIQUE,COMPAGNIE_02,POLICE_00967,0,TRAVEL ASSURANCE,0,AFFAIRE NOUVELLE,2025-08-28,2025-09-09,2025-05-24,2025-05-24,2025-05-24,2025-06-11,8700,0,1600,4600,15000,10,900,0,0,2025,2025-05,18.0,DATE DE PAIEMENT RENSEIGNEE,OK,5,2025Q2,12.0,18.0,False,False,False,True
OP_01499,CLIENT_0336,PERSONNE PHYSIQUE,COMPAGNIE_05,POLICE_00426,1,AUTOMOBILE,MONO AUTO,RENOUVELLEMENT,2025-05-26,2025-08-25,2025-05-25,2025-05-25,2025-05-25,2025-11-11,12500,11200,1400,1900,15800,15,1900,0,0,2025,2025-05,170.0,DATE DE PAIEMENT RENSEIGNEE,OK,5,2025Q2,91.0,170.0,False,False,False,True
OP_01500,CLIENT_0649,PERSONNE PHYSIQUE,COMPAGNIE_04,POLICE_00952,0,AUTOMOBILE,MONO AUTO,AFFAIRE NOUVELLE,2025-05-23,2026-05-22,2025-05-25,2025-05-25,2025-05-25,2025-07-03,44400,42000,4700,2800,51900,15,6700,0,0,2025,2025-05,39.0,DATE DE PAIEMENT RENSEIGNEE,OK,5,2025Q2,364.0,39.0,False,False,False,True
OP_01501,CLIENT_0650,PERSONNE PHYSIQUE,COMPAGNIE_02,POLICE_00954,0,TRAVEL ASSURANCE,0,AFFAIRE NOUVELLE,2025-08-11,2025-08-23,2025-05-25,2025-05-25,2025-05-25,2025-06-19,16300,0,2000,0,18300,10,1600,0,0,2025,2025-05,25.0,DATE DE PAIEMENT RENSEIGNEE,OK,5,2025Q2,12.0,25.0,False,False,False,True
OP_01502,CLIENT_0518,PERSONNE PHYSIQUE,COMPAGNIE_03,POLICE_00726,1,AUTOMOBILE,MONO AUTO,RENOUVELLEMENT,2025-05-22,2025-08-21,2025-05-26,2025-05-22,2025-05-26,,27500,26900,3700,3600,34900,15,4100,0,0,2025,2025-05,,DATE DE PAIEMENT NON RENSEIGNEE,OK,5,2025Q2,91.0,,False,False,False,False
OP_01503,CLIENT_0540,PERSONNE PHYSIQUE,COMPAGNIE_03,POLICE_00746,2,AUTOMOBILE,MONO AUTO,RENOUVELLEMENT,2025-05-28,2025-08-27,2025-05-26,2025-05-25,2025-05-26,,10200,10000,1100,1000,12400,15,1500,0,0,2025,2025-05,,DATE DE PAIEMENT NON RENSEIGNEE,OK,5,2025Q2,91.0,,False,False,False,False
OP_01504,CLIENT_0652,PERSONNE PHYSIQUE,COMPAGNIE_02,POLICE_00956,0,TRAVEL ASSURANCE,0,AFFAIRE NOUVELLE,2025-08-13,2025-08-27,2025-05-27,2025-05-27,2025-05-27,2025-06-21,12400,0,1500,0,13900,10,1200,0,0,2025,2025-05,25.0,DATE DE PAIEMENT RENSEIGNEE,OK,5,2025Q2,14.0,25.0,False,False,False,True
OP_01505,CLIENT_0051,PERSONNE MORALE,COMPAGNIE_06,POLICE_00051,54,AUTOMOBILE,FLOTTE AUTOMOBILE,MODIFICATION,2025-04-02,2026-02-12,2025-05-28,2025-05-28,2025-05-28,,2200,0,0,0,2200,0,0,0,0,2025,2025-05,,DATE DE PAIEMENT NON RENSEIGNEE,OK,5,2025Q2,316.0,,False,False,False,False
OP_01506,CLIENT_0662,PERSONNE PHYSIQUE,COMPAGNIE_05,POLICE_00430,1,AUTOMOBILE,MONO AUTO,RENOUVELLEMENT,2025-05-28,2025-11-26,2025-05-28,2025-05-28,2025-05-28,,20300,17700,2500,4300,27100,15,3000,0,0,2025,2025-05,,DATE DE PAIEMENT NON RENSEIGNEE,OK,5,2025Q2,182.0,,False,False,False,False
OP_01507,CLIENT_0050,PERSONNE MORALE,COMPAGNIE_06,POLICE_00050,153,AUTOMOBILE,FLOTTE AUTOMOBILE,INCORPORATION,2025-05-28,2026-01-06,2025-05-29,2025-05-28,2025-05-29,2026-01-18,34800,32800,3600,1100,39400,15,5200,0,0,2025,2025-05,234.0,DATE DE PAIEMENT RENSEIGNEE,OK,5,2025Q2,223.0,234.0,False,False,False,True
OP_01508,CLIENT_0225,PERSONNE PHYSIQUE,COMPAGNIE_02,POLICE_00978,1,TRAVEL ASSURANCE,0,RENOUVELLEMENT,2025-05-30,2025-06-08,2025-05-29,2025-05-29,2025-05-29,2025-07-28,12300,0,1500,0,13800,10,1200,0,0,2025,2025-05,60.0,DATE DE PAIEMENT RENSEIGNEE,OK,5,2025Q2,9.0,60.0,False,False,False,True
OP_01509,CLIENT_0318,PERSONNE MORALE,COMPAGNIE_01,POLICE_00971,0,AUTOMOBILE,MONO AUTO,AFFAIRE NOUVELLE,2025-05-30,2026-05-29,2025-05-30,2026-05-29,2026-05-29,2026-07-13,61000,59900,6600,5000,72600,15,9100,0,0,2025,2025-05,45.0,DATE DE PAIEMENT RENSEIGNEE,OK,5,2025Q2,364.0,45.0,False,False,False,True
OP_01510,CLIENT_0656,PERSONNE PHYSIQUE,COMPAGNIE_03,POLICE_00962,0,AUTOMOBILE,MONO AUTO,AFFAIRE NOUVELLE,2025-05-30,2025-08-29,2025-05-30,2025-05-30,2025-05-30,,16700,16500,2200,5500,24400,15,2500,0,0,2025,2025-05,,DATE DE PAIEMENT NON RENSEIGNEE,OK,5,2025Q2,91.0,,False,False,False,False
OP_01511,CLIENT_0664,PERSONNE MORALE,COMPAGNIE_01,POLICE_00973,1,AUTOMOBILE,MONO AUTO,AFFAIRE NOUVELLE,2025-05-30,2026-05-29,2025-05-30,2025-06-09,2025-06-12,,103000,101100,12900,4800,120800,15,15500,0,0,2025,2025-05,,DATE DE PAIEMENT NON RENSEIGNEE,OK,5,2025Q2,364.0,,False,False,False,False
OP_01512,CLIENT_0343,PERSONNE PHYSIQUE,COMPAGNIE_02,POLICE_00441,5,AUTOMOBILE,MONO AUTO,RENOUVELLEMENT,2025-05-29,2026-05-28,2025-05-31,2025-05-27,2025-05-31,2025-08-02,141200,56700,14400,2900,158500,15,21200,0,0,2025,2025-05,63.0,DATE DE PAIEMENT RENSEIGNEE,OK,5,2025Q2,364.0,63.0,False,False,False,True
OP_01513,CLIENT_0418,PERSONNE PHYSIQUE,COMPAGNIE_03,POLICE_00960,0,AUTOMOBILE,MONO AUTO,AFFAIRE NOUVELLE,2025-05-30,2026-05-29,2025-05-31,2025-05-30,2025-05-31,,46400,45500,5100,4800,56200,15,7000,0,0,2025,2025-05,,DATE DE PAIEMENT NON RENSEIGNEE,OK,5,2025Q2,364.0,,False,False,False,False
OP_01514,CLIENT_0538,PERSONNE PHYSIQUE,COMPAGNIE_03,POLICE_00744,2,AUTOMOBILE,MONO AUTO,RENOUVELLEMENT,2025-05-26,2025-08-25,2025-05-31,2025-05-26,2025-05-31,,11400,11200,1200,1000,13600,15,1700,0,0,2025,2025-05,,DATE DE PAIEMENT NON RENSEIGNEE,OK,5,2025Q2,91.0,,False,False,False,False
OP_01515,CLIENT_0657,PERSONNE PHYSIQUE,COMPAGNIE_01,POLICE_00963,1,AUTOMOBILE,MONO AUTO,AFFAIRE NOUVELLE,2025-05-31,2025-08-30,2025-06-01,2025-05-31,2025-06-01,,10100,9400,1200,1700,13000,15,1500,0,0,2025,2025-06,,DATE DE PAIEMENT NON RENSEIGNEE,OK,6,2025Q2,91.0,,False,False,False,False
OP_01516,CLIENT_0667,PERSONNE MORALE,COMPAGNIE_09,POLICE_00976,0,ASSURANCES TRANSPORTS,TERRESTRE,AFFAIRE NOUVELLE,2025-05-24,2026-05-23,2025-06-01,2025-11-02,2025-11-02,2025-12-09,733500,0,58800,1100,793400,15,110000,0,0,2025,2025-06,37.0,DATE DE PAIEMENT RENSEIGNEE,OK,6,2025Q2,364.0,37.0,False,False,False,True
OP_01517,CLIENT_0223,PERSONNE PHYSIQUE,COMPAGNIE_03,POLICE_00272,2,AUTOMOBILE,MONO AUTO,RENOUVELLEMENT,2025-05-30,2025-08-29,2025-06-02,2025-05-30,2025-06-02,,13200,13000,1900,5600,20700,15,2000,0,0,2025,2025-06,,DATE DE PAIEMENT NON RENSEIGNEE,OK,6,2025Q2,91.0,,False,False,False,False
OP_01518,CLIENT_0377,PERSONNE PHYSIQUE,COMPAGNIE_03,POLICE_00490,2,AUTOMOBILE,MONO AUTO,RENOUVELLEMENT,2025-05-31,2025-11-30,2025-06-02,2025-05-31,2025-06-02,,22000,21700,2500,3400,27900,15,3300,0,0,2025,2025-06,,DATE DE PAIEMENT NON RENSEIGNEE,OK,6,2025Q2,183.0,,False,False,False,False
OP_01519,CLIENT_0072,PERSONNE PHYSIQUE,COMPAGNIE_01,POLICE_00886,2,AUTOMOBILE,MONO AUTO,RENOUVELLEMENT,2025-06-09,2026-06-08,2025-06-03,2025-06-03,2025-06-03,,247500,75800,25200,4800,277500,15,37100,0,0,2025,2025-06,,DATE DE PAIEMENT NON RENSEIGNEE,OK,6,2025Q2,364.0,,False,False,False,False
OP_01520,CLIENT_0264,PERSONNE PHYSIQUE,COMPAGNIE_01,POLICE_00406,7,AUTOMOBILE,MONO AUTO,RENOUVELLEMENT,2025-06-05,2025-12-04,2025-06-03,2025-06-01,2025-06-03,,85200,39900,9100,5600,99900,15,12800,0,0,2025,2025-06,,DATE DE PAIEMENT NON RENSEIGNEE,OK,6,2025Q2,182.0,,False,False,False,False
OP_01521,CLIENT_0282,PERSONNE PHYSIQUE,COMPAGNIE_04,POLICE_00344,1,AUTOMOBILE,MONO AUTO,RENOUVELLEMENT,2025-05-29,2026-05-28,2025-06-03,2025-05-29,2025-06-03,2025-06-30,50100,48700,5300,2600,57900,15,7500,0,0,2025,2025-06,27.0,DATE DE PAIEMENT RENSEIGNEE,OK,6,2025Q2,364.0,27.0,False,False,False,True
OP_01522,CLIENT_0469,PERSONNE PHYSIQUE,COMPAGNIE_02,POLICE_00979,0,TRAVEL ASSURANCE,0,AFFAIRE NOUVELLE,2025-06-04,2025-06-13,2025-06-03,2025-06-03,2025-06-03,2025-08-02,10300,0,1200,0,11500,10,1000,0,0,2025,2025-06,60.0,DATE DE PAIEMENT RENSEIGNEE,OK,6,2025Q2,9.0,60.0,False,False,False,True
OP_01523,CLIENT_0310,PERSONNE PHYSIQUE,COMPAGNIE_02,POLICE_00387,7,AUTOMOBILE,MONO AUTO,PROROGATION,2025-05-27,2025-11-25,2025-06-04,2025-06-02,2025-06-04,2025-08-06,38100,35700,4600,0,42700,15,5700,0,0,2025,2025-06,63.0,DATE DE PAIEMENT RENSEIGNEE,OK,6,2025Q2,182.0,63.0,False,False,False,True
OP_01524,CLIENT_0424,PERSONNE PHYSIQUE,COMPAGNIE_02,POLICE_00757,1,AUTOMOBILE,MONO AUTO,AFFAIRE NOUVELLE,2025-06-08,2025-12-08,2025-06-04,2025-06-15,2025-07-06,2025-08-23,26800,23800,2900,2300,32000,15,4000,0,0,2025,2025-06,48.0,DATE DE PAIEMENT RENSEIGNEE,OK,6,2025Q2,183.0,48.0,False,False,False,True
OP_01525,CLIENT_0043,PERSONNE MORALE,COMPAGNIE_03,POLICE_00897,14,ASSURANCE SANTE,ASSURANCE MALADIE GROUPE,RETRAIT,2025-06-04,2026-01-24,2025-06-06,2026-01-06,2026-01-06,2026-01-06,-237400,0,0,0,-237400,10,-23700,0,0,2025,2025-06,0.0,DATE DE PAIEMENT RENSEIGNEE,OK,6,2025Q2,234.0,0.0,False,False,True,True
OP_01526,CLIENT_0043,PERSONNE MORALE,COMPAGNIE_03,POLICE_00897,16,ASSURANCE SANTE,ASSURANCE MALADIE GROUPE,INCORPORATION,2025-06-04,2026-01-24,2025-06-06,2026-01-06,2026-01-06,2026-01-06,62800,0,0,4500,67300,10,6300,0,0,2025,2025-06,0.0,DATE DE PAIEMENT RENSEIGNEE,OK,6,2025Q2,234.0,0.0,False,False,False,True
OP_01527,CLIENT_0349,PERSONNE PHYSIQUE,COMPAGNIE_01,POLICE_00448,3,AUTOMOBILE,MONO AUTO,RENOUVELLEMENT,2025-05-30,2025-11-28,2025-06-06,2025-06-19,2025-06-20,,25200,23400,3000,5300,33500,15,3800,0,0,2025,2025-06,,DATE DE PAIEMENT NON RENSEIGNEE,OK,6,2025Q2,182.0,,False,False,False,False
OP_01528,CLIENT_0350,PERSONNE PHYSIQUE,COMPAGNIE_02,POLICE_00450,3,AUTOMOBILE,MONO AUTO,RENOUVELLEMENT,2025-06-07,2026-06-06,2025-06-06,2025-06-06,2025-06-06,2025-08-01,212000,77600,25900,3400,241300,15,31800,0,0,2025,2025-06,56.0,DATE DE PAIEMENT RENSEIGNEE,OK,6,2025Q2,364.0,56.0,False,False,False,True
OP_01529,CLIENT_0661,PERSONNE PHYSIQUE,COMPAGNIE_03,POLICE_00970,0,AUTOMOBILE,MONO AUTO,AFFAIRE NOUVELLE,2025-06-06,2026-06-05,2025-06-06,2025-06-06,2025-06-06,,40800,39500,4400,3500,48800,15,6100,0,0,2025,2025-06,,DATE DE PAIEMENT NON RENSEIGNEE,OK,6,2025Q2,364.0,,False,False,False,False
OP_01530,CLIENT_0666,PERSONNE PHYSIQUE,COMPAGNIE_02,POLICE_00975,0,TRAVEL ASSURANCE,0,AFFAIRE NOUVELLE,2025-06-24,2026-06-23,2025-06-06,2025-06-05,2025-06-06,2025-08-07,56400,0,7400,5500,69300,10,5600,0,0,2025,2025-06,62.0,DATE DE PAIEMENT RENSEIGNEE,OK,6,2025Q2,364.0,62.0,False,False,False,True
OP_01531,CLIENT_0064,PERSONNE PHYSIQUE,COMPAGNIE_04,POLICE_00065,24,AUTOMOBILE,MONO AUTO,RENOUVELLEMENT,2025-06-13,2025-09-12,2025-06-07,2025-06-07,2025-06-07,2025-07-02,21400,21000,2500,3200,27000,15,3200,0,0,2025,2025-06,25.0,DATE DE PAIEMENT RENSEIGNEE,OK,6,2025Q2,91.0,25.0,False,False,False,True
OP_01532,CLIENT_0547,PERSONNE MORALE,COMPAGNIE_07,POLICE_00759,1,AUTOMOBILE,FLOTTE AUTOMOBILE,INCORPORATION,2025-06-01,2025-11-14,2025-06-07,2025-06-07,2025-06-07,2025-07-24,34000,0,3600,2400,40000,15,5100,0,0,2025,2025-06,47.0,DATE DE PAIEMENT RENSEIGNEE,OK,6,2025Q2,166.0,47.0,False,False,False,True
OP_01533,CLIENT_0304,PERSONNE PHYSIQUE,COMPAGNIE_04,POLICE_00982,1,AUTOMOBILE,MONO AUTO,RENOUVELLEMENT,2025-06-07,2025-12-06,2025-06-08,2025-06-07,2025-06-08,,23900,23100,2700,3000,29600,15,3600,0,0,2025,2025-06,,DATE DE PAIEMENT NON RENSEIGNEE,OK,6,2025Q2,182.0,,False,False,False,False
OP_01534,CLIENT_0660,PERSONNE PHYSIQUE,COMPAGNIE_02,POLICE_00969,0,TRAVEL ASSURANCE,0,AFFAIRE NOUVELLE,2025-08-23,2025-09-08,2025-06-08,2025-06-08,2025-06-08,2025-06-26,14300,0,2400,5700,22300,10,1400,0,0,2025,2025-06,18.0,DATE DE PAIEMENT RENSEIGNEE,OK,6,2025Q2,16.0,18.0,False,False,False,True
OP_01535,CLIENT_0206,PERSONNE PHYSIQUE,COMPAGNIE_01,POLICE_00241,4,AUTOMOBILE,MONO AUTO,RENOUVELLEMENT,2025-06-13,2026-06-12,2025-06-09,2025-06-09,2025-06-09,,148200,44500,15300,4800,168300,15,22200,0,0,2025,2025-06,,DATE DE PAIEMENT NON RENSEIGNEE,OK,6,2025Q2,364.0,,False,False,False,False
OP_01536,CLIENT_0670,PERSONNE PHYSIQUE,COMPAGNIE_02,POLICE_00981,0,TRAVEL ASSURANCE,0,AFFAIRE NOUVELLE,2025-06-10,2025-06-19,2025-06-09,2025-06-09,2025-06-09,2025-08-08,8700,0,1000,0,9700,10,900,0,0,2025,2025-06,60.0,DATE DE PAIEMENT RENSEIGNEE,OK,6,2025Q2,9.0,60.0,False,False,False,True
OP_01537,CLIENT_0671,PERSONNE MORALE,COMPAGNIE_09,POLICE_00939,0,TOUS RISQUES CHANTIER,DOMMAGES AUX BIENS,AFFAIRE NOUVELLE,2025-03-28,2025-08-27,2025-06-09,2025-05-24,2025-06-09,2025-06-12,19301400,0,2316800,5200,21623400,17,3281200,0,0,2025,2025-06,3.0,DATE DE PAIEMENT RENSEIGNEE,OK,6,2025Q2,152.0,3.0,False,False,False,True
OP_01538,CLIENT_0671,PERSONNE MORALE,COMPAGNIE_09,POLICE_00939,1,TOUS RISQUES CHANTIER,DOMMAGES AUX BIENS,RENOUVELLEMENT,2025-06-07,2025-10-23,2025-06-09,2025-05-24,2025-06-09,2025-06-12,20328400,0,2440100,5500,22774000,17,3455800,0,0,2025,2025-06,3.0,DATE DE PAIEMENT RENSEIGNEE,OK,6,2025Q2,138.0,3.0,False,False,False,True
OP_01539,CLIENT_0294,PERSONNE PHYSIQUE,COMPAGNIE_03,POLICE_00357,2,AUTOMOBILE,MONO AUTO,RENOUVELLEMENT,2025-06-10,2025-12-10,2025-06-10,2025-06-10,2025-06-10,,28800,28400,3200,2900,34800,15,4300,0,0,2025,2025-06,,DATE DE PAIEMENT NON RENSEIGNEE,OK,6,2025Q2,183.0,,False,False,False,False
OP_01540,CLIENT_0665,PERSONNE PHYSIQUE,COMPAGNIE_02,POLICE_00974,0,TRAVEL ASSURANCE,0,AFFAIRE NOUVELLE,2025-07-07,2025-07-21,2025-06-10,2025-06-10,2025-06-10,2025-08-12,12600,0,1500,0,14100,10,1300,0,0,2025,2025-06,63.0,DATE DE PAIEMENT RENSEIGNEE,OK,6,2025Q2,14.0,63.0,False,False,False,True
OP_01541,CLIENT_0084,PERSONNE MORALE,COMPAGNIE_01,POLICE_00161,6,AUTOMOBILE,MONO AUTO,RENOUVELLEMENT,2025-05-31,2025-11-29,2025-06-11,2025-05-31,2025-06-11,,34600,33400,4700,4900,44300,15,5200,0,0,2025,2025-06,,DATE DE PAIEMENT NON RENSEIGNEE,OK,6,2025Q2,182.0,,False,False,False,False
OP_01542,CLIENT_0663,PERSONNE PHYSIQUE,COMPAGNIE_02,POLICE_00972,0,TRAVEL ASSURANCE,0,AFFAIRE NOUVELLE,2025-08-13,2025-08-20,2025-06-12,2025-06-17,2025-06-12,2025-06-21,7800,0,1600,5600,15000,10,800,0,0,2025,2025-06,9.0,DATE DE PAIEMENT RENSEIGNEE,OK,6,2025Q2,7.0,9.0,False,False,False,True
OP_01543,CLIENT_0313,PERSONNE PHYSIQUE,COMPAGNIE_02,POLICE_00390,7,AUTOMOBILE,MONO AUTO,RENOUVELLEMENT,2025-06-15,2026-06-14,2025-06-15,2025-06-20,2025-06-15,2025-08-22,176000,78300,17900,3100,197000,15,26400,0,0,2025,2025-06,68.0,DATE DE PAIEMENT RENSEIGNEE,OK,6,2025Q2,364.0,68.0,False,False,False,True
OP_01544,CLIENT_0672,PERSONNE PHYSIQUE,COMPAGNIE_01,POLICE_00983,2,AUTOMOBILE,MONO AUTO,RENOUVELLEMENT,2025-06-15,2025-09-14,2025-06-15,2025-06-15,2025-06-15,,14200,13600,1900,4900,21100,15,2100,0,0,2025,2025-06,,DATE DE PAIEMENT NON RENSEIGNEE,OK,6,2025Q2,91.0,,False,False,False,False
OP_01545,CLIENT_0130,PERSONNE PHYSIQUE,COMPAGNIE_03,POLICE_00639,2,AUTOMOBILE,MONO AUTO,RENOUVELLEMENT,2025-06-13,2025-12-13,2025-06-16,2025-06-13,2025-06-16,,22400,22000,2400,2100,26900,15,3400,0,0,2025,2025-06,,DATE DE PAIEMENT NON RENSEIGNEE,OK,6,2025Q2,183.0,,False,False,False,False
OP_01546,CLIENT_0362,PERSONNE PHYSIQUE,COMPAGNIE_02,POLICE_00468,3,AUTOMOBILE,MONO AUTO,RENOUVELLEMENT,2025-06-16,2026-06-15,2025-06-16,2025-06-14,2025-06-16,2025-08-04,241100,84900,24500,3400,269000,15,36200,0,0,2025,2025-06,49.0,DATE DE PAIEMENT RENSEIGNEE,OK,6,2025Q2,364.0,49.0,False,False,False,True
OP_01547,CLIENT_0668,PERSONNE PHYSIQUE,COMPAGNIE_01,POLICE_00977,1,RC EXPLOITATION,RESPONSABILITE,AFFAIRE NOUVELLE,2025-06-16,2026-06-15,2025-06-17,2025-06-18,2025-06-18,,119400,119400,14900,4800,139000,15,17900,0,0,2025,2025-06,,DATE DE PAIEMENT NON RENSEIGNEE,OK,6,2025Q2,364.0,,False,False,False,False
OP_01548,CLIENT_0673,PERSONNE PHYSIQUE,COMPAGNIE_03,POLICE_00985,3,AUTOMOBILE,MONO AUTO,RENOUVELLEMENT,2025-06-19,2025-09-18,2025-06-19,2025-06-19,2025-06-19,,15600,15400,2200,6300,24100,15,2300,0,0,2025,2025-06,,DATE DE PAIEMENT NON RENSEIGNEE,OK,6,2025Q2,91.0,,False,False,False,False
OP_01549,CLIENT_0674,PERSONNE PHYSIQUE,COMPAGNIE_01,POLICE_00986,1,AUTOMOBILE,MONO AUTO,AFFAIRE NOUVELLE,2025-06-19,2025-09-18,2025-06-19,2025-06-19,2025-06-19,,31800,12100,3600,4400,39800,15,4800,0,0,2025,2025-06,,DATE DE PAIEMENT NON RENSEIGNEE,OK,6,2025Q2,91.0,,False,False,False,False
OP_01550,CLIENT_0295,PERSONNE PHYSIQUE,COMPAGNIE_01,POLICE_00358,2,AUTOMOBILE,MONO AUTO,RENOUVELLEMENT,2025-05-22,2026-05-21,2025-06-20,2025-06-20,2025-06-20,,450900,86200,45600,5400,502000,15,67600,0,0,2025,2025-06,,DATE DE PAIEMENT NON RENSEIGNEE,OK,6,2025Q2,364.0,,False,False,False,False
OP_01551,CLIENT_0300,PERSONNE MORALE,COMPAGNIE_07,POLICE_00438,1,AUTOMOBILE,FLOTTE AUTOMOBILE,RENOUVELLEMENT,2025-06-20,2026-06-19,2025-06-20,2025-06-16,2025-06-20,2025-08-19,661800,203400,67300,10700,739800,15,99300,0,0,2025,2025-06,60.0,DATE DE PAIEMENT RENSEIGNEE,OK,6,2025Q2,364.0,60.0,False,False,False,True
OP_01552,CLIENT_0129,PERSONNE PHYSIQUE,COMPAGNIE_01,POLICE_00147,4,AUTOMOBILE,MONO AUTO,RENOUVELLEMENT,2025-03-02,2026-03-01,2025-06-21,2025-06-21,2025-06-21,,43400,0,0,0,43400,15,6500,0,0,2025,2025-06,,DATE DE PAIEMENT NON RENSEIGNEE,OK,6,2025Q2,364.0,,False,False,False,False
OP_01553,CLIENT_0250,PERSONNE PHYSIQUE,COMPAGNIE_03,POLICE_00439,3,AUTOMOBILE,MONO AUTO,RENOUVELLEMENT,2025-06-27,2026-06-26,2025-06-21,2025-06-21,2025-06-21,,173300,65700,17900,5500,196700,15,26000,0,0,2025,2025-06,,DATE DE PAIEMENT NON RENSEIGNEE,OK,6,2025Q2,364.0,,False,False,False,False
OP_01554,CLIENT_0404,PERSONNE PHYSIQUE,COMPAGNIE_04,POLICE_00531,6,AUTOMOBILE,MONO AUTO,RENOUVELLEMENT,2025-04-16,2025-10-15,2025-06-21,2025-06-21,2025-06-21,2025-06-21,20700,0,2800,2100,25600,15,3100,0,0,2025,2025-06,0.0,DATE DE PAIEMENT RENSEIGNEE,OK,6,2025Q2,182.0,0.0,False,False,False,True
OP_01555,CLIENT_0675,PERSONNE MORALE,COMPAGNIE_04,POLICE_00836,1,AUTOMOBILE,MONO AUTO,AFFAIRE NOUVELLE,2025-04-14,2025-07-13,2025-06-21,2025-06-21,2025-06-21,2025-06-21,20300,0,2900,2400,25600,15,3000,0,0,2025,2025-06,0.0,DATE DE PAIEMENT RENSEIGNEE,OK,6,2025Q2,90.0,0.0,False,False,False,True
OP_01556,CLIENT_0678,PERSONNE PHYSIQUE,COMPAGNIE_02,POLICE_00990,0,AUTOMOBILE,MONO AUTO,AFFAIRE NOUVELLE,2025-06-20,2025-12-20,2025-06-21,2025-06-20,2025-06-21,2025-07-31,94700,25500,9700,2700,107100,15,14200,0,0,2025,2025-06,40.0,DATE DE PAIEMENT RENSEIGNEE,OK,6,2025Q2,183.0,40.0,False,False,False,True
OP_01557,CLIENT_0194,PERSONNE PHYSIQUE,COMPAGNIE_01,POLICE_00767,3,AUTOMOBILE,MONO AUTO,RENOUVELLEMENT,2025-06-25,2025-09-24,2025-06-22,2025-07-21,2025-11-06,,46200,62600,5800,2200,54100,15,6900,0,0,2025,2025-06,,DATE DE PAIEMENT NON RENSEIGNEE,OK,6,2025Q2,91.0,,False,False,False,False
OP_01558,CLIENT_0241,PERSONNE PHYSIQUE,COMPAGNIE_03,POLICE_00293,1,AUTOMOBILE,MONO AUTO,RENOUVELLEMENT,2025-06-22,2025-12-21,2025-06-22,2025-06-22,2025-06-22,,26800,26300,3100,4200,34100,15,4000,0,0,2025,2025-06,,DATE DE PAIEMENT NON RENSEIGNEE,OK,6,2025Q2,182.0,,False,False,False,False
OP_01559,CLIENT_0368,PERSONNE PHYSIQUE,COMPAGNIE_01,POLICE_00477,13,AUTOMOBILE,MONO AUTO,PROROGATION,2025-06-28,2025-12-28,2025-06-22,2025-06-22,2025-06-22,,63100,62300,7600,0,70600,15,9500,0,0,2025,2025-06,,DATE DE PAIEMENT NON RENSEIGNEE,OK,6,2025Q2,183.0,,False,False,False,False
OP_01560,CLIENT_0371,PERSONNE PHYSIQUE,COMPAGNIE_07,POLICE_00480,2,AUTOMOBILE,MONO AUTO,RENOUVELLEMENT,2025-06-26,2026-06-25,2025-06-22,2025-06-22,2025-06-22,2025-08-06,161800,0,16600,4300,182700,15,24300,0,0,2025,2025-06,45.0,DATE DE PAIEMENT RENSEIGNEE,OK,6,2025Q2,364.0,45.0,False,False,False,True
OP_01561,CLIENT_0561,PERSONNE PHYSIQUE,COMPAGNIE_03,POLICE_00984,4,AUTOMOBILE,MONO AUTO,RENOUVELLEMENT,2025-06-23,2025-12-21,2025-06-22,2025-06-22,2025-06-22,,21200,20800,2800,6500,30500,15,3200,0,0,2025,2025-06,,DATE DE PAIEMENT NON RENSEIGNEE,OK,6,2025Q2,181.0,,False,False,False,False
OP_01562,CLIENT_0669,PERSONNE PHYSIQUE,COMPAGNIE_02,POLICE_00980,0,TRAVEL ASSURANCE,0,AFFAIRE NOUVELLE,2025-06-23,2025-07-23,2025-06-22,2025-06-22,2025-06-22,2025-08-21,18300,0,2200,0,20500,10,1800,0,0,2025,2025-06,60.0,DATE DE PAIEMENT RENSEIGNEE,OK,6,2025Q2,30.0,60.0,False,False,False,True
OP_01563,CLIENT_0194,PERSONNE PHYSIQUE,COMPAGNIE_01,POLICE_00476,8,AUTOMOBILE,MONO AUTO,RENOUVELLEMENT,2025-06-24,2025-12-23,2025-06-23,2025-07-21,2025-11-06,,22500,21500,2800,5100,30400,15,3400,0,0,2025,2025-06,,DATE DE PAIEMENT NON RENSEIGNEE,OK,6,2025Q2,182.0,,False,False,False,False
OP_01564,CLIENT_0361,PERSONNE PHYSIQUE,COMPAGNIE_01,POLICE_00467,6,AUTOMOBILE,MONO AUTO,RENOUVELLEMENT,2025-07-08,2026-01-06,2025-06-24,2025-06-24,2025-06-24,,18800,17800,1900,0,20700,15,2800,0,0,2025,2025-06,,DATE DE PAIEMENT NON RENSEIGNEE,OK,6,2025Q2,182.0,,False,False,False,False
OP_01565,CLIENT_0378,PERSONNE PHYSIQUE,COMPAGNIE_02,POLICE_00496,1,AUTOMOBILE,MONO AUTO,RENOUVELLEMENT,2025-07-01,2026-06-30,2025-06-24,2025-06-24,2025-06-24,2025-08-08,188400,48200,19100,2600,210100,15,28300,0,0,2025,2025-06,45.0,DATE DE PAIEMENT RENSEIGNEE,OK,6,2025Q2,364.0,45.0,False,False,False,True
OP_01566,CLIENT_0676,PERSONNE MORALE,COMPAGNIE_04,POLICE_00921,1,AUTOMOBILE,FLOTTE AUTOMOBILE,AFFAIRE NOUVELLE,2025-04-15,2026-04-14,2025-06-24,2025-06-24,2025-06-24,2025-06-24,1010300,0,115200,3600,1129000,15,151500,0,0,2025,2025-06,0.0,DATE DE PAIEMENT RENSEIGNEE,OK,6,2025Q2,364.0,0.0,False,False,False,True
OP_01567,CLIENT_0676,PERSONNE MORALE,COMPAGNIE_04,POLICE_00921,1,AUTOMOBILE,FLOTTE AUTOMOBILE,INCORPORATION,2025-04-17,2026-04-16,2025-06-24,2025-06-24,2025-06-24,2025-06-24,21000,0,3100,1400,25500,15,3200,0,0,2025,2025-06,0.0,DATE DE PAIEMENT RENSEIGNEE,OK,6,2025Q2,364.0,0.0,False,False,False,True
OP_01568,CLIENT_0342,PERSONNE PHYSIQUE,COMPAGNIE_01,POLICE_00440,3,AUTOMOBILE,MONO AUTO,RENOUVELLEMENT,2025-06-25,2025-09-24,2025-06-25,2025-06-25,2025-06-25,,19100,18500,2500,5400,27000,15,2900,0,0,2025,2025-06,,DATE DE PAIEMENT NON RENSEIGNEE,OK,6,2025Q2,91.0,,False,False,False,False
OP_01569,CLIENT_0380,PERSONNE PHYSIQUE,COMPAGNIE_03,POLICE_00499,0,AUTOMOBILE,MONO AUTO,RENOUVELLEMENT,2025-06-24,2026-06-23,2025-06-26,2025-06-26,2025-06-26,2025-07-28,97700,43300,10200,4500,112400,15,14700,0,0,2025,2025-06,32.0,DATE DE PAIEMENT RENSEIGNEE,OK,6,2025Q2,364.0,32.0,False,False,False,True
OP_01570,CLIENT_0038,PERSONNE PHYSIQUE,COMPAGNIE_01,POLICE_00038,9,AUTOMOBILE,MONO AUTO,PROROGATION,2025-07-02,2026-01-01,2025-06-28,2025-06-28,2025-06-28,2026-01-19,47100,24500,1700,2600,51500,15,7100,0,0,2025,2025-06,205.0,DATE DE PAIEMENT RENSEIGNEE,OK,6,2025Q2,183.0,205.0,False,False,False,True
OP_01571,CLIENT_0038,PERSONNE PHYSIQUE,COMPAGNIE_01,POLICE_00038,9,AUTOMOBILE,MONO AUTO,PROROGATION,2025-07-02,2026-01-01,2025-06-28,2026-01-19,2026-01-19,2026-01-19,39200,0,2100,2100,43400,15,5900,0,0,2025,2025-06,0.0,DATE DE PAIEMENT RENSEIGNEE,OK,6,2025Q2,183.0,0.0,False,False,False,True
OP_01572,CLIENT_0327,PERSONNE PHYSIQUE,COMPAGNIE_02,POLICE_00453,9,AUTOMOBILE,MONO AUTO,PROROGATION,2025-06-24,2025-12-23,2025-06-28,2025-07-06,2025-07-06,2025-08-15,52000,25400,5200,0,57200,15,7800,0,0,2025,2025-06,40.0,DATE DE PAIEMENT RENSEIGNEE,OK,6,2025Q2,182.0,40.0,False,False,False,True
OP_01573,CLIENT_0566,PERSONNE PHYSIQUE,COMPAGNIE_03,POLICE_00792,2,AUTOMOBILE,MONO AUTO,RENOUVELLEMENT,2025-06-29,2025-09-28,2025-06-28,2025-06-28,2025-06-28,,21700,21500,2300,1000,25100,15,3300,0,0,2025,2025-06,,DATE DE PAIEMENT NON RENSEIGNEE,OK,6,2025Q2,91.0,,False,False,False,False
OP_01574,CLIENT_0047,PERSONNE PHYSIQUE,COMPAGNIE_02,POLICE_00989,0,TRAVEL ASSURANCE,0,AFFAIRE NOUVELLE,2025-08-03,2025-08-08,2025-06-29,2025-06-29,2025-06-29,2025-08-13,9200,0,1100,0,10300,10,900,0,0,2025,2025-06,45.0,DATE DE PAIEMENT RENSEIGNEE,OK,6,2025Q2,5.0,45.0,False,False,False,True
OP_01575,CLIENT_0157,PERSONNE MORALE,COMPAGNIE_02,POLICE_00993,0,ASSURANCES TRANSPORTS,AERIEN,AFFAIRE NOUVELLE,2025-06-25,2025-12-25,2025-06-30,2025-06-30,2025-06-30,,9851300,0,788200,900,10640400,15,1477700,0,0,2025,2025-06,,DATE DE PAIEMENT NON RENSEIGNEE,OK,6,2025Q2,183.0,,False,False,False,False
OP_01576,CLIENT_0273,PERSONNE PHYSIQUE,COMPAGNIE_01,POLICE_00334,6,AUTOMOBILE,MONO AUTO,RENOUVELLEMENT,2025-06-27,2026-06-26,2025-06-30,2025-06-27,2025-06-30,,67400,65000,8600,4300,80300,15,10100,0,0,2025,2025-06,,DATE DE PAIEMENT NON RENSEIGNEE,OK,6,2025Q2,364.0,,False,False,False,False
OP_01577,CLIENT_0300,PERSONNE MORALE,COMPAGNIE_07,POLICE_00438,1,AUTOMOBILE,FLOTTE AUTOMOBILE,INCORPORATION,2025-06-30,2026-06-19,2025-06-30,2025-06-30,2025-06-30,2025-08-19,635100,0,64000,5300,704500,15,95300,0,0,2025,2025-06,50.0,DATE DE PAIEMENT RENSEIGNEE,OK,6,2025Q2,354.0,50.0,False,False,False,True
OP_01578,CLIENT_0677,PERSONNE PHYSIQUE,COMPAGNIE_01,POLICE_00987,0,AUTOMOBILE,MONO AUTO,AFFAIRE NOUVELLE,2025-06-05,2025-12-05,2025-06-30,2025-06-05,2025-06-30,,21600,25800,2600,4800,29100,15,3200,0,0,2025,2025-06,,DATE DE PAIEMENT NON RENSEIGNEE,OK,6,2025Q2,183.0,,False,False,False,False
OP_01579,CLIENT_0050,PERSONNE MORALE,COMPAGNIE_06,POLICE_00050,155,AUTOMOBILE,FLOTTE AUTOMOBILE,INCORPORATION,2026-05-30,2026-01-06,2025-07-01,2025-06-30,2025-07-01,2026-01-18,24800,23300,2600,900,28300,15,3700,0,0,2025,2025-07,201.0,DATE DE PAIEMENT RENSEIGNEE,EFFET_APRES_ECHEANCE,7,2025Q3,-144.0,201.0,True,False,False,True
OP_01580,CLIENT_0518,PERSONNE PHYSIQUE,COMPAGNIE_03,POLICE_00992,0,AUTOMOBILE,MONO AUTO,RENOUVELLEMENT,2025-07-01,2026-06-30,2025-07-02,2025-06-30,2025-07-02,2025-07-31,117300,116200,14700,5200,137200,15,17600,0,0,2025,2025-07,29.0,DATE DE PAIEMENT RENSEIGNEE,OK,7,2025Q3,364.0,29.0,False,False,False,True
OP_01581,CLIENT_0281,PERSONNE PHYSIQUE,COMPAGNIE_04,POLICE_00342,5,AUTOMOBILE,MONO AUTO,RENOUVELLEMENT,2025-07-01,2026-06-30,2025-07-03,2025-07-02,2025-07-03,2025-09-04,105200,45900,10800,3000,119000,15,15800,0,0,2025,2025-07,63.0,DATE DE PAIEMENT RENSEIGNEE,OK,7,2025Q3,364.0,63.0,False,False,False,True
OP_01582,CLIENT_0323,PERSONNE MORALE,COMPAGNIE_01,POLICE_00491,2,AUTOMOBILE,MONO AUTO,RENOUVELLEMENT,2025-07-03,2026-07-02,2025-07-03,2025-07-03,2025-07-03,,107000,38700,11200,4800,123000,15,16100,0,0,2025,2025-07,,DATE DE PAIEMENT NON RENSEIGNEE,OK,7,2025Q3,364.0,,False,False,False,False
OP_01583,CLIENT_0683,PERSONNE PHYSIQUE,COMPAGNIE_03,POLICE_00998,0,AUTOMOBILE,MONO AUTO,AFFAIRE NOUVELLE,2025-07-03,2026-07-02,2025-07-03,2025-07-03,2025-07-03,2025-07-28,46700,44700,5000,3600,55300,15,7000,0,0,2025,2025-07,25.0,DATE DE PAIEMENT RENSEIGNEE,OK,7,2025Q3,364.0,25.0,False,False,False,True
OP_01584,CLIENT_0585,PERSONNE PHYSIQUE,COMPAGNIE_01,POLICE_00826,2,AUTOMOBILE,MONO AUTO,RENOUVELLEMENT,2025-07-03,2026-01-02,2025-07-04,2025-07-04,2025-07-04,,27800,27800,2800,0,30600,15,4200,0,0,2025,2025-07,,DATE DE PAIEMENT NON RENSEIGNEE,OK,7,2025Q3,183.0,,False,False,False,False
OP_01585,CLIENT_0654,PERSONNE PHYSIQUE,COMPAGNIE_03,POLICE_00815,0,AUTOMOBILE,MONO AUTO,RENOUVELLEMENT,2025-07-05,2026-01-02,2025-07-04,2025-07-04,2025-07-04,2025-08-08,71000,70200,8700,1100,80800,15,10700,0,0,2025,2025-07,35.0,DATE DE PAIEMENT RENSEIGNEE,OK,7,2025Q3,181.0,35.0,False,False,False,True
OP_01586,CLIENT_0190,PERSONNE MORALE,COMPAGNIE_01,POLICE_00433,0,AUTOMOBILE,FLOTTE AUTOMOBILE,RENOUVELLEMENT,2025-07-03,2026-07-02,2025-07-05,2025-08-17,2025-08-17,,1521000,370500,152600,4500,1678100,15,228200,0,0,2025,2025-07,,DATE DE PAIEMENT NON RENSEIGNEE,OK,7,2025Q3,364.0,,False,False,False,False
OP_01587,CLIENT_0111,PERSONNE MORALE,COMPAGNIE_06,POLICE_00122,78,AUTOMOBILE,FLOTTE AUTOMOBILE,INCORPORATION,2025-07-05,2026-02-10,2025-07-06,2025-11-13,2025-11-13,2026-01-22,86400,82700,11000,5000,102300,15,13000,0,0,2025,2025-07,70.0,DATE DE PAIEMENT RENSEIGNEE,OK,7,2025Q3,220.0,70.0,False,False,False,True
OP_01588,CLIENT_0527,PERSONNE PHYSIQUE,COMPAGNIE_08,POLICE_00714,0,RETRAITE COMPLEMENTAIRE,ASSURANCE DE PERSONNES,RÉGULARISATION,2024-11-10,2046-11-09,2025-07-06,2025-07-01,2025-07-06,,8900,0,0,0,8900,10,900,0,0,2025,2025-07,,DATE DE PAIEMENT NON RENSEIGNEE,OK,7,2025Q3,8034.0,,False,False,False,False
OP_01589,CLIENT_0623,PERSONNE PHYSIQUE,COMPAGNIE_01,POLICE_00988,1,AUTOMOBILE,MONO AUTO,AFFAIRE NOUVELLE,2025-07-07,2025-10-06,2025-07-07,2025-07-07,2025-07-07,,14500,13600,2000,5600,22100,15,2200,0,0,2025,2025-07,,DATE DE PAIEMENT NON RENSEIGNEE,OK,7,2025Q3,91.0,,False,False,False,False
OP_01590,CLIENT_0050,PERSONNE MORALE,COMPAGNIE_06,POLICE_00050,156,AUTOMOBILE,FLOTTE AUTOMOBILE,INCORPORATION,2025-07-03,2026-01-06,2025-07-08,2025-07-03,2025-07-08,2026-01-18,29800,27900,3100,1100,34000,15,4500,0,0,2025,2025-07,194.0,DATE DE PAIEMENT RENSEIGNEE,OK,7,2025Q3,187.0,194.0,False,False,False,True
OP_01591,CLIENT_0050,PERSONNE MORALE,COMPAGNIE_06,POLICE_00050,157,AUTOMOBILE,FLOTTE AUTOMOBILE,INCORPORATION,2025-01-07,2026-01-06,2025-07-08,2025-07-03,2025-07-08,2026-01-18,24200,22300,2500,1000,27800,15,3600,0,0,2025,2025-07,194.0,DATE DE PAIEMENT RENSEIGNEE,OK,7,2025Q3,364.0,194.0,False,False,False,True
OP_01592,CLIENT_0013,PERSONNE PHYSIQUE,COMPAGNIE_01,POLICE_00013,7,AUTOMOBILE,MONO AUTO,RENOUVELLEMENT,2025-07-10,2026-01-09,2025-07-09,2025-07-09,2025-07-09,,24400,23800,3000,5500,32900,15,3700,0,0,2025,2025-07,,DATE DE PAIEMENT NON RENSEIGNEE,OK,7,2025Q3,183.0,,False,False,False,False
OP_01593,CLIENT_0580,PERSONNE PHYSIQUE,COMPAGNIE_03,POLICE_00811,1,AUTOMOBILE,MONO AUTO,RENOUVELLEMENT,2025-07-14,2026-01-12,2025-07-09,2025-07-09,2025-07-09,,99300,27600,10000,1000,110300,15,14900,0,0,2025,2025-07,,DATE DE PAIEMENT NON RENSEIGNEE,OK,7,2025Q3,182.0,,False,False,False,False
OP_01594,CLIENT_0680,PERSONNE MORALE,COMPAGNIE_01,POLICE_00994,0,GLOBALE DOMMAGES,INCENDIE,AFFAIRE NOUVELLE,2025-07-06,2026-07-05,2025-07-09,2025-07-09,2025-07-09,,109900,0,19800,5500,135200,17,18700,0,0,2025,2025-07,,DATE DE PAIEMENT NON RENSEIGNEE,OK,7,2025Q3,364.0,,False,False,False,False
OP_01595,CLIENT_0680,PERSONNE MORALE,COMPAGNIE_01,POLICE_00995,0,RC EXPLOITATION,RESPONSABILITE,AFFAIRE NOUVELLE,2025-07-06,2026-07-05,2025-07-09,2025-07-09,2025-07-09,,107200,0,13400,4300,124900,17,18200,0,0,2025,2025-07,,DATE DE PAIEMENT NON RENSEIGNEE,OK,7,2025Q3,364.0,,False,False,False,False
OP_01596,CLIENT_0279,PERSONNE PHYSIQUE,COMPAGNIE_08,POLICE_00340,0,RETRAITE COMPLEMENTAIRE,ASSURANCE DE PERSONNES,RÉGULARISATION,2024-05-15,2032-05-14,2025-07-11,2025-07-06,2025-07-11,,9900,0,0,0,9900,10,1000,0,0,2025,2025-07,,DATE DE PAIEMENT NON RENSEIGNEE,OK,7,2025Q3,2921.0,,False,False,False,False
OP_01597,CLIENT_0365,PERSONNE PHYSIQUE,COMPAGNIE_03,POLICE_00997,0,AUTOMOBILE,MONO AUTO,RENOUVELLEMENT,2025-07-12,2026-07-11,2025-07-12,2025-07-12,2025-07-12,2025-08-06,40000,38400,4400,3800,48200,15,6000,0,0,2025,2025-07,25.0,DATE DE PAIEMENT RENSEIGNEE,OK,7,2025Q3,364.0,25.0,False,False,False,True
OP_01598,CLIENT_0045,PERSONNE PHYSIQUE,COMPAGNIE_01,POLICE_00494,3,AUTOMOBILE,MONO AUTO,RENOUVELLEMENT,2025-07-24,2026-07-23,2025-07-13,2025-07-13,2025-07-13,,38900,17300,4400,5500,48900,15,5800,0,0,2025,2025-07,,DATE DE PAIEMENT NON RENSEIGNEE,OK,7,2025Q3,364.0,,False,False,False,False
OP_01599,CLIENT_0026,PERSONNE PHYSIQUE,COMPAGNIE_03,POLICE_00026,0,AUTOMOBILE,MONO AUTO,RENOUVELLEMENT,2025-07-15,2026-07-14,2025-07-14,2025-07-14,2025-07-14,2025-08-07,63200,62300,6800,5000,75000,15,9500,0,0,2025,2025-07,24.0,DATE DE PAIEMENT RENSEIGNEE,OK,7,2025Q3,364.0,24.0,False,False,False,True
OP_01600,CLIENT_0035,PERSONNE PHYSIQUE,COMPAGNIE_03,POLICE_00035,0,AUTOMOBILE,MONO AUTO,RENOUVELLEMENT,2025-07-12,2026-01-09,2025-07-14,2025-07-14,2025-07-14,2025-08-12,22400,22200,2300,1000,25800,15,3400,0,0,2025,2025-07,29.0,DATE DE PAIEMENT RENSEIGNEE,OK,7,2025Q3,181.0,29.0,False,False,False,True
OP_01601,CLIENT_0535,PERSONNE PHYSIQUE,COMPAGNIE_03,POLICE_00734,0,AUTOMOBILE,MONO AUTO,AFFAIRE NOUVELLE,2025-07-12,2026-07-11,2025-07-14,2025-07-14,2025-07-14,2025-08-15,40400,39600,4500,4900,49800,15,6100,0,0,2025,2025-07,32.0,DATE DE PAIEMENT RENSEIGNEE,OK,7,2025Q3,364.0,32.0,False,False,False,True
OP_01602,CLIENT_0684,PERSONNE PHYSIQUE,COMPAGNIE_02,POLICE_01000,0,TRAVEL ASSURANCE,0,AFFAIRE NOUVELLE,2025-07-12,2025-07-14,2025-07-14,2025-07-14,2025-07-14,2025-08-02,8900,0,1100,0,9900,10,900,0,0,2025,2025-07,19.0,DATE DE PAIEMENT RENSEIGNEE,OK,7,2025Q3,2.0,19.0,False,False,False,True
OP_01603,CLIENT_0157,PERSONNE MORALE,COMPAGNIE_09,POLICE_00928,9,AUTOMOBILE,FLOTTE AUTOMOBILE,INCORPORATION,2025-07-11,2025-12-17,2025-07-16,2026-01-07,2026-01-07,2026-01-07,309400,0,37400,5700,352500,15,46400,0,0,2025,2025-07,0.0,DATE DE PAIEMENT RENSEIGNEE,OK,7,2025Q3,159.0,0.0,False,False,False,True
OP_01604,CLIENT_0679,PERSONNE PHYSIQUE,COMPAGNIE_03,POLICE_00991,0,AUTOMOBILE,MONO AUTO,AFFAIRE NOUVELLE,2025-07-16,2026-07-15,2025-07-16,2025-07-16,2025-07-16,2025-08-22,123500,41000,12600,2700,138700,15,18500,0,0,2025,2025-07,37.0,DATE DE PAIEMENT RENSEIGNEE,OK,7,2025Q3,364.0,37.0,False,False,False,True
OP_01605,CLIENT_0240,PERSONNE PHYSIQUE,COMPAGNIE_01,POLICE_00525,0,AUTOMOBILE,FLOTTE AUTOMOBILE,RENOUVELLEMENT,2025-07-20,2026-07-19,2025-07-18,2026-01-23,2026-01-23,2026-05-07,864700,640200,88500,5600,958700,15,129700,0,0,2025,2025-07,104.0,DATE DE PAIEMENT RENSEIGNEE,OK,7,2025Q3,364.0,104.0,False,False,False,True
OP_01606,CLIENT_0681,PERSONNE MORALE,COMPAGNIE_09,POLICE_00996,0,ASSURANCE CAUTION,DOMMAGES AUX BIENS,AFFAIRE NOUVELLE,2025-07-17,2026-07-16,2025-07-18,2025-07-18,2025-07-18,,6591200,0,1209800,10000,7810900,17,1120500,0,0,2025,2025-07,,DATE DE PAIEMENT NON RENSEIGNEE,OK,7,2025Q3,364.0,,False,False,False,False
OP_01607,CLIENT_0688,PERSONNE PHYSIQUE,COMPAGNIE_01,POLICE_01003,1,AUTOMOBILE,MONO AUTO,AFFAIRE NOUVELLE,2025-07-07,2025-10-06,2025-07-19,2025-07-19,2025-07-19,,136900,28500,14200,5100,156300,15,20500,0,0,2025,2025-07,,DATE DE PAIEMENT NON RENSEIGNEE,OK,7,2025Q3,91.0,,False,False,False,False
OP_01608,CLIENT_0115,PERSONNE PHYSIQUE,COMPAGNIE_03,POLICE_00526,0,AUTOMOBILE,MONO AUTO,RENOUVELLEMENT,2025-07-25,2026-07-24,2025-07-20,2025-07-17,2025-07-20,2025-08-14,37600,36900,4000,2700,44400,15,5600,0,0,2025,2025-07,25.0,DATE DE PAIEMENT RENSEIGNEE,OK,7,2025Q3,364.0,25.0,False,False,False,True
OP_01609,CLIENT_0074,PERSONNE PHYSIQUE,COMPAGNIE_04,POLICE_00079,0,AUTOMOBILE,MONO AUTO,RENOUVELLEMENT,2025-07-28,2025-10-27,2025-07-21,2025-07-21,2025-07-21,2025-08-24,9000,8700,1100,1700,11800,15,1400,0,0,2025,2025-07,34.0,DATE DE PAIEMENT RENSEIGNEE,OK,7,2025Q3,91.0,34.0,False,False,False,True
OP_01610,CLIENT_0126,PERSONNE MORALE,COMPAGNIE_04,POLICE_00144,7,ASSURANCE SANTE,ASSURANCE MALADIE GROUPE,RENOUVELLEMENT,2025-07-18,2026-07-17,2025-07-21,2025-07-21,2025-07-21,2025-09-13,5808600,0,0,112000,5920700,10,580900,0,0,2025,2025-07,54.0,DATE DE PAIEMENT RENSEIGNEE,OK,7,2025Q3,364.0,54.0,False,False,False,True
OP_01611,CLIENT_0157,PERSONNE MORALE,COMPAGNIE_09,POLICE_00928,10,AUTOMOBILE,FLOTTE AUTOMOBILE,INCORPORATION,2025-07-11,2025-12-17,2025-07-21,2026-01-07,2026-01-07,2026-01-07,53800,0,6700,5100,65700,15,8100,0,0,2025,2025-07,0.0,DATE DE PAIEMENT RENSEIGNEE,OK,7,2025Q3,159.0,0.0,False,False,False,True
OP_01612,CLIENT_0157,PERSONNE MORALE,COMPAGNIE_09,POLICE_00928,11,AUTOMOBILE,FLOTTE AUTOMOBILE,INCORPORATION,2025-07-21,2025-12-17,2025-07-21,2026-01-07,2026-01-07,2026-01-07,173600,39600,17600,4800,196000,15,26000,0,0,2025,2025-07,0.0,DATE DE PAIEMENT RENSEIGNEE,OK,7,2025Q3,149.0,0.0,False,False,False,True
OP_01613,CLIENT_0523,PERSONNE PHYSIQUE,COMPAGNIE_03,POLICE_00933,0,AUTOMOBILE,MONO AUTO,RENOUVELLEMENT,2025-07-18,2025-10-17,2025-07-21,2025-07-21,2025-07-21,2025-08-01,13000,12800,1400,1100,15500,15,1900,0,0,2025,2025-07,11.0,DATE DE PAIEMENT RENSEIGNEE,OK,7,2025Q3,91.0,11.0,False,False,False,True
OP_01614,CLIENT_0059,PERSONNE PHYSIQUE,COMPAGNIE_04,POLICE_00535,4,AUTOMOBILE,MONO AUTO,RENOUVELLEMENT,2025-07-22,2025-10-22,2025-07-22,2025-07-21,2025-07-22,2025-08-25,92600,92000,11400,2600,106600,15,13900,0,0,2025,2025-07,34.0,DATE DE PAIEMENT RENSEIGNEE,OK,7,2025Q3,92.0,34.0,False,False,False,True
OP_01615,CLIENT_0384,PERSONNE PHYSIQUE,COMPAGNIE_03,POLICE_00504,2,AUTOMOBILE,MONO AUTO,RENOUVELLEMENT,2025-07-26,2026-07-25,2025-07-22,2025-07-22,2025-07-22,2025-08-20,202600,74500,20600,3100,226300,15,30400,0,0,2025,2025-07,29.0,DATE DE PAIEMENT RENSEIGNEE,OK,7,2025Q3,364.0,29.0,False,False,False,True
OP_01616,CLIENT_0381,PERSONNE PHYSIQUE,COMPAGNIE_09,POLICE_01009,0,AUTOMOBILE,MONO AUTO,AFFAIRE NOUVELLE,2025-07-20,2026-01-19,2025-07-23,2025-07-20,2025-07-23,2025-09-07,56300,45800,5900,2600,64800,15,8500,0,0,2025,2025-07,46.0,DATE DE PAIEMENT RENSEIGNEE,OK,7,2025Q3,183.0,46.0,False,False,False,True
OP_01617,CLIENT_0694,PERSONNE MORALE,COMPAGNIE_01,POLICE_01013,0,RC SCOLAIRE,RESPONSABILITE,AFFAIRE NOUVELLE,2025-07-18,2026-07-17,2025-07-23,2025-07-21,2025-07-24,,35300,0,4900,5300,45500,15,5300,0,0,2025,2025-07,,DATE DE PAIEMENT NON RENSEIGNEE,OK,7,2025Q3,364.0,,False,False,False,False
OP_01618,CLIENT_0685,PERSONNE MORALE,COMPAGNIE_01,POLICE_00247,0,AUTOMOBILE,FLOTTE AUTOMOBILE,AFFAIRE NOUVELLE,2025-07-20,2026-07-19,2025-07-24,2025-11-13,2025-11-13,,173200,0,21100,2600,196900,15,26000,0,0,2025,2025-07,,DATE DE PAIEMENT NON RENSEIGNEE,OK,7,2025Q3,364.0,,False,False,False,False
OP_01619,CLIENT_0157,PERSONNE MORALE,COMPAGNIE_09,POLICE_00928,12,AUTOMOBILE,FLOTTE AUTOMOBILE,INCORPORATION,2025-07-25,2025-12-17,2025-07-25,2026-01-07,2026-01-07,2026-01-07,48400,0,6100,5100,59500,15,7300,0,0,2025,2025-07,0.0,DATE DE PAIEMENT RENSEIGNEE,OK,7,2025Q3,145.0,0.0,False,False,False,True
OP_01620,CLIENT_0293,PERSONNE PHYSIQUE,COMPAGNIE_02,POLICE_01019,0,TRAVEL ASSURANCE,0,AFFAIRE NOUVELLE,2025-07-30,2025-08-17,2025-07-25,2025-10-07,2025-10-07,,13500,0,2300,5400,21200,10,1400,0,0,2025,2025-07,,DATE DE PAIEMENT NON RENSEIGNEE,OK,7,2025Q3,18.0,,False,False,False,False
OP_01621,CLIENT_0412,PERSONNE MORALE,COMPAGNIE_01,POLICE_00540,1,RC SCOLAIRE,RESPONSABILITE,RENOUVELLEMENT,2025-07-19,2026-07-18,2025-07-25,2025-07-22,2025-07-25,,36500,0,5000,4800,46300,15,5500,0,0,2025,2025-07,,DATE DE PAIEMENT NON RENSEIGNEE,OK,7,2025Q3,364.0,,False,False,False,False
OP_01622,CLIENT_0632,PERSONNE PHYSIQUE,COMPAGNIE_04,POLICE_00919,0,AUTOMOBILE,MONO AUTO,RENOUVELLEMENT,2025-07-24,2025-10-23,2025-07-25,2025-07-24,2025-07-25,2025-09-11,12700,12300,1500,2000,16100,15,1900,0,0,2025,2025-07,48.0,DATE DE PAIEMENT RENSEIGNEE,OK,7,2025Q3,91.0,48.0,False,False,False,True
OP_01623,CLIENT_0024,PERSONNE PHYSIQUE,COMPAGNIE_03,POLICE_00024,8,AUTOMOBILE,MONO AUTO,RENOUVELLEMENT,2025-07-21,2025-10-19,2025-07-26,2025-07-26,2025-07-26,2025-08-14,11500,11300,1200,1000,13700,15,1700,0,0,2025,2025-07,19.0,DATE DE PAIEMENT RENSEIGNEE,OK,7,2025Q3,90.0,19.0,False,False,False,True
OP_01624,CLIENT_0615,PERSONNE PHYSIQUE,COMPAGNIE_09,POLICE_00875,2,AUTOMOBILE,MONO AUTO,PROROGATION,2025-08-10,2025-11-09,2025-07-26,2025-10-18,2025-10-18,,45500,16100,4800,2800,53100,15,6800,0,0,2025,2025-07,,DATE DE PAIEMENT NON RENSEIGNEE,OK,7,2025Q3,91.0,,False,False,False,False
OP_01625,CLIENT_0682,PERSONNE PHYSIQUE,COMPAGNIE_01,POLICE_00509,0,AUTOMOBILE,MONO AUTO,RENOUVELLEMENT,2025-07-24,2026-07-23,2025-07-26,2025-07-26,2025-07-26,,123300,57700,12800,4900,141000,15,18500,0,0,2025,2025-07,,DATE DE PAIEMENT NON RENSEIGNEE,OK,7,2025Q3,364.0,,False,False,False,False
OP_01626,CLIENT_0686,PERSONNE PHYSIQUE,COMPAGNIE_02,POLICE_01001,0,TRAVEL ASSURANCE,0,AFFAIRE NOUVELLE,2025-08-02,2025-11-01,2025-07-26,2025-07-19,2025-07-26,2025-08-07,21700,0,3100,4400,29200,10,2200,0,0,2025,2025-07,12.0,DATE DE PAIEMENT RENSEIGNEE,OK,7,2025Q3,91.0,12.0,False,False,False,True
OP_01627,CLIENT_0690,PERSONNE PHYSIQUE,COMPAGNIE_03,POLICE_01005,0,AUTOMOBILE,MONO AUTO,AFFAIRE NOUVELLE,2025-07-24,2026-07-23,2025-07-26,2025-07-26,2025-07-26,2025-08-06,44600,43900,4800,2900,52300,15,6700,0,0,2025,2025-07,11.0,DATE DE PAIEMENT RENSEIGNEE,OK,7,2025Q3,364.0,11.0,False,False,False,True
OP_01628,CLIENT_0372,PERSONNE PHYSIQUE,COMPAGNIE_05,POLICE_00481,0,AUTOMOBILE,MONO AUTO,RENOUVELLEMENT,2025-07-24,2026-07-23,2025-07-27,2025-07-27,2025-07-27,2025-11-27,136300,69400,14200,5300,155700,15,20400,0,0,2025,2025-07,123.0,DATE DE PAIEMENT RENSEIGNEE,OK,7,2025Q3,364.0,123.0,False,False,False,True
OP_01629,CLIENT_0518,PERSONNE PHYSIQUE,COMPAGNIE_03,POLICE_00846,1,AUTOMOBILE,MONO AUTO,RENOUVELLEMENT,2025-07-25,2026-01-24,2025-07-27,2025-07-25,2025-07-27,2025-09-09,50000,49300,6500,3900,60400,15,7500,0,0,2025,2025-07,44.0,DATE DE PAIEMENT RENSEIGNEE,OK,7,2025Q3,183.0,44.0,False,False,False,True
OP_01630,CLIENT_0045,PERSONNE PHYSIQUE,COMPAGNIE_03,POLICE_00495,0,AUTOMOBILE,MONO AUTO,RENOUVELLEMENT,2025-07-26,2026-07-25,2025-07-28,2025-07-28,2025-07-28,2025-08-24,103600,102900,12900,4000,120500,15,15500,0,0,2025,2025-07,27.0,DATE DE PAIEMENT RENSEIGNEE,OK,7,2025Q3,364.0,27.0,False,False,False,True
OP_01631,CLIENT_0067,PERSONNE MORALE,COMPAGNIE_01,POLICE_00523,0,AUTOMOBILE,FLOTTE AUTOMOBILE,RENOUVELLEMENT,2025-07-24,2026-07-23,2025-07-28,2025-11-17,2025-11-17,2026-01-18,260400,176100,29000,4500,294000,15,39100,0,0,2025,2025-07,62.0,DATE DE PAIEMENT RENSEIGNEE,OK,7,2025Q3,364.0,62.0,False,False,False,True
OP_01632,CLIENT_0271,PERSONNE PHYSIQUE,COMPAGNIE_03,POLICE_00332,1,AUTOMOBILE,MONO AUTO,RENOUVELLEMENT,2025-07-24,2026-07-23,2025-07-28,2025-07-24,2025-07-28,2025-08-09,49000,48100,5200,3200,57400,15,7300,0,0,2025,2025-07,12.0,DATE DE PAIEMENT RENSEIGNEE,OK,7,2025Q3,364.0,12.0,False,False,False,True
OP_01633,CLIENT_0379,PERSONNE MORALE,COMPAGNIE_07,POLICE_00497,1,GLOBALE DOMMAGES,INCENDIE,RENOUVELLEMENT,2025-07-02,2026-07-01,2025-07-28,2025-07-28,2025-07-28,,145600,0,27900,4500,178000,20,29100,0,0,2025,2025-07,,DATE DE PAIEMENT NON RENSEIGNEE,OK,7,2025Q3,364.0,,False,False,False,False
OP_01634,CLIENT_0255,PERSONNE PHYSIQUE,COMPAGNIE_01,POLICE_00314,0,AUTOMOBILE,MONO AUTO,RENOUVELLEMENT,2025-07-28,2025-10-27,2025-07-30,2025-07-30,2025-07-30,,14000,13100,1400,0,15400,15,2100,0,0,2025,2025-07,,DATE DE PAIEMENT NON RENSEIGNEE,OK,7,2025Q3,91.0,,False,False,False,False
OP_01635,CLIENT_0302,PERSONNE MORALE,COMPAGNIE_01,POLICE_00367,1,MULTIRISQUE PROFESSIONNELLE,INCENDIE,RENOUVELLEMENT,2025-07-29,2026-07-28,2025-07-30,2025-07-30,2025-07-30,,67600,0,12800,5000,85400,20,13500,0,0,2025,2025-07,,DATE DE PAIEMENT NON RENSEIGNEE,OK,7,2025Q3,364.0,,False,False,False,False
OP_01636,CLIENT_0302,PERSONNE MORALE,COMPAGNIE_01,POLICE_00368,1,RC CHEF D'ENTREPRISE,RESPONSABILITE,RENOUVELLEMENT,2025-07-29,2026-07-28,2025-07-30,2025-07-30,2025-07-30,,99900,0,12600,5000,117500,17,17000,0,0,2025,2025-07,,DATE DE PAIEMENT NON RENSEIGNEE,OK,7,2025Q3,364.0,,False,False,False,False
OP_01637,CLIENT_0376,PERSONNE PHYSIQUE,COMPAGNIE_03,POLICE_00487,2,AUTOMOBILE,MONO AUTO,RENOUVELLEMENT,2025-07-25,2026-07-24,2025-07-30,2025-07-24,2025-07-30,2025-08-11,51200,50300,5700,6100,63100,15,7700,0,0,2025,2025-07,12.0,DATE DE PAIEMENT RENSEIGNEE,OK,7,2025Q3,364.0,12.0,False,False,False,True
OP_01638,CLIENT_0423,PERSONNE PHYSIQUE,COMPAGNIE_01,POLICE_00555,3,AUTOMOBILE,MONO AUTO,RENOUVELLEMENT,2025-07-31,2026-01-30,2025-07-30,2025-07-29,2025-07-30,,25000,25000,2800,3100,30900,15,3700,0,0,2025,2025-07,,DATE DE PAIEMENT NON RENSEIGNEE,OK,7,2025Q3,183.0,,False,False,False,False
OP_01639,CLIENT_0506,PERSONNE PHYSIQUE,COMPAGNIE_02,POLICE_00999,0,TRAVEL ASSURANCE,0,AFFAIRE NOUVELLE,2025-07-28,2025-08-01,2025-07-30,2025-07-30,2025-07-30,2025-08-18,10200,0,1200,0,11400,10,1000,0,0,2025,2025-07,19.0,DATE DE PAIEMENT RENSEIGNEE,OK,7,2025Q3,4.0,19.0,False,False,False,True
OP_01640,CLIENT_0697,PERSONNE PHYSIQUE,COMPAGNIE_09,POLICE_01017,0,AUTOMOBILE,MONO AUTO,AFFAIRE NOUVELLE,2025-07-29,2025-10-28,2025-07-30,2025-07-30,2025-07-30,2025-09-11,22700,43100,2500,2800,28000,15,3400,0,0,2025,2025-07,43.0,DATE DE PAIEMENT RENSEIGNEE,OK,7,2025Q3,91.0,43.0,False,False,False,True
OP_01641,CLIENT_0075,PERSONNE PHYSIQUE,COMPAGNIE_01,POLICE_00541,5,AUTOMOBILE,MONO AUTO,RENOUVELLEMENT,2025-07-31,2026-01-30,2025-07-31,2026-04-01,2026-04-01,2026-05-28,60000,58900,7800,4800,72600,15,9000,0,0,2025,2025-07,57.0,DATE DE PAIEMENT RENSEIGNEE,OK,7,2025Q3,183.0,57.0,False,False,False,True
OP_01642,CLIENT_0409,PERSONNE MORALE,COMPAGNIE_07,POLICE_00537,3,ASSURANCE SANTE,ASSURANCE MALADIE GROUPE,RENOUVELLEMENT,2025-07-31,2026-07-30,2025-07-31,2025-07-31,2025-07-31,,4196900,0,0,53400,4250200,10,419700,0,0,2025,2025-07,,DATE DE PAIEMENT NON RENSEIGNEE,OK,7,2025Q3,364.0,,False,False,False,False
OP_01643,CLIENT_0231,PERSONNE PHYSIQUE,COMPAGNIE_02,POLICE_01016,0,AUTOMOBILE,MONO AUTO,AFFAIRE NOUVELLE,2025-08-01,2025-01-31,2025-08-02,2025-08-01,2025-08-02,2025-09-12,32400,29900,4100,1900,38500,15,4900,0,0,2025,2025-08,41.0,DATE DE PAIEMENT RENSEIGNEE,EFFET_APRES_ECHEANCE,8,2025Q3,-182.0,41.0,True,False,False,True
OP_01644,CLIENT_0236,PERSONNE MORALE,COMPAGNIE_01,POLICE_01010,1,AUTOMOBILE,FLOTTE AUTOMOBILE,RENOUVELLEMENT,2025-08-06,2026-08-05,2025-08-02,2026-02-08,2026-02-08,2026-05-05,77800,53100,8400,5700,91900,15,11700,0,0,2025,2025-08,86.0,DATE DE PAIEMENT RENSEIGNEE,OK,8,2025Q3,364.0,86.0,False,False,False,True
OP_01645,CLIENT_0468,PERSONNE PHYSIQUE,COMPAGNIE_02,POLICE_00620,3,AUTOMOBILE,MONO AUTO,RENOUVELLEMENT,2025-07-09,2025-10-08,2025-08-02,2025-07-12,2025-08-02,2025-08-06,11200,10000,1200,1300,13700,15,1700,0,0,2025,2025-08,4.0,DATE DE PAIEMENT RENSEIGNEE,OK,8,2025Q3,91.0,4.0,False,False,False,True
OP_01646,CLIENT_0634,PERSONNE PHYSIQUE,COMPAGNIE_01,POLICE_00923,2,AUTOMOBILE,MONO AUTO,PROROGATION,2025-07-17,2025-10-16,2025-08-02,2025-09-05,2025-10-02,,41300,40500,5000,0,46200,15,6200,0,0,2025,2025-08,,DATE DE PAIEMENT NON RENSEIGNEE,OK,8,2025Q3,91.0,,False,False,False,False
OP_01647,CLIENT_0570,PERSONNE PHYSIQUE,COMPAGNIE_03,POLICE_00797,0,AUTOMOBILE,MONO AUTO,RENOUVELLEMENT,2025-08-02,2026-02-01,2025-08-03,2025-08-03,2025-08-03,2025-08-22,21200,20800,2400,3200,26800,15,3200,0,0,2025,2025-08,19.0,DATE DE PAIEMENT RENSEIGNEE,OK,8,2025Q3,183.0,19.0,False,False,False,True
OP_01648,CLIENT_0687,PERSONNE PHYSIQUE,COMPAGNIE_02,POLICE_01002,0,TRAVEL ASSURANCE,0,AFFAIRE NOUVELLE,2025-10-06,2026-10-05,2025-08-04,2025-08-04,2025-08-04,2025-08-16,63600,0,7600,0,71200,10,6400,0,0,2025,2025-08,12.0,DATE DE PAIEMENT RENSEIGNEE,OK,8,2025Q3,364.0,12.0,False,False,False,True
OP_01649,CLIENT_0689,PERSONNE MORALE,COMPAGNIE_01,POLICE_01004,0,RC EXPLOITATION,0,AFFAIRE NOUVELLE,2025-08-01,2026-07-31,2025-08-04,2025-08-04,2025-08-04,,93500,0,11800,4700,109900,17,15900,0,0,2025,2025-08,,DATE DE PAIEMENT NON RENSEIGNEE,OK,8,2025Q3,364.0,,False,False,False,False
OP_01650,CLIENT_0701,PERSONNE PHYSIQUE,COMPAGNIE_09,POLICE_01026,0,TRAVEL ASSURANCE,0,AFFAIRE NOUVELLE,2025-07-26,2025-07-31,2025-08-04,2025-08-04,2025-08-04,2025-09-09,8600,0,1200,1700,11600,10,900,0,0,2025,2025-08,36.0,DATE DE PAIEMENT RENSEIGNEE,OK,8,2025Q3,5.0,36.0,False,False,False,True
OP_01651,CLIENT_0401,PERSONNE PHYSIQUE,COMPAGNIE_02,POLICE_00527,0,AUTOMOBILE,MONO AUTO,RENOUVELLEMENT,2025-08-06,2026-08-05,2025-08-05,2025-08-05,2025-08-05,2025-08-24,153500,55300,15600,3000,172100,15,23000,0,0,2025,2025-08,19.0,DATE DE PAIEMENT RENSEIGNEE,OK,8,2025Q3,364.0,19.0,False,False,False,True
OP_01652,CLIENT_0259,PERSONNE PHYSIQUE,COMPAGNIE_01,POLICE_00802,7,AUTOMOBILE,MONO AUTO,RENOUVELLEMENT,2025-12-26,2026-12-25,2025-08-06,2025-07-20,2025-08-06,,41400,40400,4700,5100,51200,15,6200,0,0,2025,2025-08,,DATE DE PAIEMENT NON RENSEIGNEE,OK,8,2025Q3,364.0,,False,False,False,False
OP_01653,CLIENT_0395,PERSONNE PHYSIQUE,COMPAGNIE_04,POLICE_00516,0,AUTOMOBILE,MONO AUTO,RENOUVELLEMENT,2025-08-04,2026-08-03,2025-08-06,2025-08-06,2025-08-06,2025-09-17,39800,38300,4400,4300,48500,15,6000,0,0,2025,2025-08,42.0,DATE DE PAIEMENT RENSEIGNEE,OK,8,2025Q3,364.0,42.0,False,False,False,True
OP_01654,CLIENT_0173,PERSONNE PHYSIQUE,COMPAGNIE_03,POLICE_01008,0,AUTOMOBILE,MONO AUTO,AFFAIRE NOUVELLE,2025-08-06,2026-08-05,2025-08-08,2025-08-06,2025-08-08,2025-09-21,40300,39500,4500,4800,49600,15,6000,0,0,2025,2025-08,44.0,DATE DE PAIEMENT RENSEIGNEE,OK,8,2025Q3,364.0,44.0,False,False,False,True
OP_01655,CLIENT_0693,PERSONNE MORALE,COMPAGNIE_01,POLICE_01012,1,AUTOMOBILE,MONO AUTO,AFFAIRE NOUVELLE,2025-07-24,2025-10-23,2025-08-08,2025-07-25,2025-08-09,,11700,11400,1400,2000,15000,15,1700,0,0,2025,2025-08,,DATE DE PAIEMENT NON RENSEIGNEE,OK,8,2025Q3,91.0,,False,False,False,False
OP_01656,CLIENT_0082,PERSONNE PHYSIQUE,COMPAGNIE_02,POLICE_00087,3,AUTOMOBILE,MONO AUTO,RENOUVELLEMENT,2025-07-16,2026-01-15,2025-08-09,2025-08-19,2025-08-09,2025-08-13,21800,19100,2400,2100,26300,15,3300,0,0,2025,2025-08,4.0,DATE DE PAIEMENT RENSEIGNEE,OK,8,2025Q3,183.0,4.0,False,False,False,True
OP_01657,CLIENT_0398,PERSONNE PHYSIQUE,COMPAGNIE_01,POLICE_00519,2,AUTOMOBILE,MONO AUTO,AFFAIRE NOUVELLE,2025-08-02,2025-11-01,2025-08-09,2025-08-09,2025-08-09,,24700,23000,3000,4800,32500,15,3700,0,0,2025,2025-08,,DATE DE PAIEMENT NON RENSEIGNEE,OK,8,2025Q3,91.0,,False,False,False,False
OP_01658,CLIENT_0691,PERSONNE PHYSIQUE,COMPAGNIE_09,POLICE_01007,0,AUTOMOBILE,MONO AUTO,AFFAIRE NOUVELLE,2025-08-06,2026-08-05,2025-08-09,2025-08-06,2025-08-09,2025-09-24,157000,73300,15900,2500,175400,15,23500,0,0,2025,2025-08,46.0,DATE DE PAIEMENT RENSEIGNEE,OK,8,2025Q3,364.0,46.0,False,False,False,True
OP_01659,CLIENT_0195,PERSONNE MORALE,COMPAGNIE_05,POLICE_00558,6,RC EXPLOITATION,RESPONSABILITE,RENOUVELLEMENT,2025-08-09,2026-08-08,2025-08-10,2025-08-10,2025-08-10,2025-11-10,172800,86400,21300,4300,198400,17,29400,0,0,2025,2025-08,92.0,DATE DE PAIEMENT RENSEIGNEE,OK,8,2025Q3,364.0,92.0,False,False,False,True
OP_01660,CLIENT_0289,PERSONNE MORALE,COMPAGNIE_07,POLICE_00551,0,AUTOMOBILE,FLOTTE AUTOMOBILE,RENOUVELLEMENT,2025-08-17,2026-08-16,2025-08-10,2025-08-10,2025-08-10,,1455700,352800,146700,11400,1613800,15,218400,0,0,2025,2025-08,,DATE DE PAIEMENT NON RENSEIGNEE,OK,8,2025Q3,364.0,,False,False,False,False
OP_01661,CLIENT_0695,PERSONNE PHYSIQUE,COMPAGNIE_06,POLICE_01014,0,AUTOMOBILE,MONO AUTO,AFFAIRE NOUVELLE,2025-08-01,2026-01-31,2025-08-10,2025-08-01,2025-08-11,2026-01-16,25100,31200,3100,5600,33800,15,3800,0,0,2025,2025-08,158.0,DATE DE PAIEMENT RENSEIGNEE,OK,8,2025Q3,183.0,158.0,False,False,False,True
OP_01662,CLIENT_0596,PERSONNE PHYSIQUE,COMPAGNIE_03,POLICE_00848,1,AUTOMOBILE,MONO AUTO,RENOUVELLEMENT,2025-08-10,2026-02-07,2025-08-12,2025-08-07,2025-08-12,2025-08-24,20900,20500,2200,1000,24100,15,3100,0,0,2025,2025-08,12.0,DATE DE PAIEMENT RENSEIGNEE,OK,8,2025Q3,181.0,12.0,False,False,False,True
OP_01663,CLIENT_0699,PERSONNE MORALE,COMPAGNIE_07,POLICE_01021,2,RC TRANSPORTEUR,RESPONSABILITE,RENOUVELLEMENT,2025-06-15,2026-05-08,2025-08-12,2025-08-12,2025-08-12,2025-08-12,2601600,0,0,0,2601600,15,390200,0,0,2025,2025-08,0.0,DATE DE PAIEMENT RENSEIGNEE,OK,8,2025Q3,327.0,0.0,False,False,False,True
OP_01664,CLIENT_0699,PERSONNE MORALE,COMPAGNIE_07,POLICE_01021,3,RC TRANSPORTEUR,RESPONSABILITE,RENOUVELLEMENT,2025-06-28,2026-05-08,2025-08-12,2025-08-12,2025-08-12,2025-08-12,2340700,0,0,0,2340700,15,351100,0,0,2025,2025-08,0.0,DATE DE PAIEMENT RENSEIGNEE,OK,8,2025Q3,314.0,0.0,False,False,False,True
OP_01665,CLIENT_0692,PERSONNE PHYSIQUE,COMPAGNIE_03,POLICE_01011,0,AUTOMOBILE,MONO AUTO,AFFAIRE NOUVELLE,2025-08-11,2026-02-10,2025-08-13,2025-08-11,2025-08-13,2025-09-26,29100,28600,3400,4700,37100,15,4400,0,0,2025,2025-08,44.0,DATE DE PAIEMENT RENSEIGNEE,OK,8,2025Q3,183.0,44.0,False,False,False,True
OP_01666,CLIENT_0027,PERSONNE MORALE,COMPAGNIE_01,POLICE_00469,0,RC CHEF D'ENTREPRISE,RESPONSABILITE,RENOUVELLEMENT,2025-08-13,2026-08-12,2025-08-14,2025-08-13,2025-08-14,,108300,0,13600,5400,127300,17,18400,0,0,2025,2025-08,,DATE DE PAIEMENT NON RENSEIGNEE,OK,8,2025Q3,364.0,,False,False,False,False
OP_01667,CLIENT_0098,PERSONNE PHYSIQUE,COMPAGNIE_02,POLICE_00108,6,AUTOMOBILE,MONO AUTO,RENOUVELLEMENT,2025-08-14,2026-08-13,2025-08-14,2025-08-13,2025-08-14,2025-09-04,114000,34300,11600,1800,127300,15,17100,0,0,2025,2025-08,21.0,DATE DE PAIEMENT RENSEIGNEE,OK,8,2025Q3,364.0,21.0,False,False,False,True
OP_01668,CLIENT_0276,PERSONNE PHYSIQUE,COMPAGNIE_09,POLICE_01020,0,AUTOMOBILE,MONO AUTO,AFFAIRE NOUVELLE,2025-08-14,2026-08-13,2025-08-14,2025-08-14,2025-08-14,2025-09-25,54400,66100,5700,2900,63000,15,8200,0,0,2025,2025-08,42.0,DATE DE PAIEMENT RENSEIGNEE,OK,8,2025Q3,364.0,42.0,False,False,False,True
OP_01669,CLIENT_0394,PERSONNE PHYSIQUE,COMPAGNIE_04,POLICE_00515,2,AUTOMOBILE,MONO AUTO,RENOUVELLEMENT,2025-07-08,2026-01-06,2025-08-14,2025-08-14,2025-08-14,2025-10-01,67000,37200,6700,0,73700,15,10100,0,0,2025,2025-08,48.0,DATE DE PAIEMENT RENSEIGNEE,OK,8,2025Q3,182.0,48.0,False,False,False,True
OP_01670,CLIENT_0442,PERSONNE PHYSIQUE,COMPAGNIE_03,POLICE_00583,3,AUTOMOBILE,MONO AUTO,RENOUVELLEMENT,2025-08-11,2026-08-10,2025-08-14,2025-08-11,2025-08-14,2025-09-06,63500,62700,6900,5000,75400,15,9500,0,0,2025,2025-08,23.0,DATE DE PAIEMENT RENSEIGNEE,OK,8,2025Q3,364.0,23.0,False,False,False,True
OP_01671,CLIENT_0696,PERSONNE PHYSIQUE,COMPAGNIE_02,POLICE_01015,0,TRAVEL ASSURANCE,0,AFFAIRE NOUVELLE,2025-09-28,2025-10-13,2025-08-14,2025-08-09,2025-08-15,2025-09-25,13400,0,2200,5300,20900,10,1300,0,0,2025,2025-08,41.0,DATE DE PAIEMENT RENSEIGNEE,OK,8,2025Q3,15.0,41.0,False,False,False,True
OP_01672,CLIENT_0698,PERSONNE PHYSIQUE,COMPAGNIE_01,POLICE_01018,1,AUTOMOBILE,MONO AUTO,AFFAIRE NOUVELLE,2025-08-14,2025-11-13,2025-08-14,2025-08-14,2025-08-14,,18000,17700,2300,5100,25400,15,2700,0,0,2025,2025-08,,DATE DE PAIEMENT NON RENSEIGNEE,OK,8,2025Q3,91.0,,False,False,False,False
OP_01673,CLIENT_0703,PERSONNE PHYSIQUE,COMPAGNIE_03,POLICE_01028,0,AUTOMOBILE,MONO AUTO,AFFAIRE NOUVELLE,2025-08-12,2026-02-11,2025-08-14,2025-08-12,2025-08-14,2025-09-13,23400,22800,2700,3200,29300,15,3500,0,0,2025,2025-08,30.0,DATE DE PAIEMENT RENSEIGNEE,OK,8,2025Q3,183.0,30.0,False,False,False,True
OP_01674,CLIENT_0087,PERSONNE PHYSIQUE,COMPAGNIE_04,POLICE_00092,9,AUTOMOBILE,MONO AUTO,RENOUVELLEMENT,2025-08-03,2026-02-02,2025-08-15,2025-08-03,2025-08-15,,22800,19900,2500,1800,27100,15,3400,0,0,2025,2025-08,,DATE DE PAIEMENT NON RENSEIGNEE,OK,8,2025Q3,183.0,,False,False,False,False
OP_01675,CLIENT_0422,PERSONNE PHYSIQUE,COMPAGNIE_01,POLICE_00554,5,AUTOMOBILE,MONO AUTO,RENOUVELLEMENT,2025-08-15,2026-08-14,2025-08-15,2025-08-15,2025-08-15,,44500,43400,5000,5400,54800,15,6700,0,0,2025,2025-08,,DATE DE PAIEMENT NON RENSEIGNEE,OK,8,2025Q3,364.0,,False,False,False,False
OP_01676,CLIENT_0448,PERSONNE PHYSIQUE,COMPAGNIE_02,POLICE_00592,11,AUTOMOBILE,MONO AUTO,RENOUVELLEMENT,2025-08-18,2026-08-17,2025-08-15,2025-08-13,2025-08-15,2025-09-05,100000,37400,10300,2800,113100,15,15000,0,0,2025,2025-08,21.0,DATE DE PAIEMENT RENSEIGNEE,OK,8,2025Q3,364.0,21.0,False,False,False,True
OP_01677,CLIENT_0555,PERSONNE MORALE,COMPAGNIE_05,POLICE_01006,0,ASSURANCE SANTE,ASSURANCE MALADIE GROUPE,AFFAIRE NOUVELLE,2025-05-15,2026-05-14,2025-08-15,2025-04-15,2025-08-15,2025-08-15,621964600,0,0,11694600,633659300,10,62196500,0,0,2025,2025-08,0.0,DATE DE PAIEMENT RENSEIGNEE,OK,8,2025Q3,364.0,0.0,False,False,False,True
OP_01678,CLIENT_0699,PERSONNE MORALE,COMPAGNIE_07,POLICE_01024,0,AUTOMOBILE,FLOTTE AUTOMOBILE,AFFAIRE NOUVELLE,2025-08-11,2026-08-10,2025-08-16,2025-08-16,2025-08-16,2025-10-28,19503700,5992400,2341700,10500,21855900,15,2925600,0,0,2025,2025-08,73.0,DATE DE PAIEMENT RENSEIGNEE,OK,8,2025Q3,364.0,73.0,False,False,False,True
OP_01679,CLIENT_0418,PERSONNE PHYSIQUE,COMPAGNIE_04,POLICE_00548,2,AUTOMOBILE,MONO AUTO,RENOUVELLEMENT,2025-08-17,2026-08-16,2025-08-17,2025-08-17,2025-08-17,2025-09-27,90500,81900,9500,4300,104200,15,13600,0,0,2025,2025-08,41.0,DATE DE PAIEMENT RENSEIGNEE,OK,8,2025Q3,364.0,41.0,False,False,False,True
OP_01680,CLIENT_0706,PERSONNE PHYSIQUE,COMPAGNIE_09,POLICE_01036,0,AUTOMOBILE,MONO AUTO,AFFAIRE NOUVELLE,2025-08-16,2026-08-15,2025-08-17,2025-08-31,2025-08-31,2025-10-13,159200,58400,16400,5100,180700,15,23900,0,0,2025,2025-08,43.0,DATE DE PAIEMENT RENSEIGNEE,OK,8,2025Q3,364.0,43.0,False,False,False,True
OP_01681,CLIENT_0012,PERSONNE PHYSIQUE,COMPAGNIE_04,POLICE_00012,8,AUTOMOBILE,MONO AUTO,RENOUVELLEMENT,2025-08-17,2026-02-16,2025-08-18,2025-08-18,2025-08-18,2025-09-13,26800,26200,2900,2600,32400,15,4000,0,0,2025,2025-08,26.0,DATE DE PAIEMENT RENSEIGNEE,OK,8,2025Q3,183.0,26.0,False,False,False,True
OP_01682,CLIENT_0427,PERSONNE PHYSIQUE,COMPAGNIE_01,POLICE_00560,10,AUTOMOBILE,MONO AUTO,RENOUVELLEMENT,2025-08-15,2026-02-14,2025-08-18,2025-08-18,2025-08-18,,45000,44200,5000,4600,54500,15,6700,0,0,2025,2025-08,,DATE DE PAIEMENT NON RENSEIGNEE,OK,8,2025Q3,183.0,,False,False,False,False
OP_01683,CLIENT_0444,PERSONNE MORALE,COMPAGNIE_01,POLICE_01037,2,ASSURANCE SANTE,ASSURANCE MALADIE GROUPE,RENOUVELLEMENT,2025-08-09,2026-08-08,2025-08-19,2025-08-19,2025-08-19,2026-02-07,1548200,0,0,21900,1570100,10,154800,0,0,2025,2025-08,172.0,DATE DE PAIEMENT RENSEIGNEE,OK,8,2025Q3,364.0,172.0,False,False,False,True
OP_01684,CLIENT_0070,PERSONNE PHYSIQUE,COMPAGNIE_03,POLICE_01022,0,AUTOMOBILE,MONO AUTO,AFFAIRE NOUVELLE,2025-08-20,2026-02-19,2025-08-20,2025-08-20,2025-08-20,2025-09-26,25600,25200,3000,4100,32700,15,3800,0,0,2025,2025-08,37.0,DATE DE PAIEMENT RENSEIGNEE,OK,8,2025Q3,183.0,37.0,False,False,False,True
OP_01685,CLIENT_0344,PERSONNE PHYSIQUE,COMPAGNIE_02,POLICE_00442,2,AUTOMOBILE,MONO AUTO,RENOUVELLEMENT,2025-08-15,2026-08-14,2025-08-21,2025-08-20,2025-08-21,2025-10-01,38600,34100,4000,1800,44400,15,5800,0,0,2025,2025-08,41.0,DATE DE PAIEMENT RENSEIGNEE,OK,8,2025Q3,364.0,41.0,False,False,False,True
OP_01686,CLIENT_0708,PERSONNE PHYSIQUE,COMPAGNIE_01,POLICE_01040,1,AUTOMOBILE,MONO AUTO,AFFAIRE NOUVELLE,2025-08-21,2025-11-19,2025-08-22,2025-08-22,2025-08-22,,12100,10000,1400,2100,15600,15,1800,0,0,2025,2025-08,,DATE DE PAIEMENT NON RENSEIGNEE,OK,8,2025Q3,90.0,,False,False,False,False
OP_01687,CLIENT_0297,PERSONNE PHYSIQUE,COMPAGNIE_03,POLICE_00361,9,AUTOMOBILE,MONO AUTO,RENOUVELLEMENT,2025-08-21,2025-11-20,2025-08-23,2025-08-21,2025-08-23,2025-09-13,12200,11900,1800,5400,19400,15,1800,0,0,2025,2025-08,21.0,DATE DE PAIEMENT RENSEIGNEE,OK,8,2025Q3,91.0,21.0,False,False,False,True
OP_01688,CLIENT_0304,PERSONNE PHYSIQUE,COMPAGNIE_03,POLICE_00370,7,AUTOMOBILE,MONO AUTO,RENOUVELLEMENT,2025-08-20,2026-02-19,2025-08-23,2025-08-20,2025-08-23,2025-09-08,30500,30100,3400,3500,37500,15,4600,0,0,2025,2025-08,16.0,DATE DE PAIEMENT RENSEIGNEE,OK,8,2025Q3,183.0,16.0,False,False,False,True
OP_01689,CLIENT_0462,PERSONNE PHYSIQUE,COMPAGNIE_01,POLICE_00610,3,AUTOMOBILE,MONO AUTO,RENOUVELLEMENT,2025-08-27,2026-08-26,2025-08-24,2025-08-28,2025-08-28,,192300,58400,19700,4900,216900,15,28800,0,0,2025,2025-08,,DATE DE PAIEMENT NON RENSEIGNEE,OK,8,2025Q3,364.0,,False,False,False,False
OP_01690,CLIENT_0195,PERSONNE MORALE,COMPAGNIE_05,POLICE_00587,3,AUTOMOBILE,FLOTTE AUTOMOBILE,RENOUVELLEMENT,2025-08-25,2026-08-24,2025-08-25,2025-08-25,2025-08-25,2025-11-10,284400,106100,29000,5700,319200,15,42700,0,0,2025,2025-08,77.0,DATE DE PAIEMENT RENSEIGNEE,OK,8,2025Q3,364.0,77.0,False,False,False,True
OP_01691,CLIENT_0234,PERSONNE PHYSIQUE,COMPAGNIE_03,POLICE_00284,3,AUTOMOBILE,MONO AUTO,RENOUVELLEMENT,2025-08-29,2026-08-28,2025-08-25,2025-08-25,2025-08-25,2025-10-01,45100,44300,4800,2900,52800,15,6800,0,0,2025,2025-08,37.0,DATE DE PAIEMENT RENSEIGNEE,OK,8,2025Q3,364.0,37.0,False,False,False,True
OP_01692,CLIENT_0336,PERSONNE PHYSIQUE,COMPAGNIE_05,POLICE_00426,2,AUTOMOBILE,MONO AUTO,RENOUVELLEMENT,2025-08-26,2026-05-25,2025-08-25,2025-08-25,2025-08-25,2025-11-11,28200,24400,3000,1700,32900,15,4200,0,0,2025,2025-08,78.0,DATE DE PAIEMENT RENSEIGNEE,OK,8,2025Q3,272.0,78.0,False,False,False,True
OP_01693,CLIENT_0443,PERSONNE PHYSIQUE,COMPAGNIE_01,POLICE_00584,3,AUTOMOBILE,MONO AUTO,RENOUVELLEMENT,2025-08-28,2026-08-27,2025-08-25,2025-08-25,2025-08-25,,62300,61300,6700,5200,74200,15,9300,0,0,2025,2025-08,,DATE DE PAIEMENT NON RENSEIGNEE,OK,8,2025Q3,364.0,,False,False,False,False
OP_01694,CLIENT_0532,PERSONNE PHYSIQUE,COMPAGNIE_03,POLICE_01038,0,AUTOMOBILE,FLOTTE MOTO,AFFAIRE NOUVELLE,2025-08-24,2025-11-23,2025-08-25,2025-08-24,2025-08-25,,26700,26500,3200,5500,35500,15,4000,0,0,2025,2025-08,,DATE DE PAIEMENT NON RENSEIGNEE,OK,8,2025Q3,91.0,,False,False,False,False
OP_01695,CLIENT_0702,PERSONNE PHYSIQUE,COMPAGNIE_09,POLICE_01027,0,AUTOMOBILE,MONO AUTO,AFFAIRE NOUVELLE,2025-08-21,2025-11-20,2025-08-25,2025-08-25,2025-08-25,2025-09-26,18600,19900,2100,2700,23400,15,2800,0,0,2025,2025-08,32.0,DATE DE PAIEMENT RENSEIGNEE,OK,8,2025Q3,91.0,32.0,False,False,False,True
OP_01696,CLIENT_0267,PERSONNE PHYSIQUE,COMPAGNIE_09,POLICE_01023,0,AUTOMOBILE,MONO AUTO,AFFAIRE NOUVELLE,2025-08-23,2026-08-22,2025-08-26,2025-08-26,2025-08-26,2025-10-03,67300,81800,7000,2800,77100,15,10100,0,0,2025,2025-08,38.0,DATE DE PAIEMENT RENSEIGNEE,OK,8,2025Q3,364.0,38.0,False,False,False,True
OP_01697,CLIENT_0700,PERSONNE PHYSIQUE,COMPAGNIE_09,POLICE_01025,0,AUTOMOBILE,MONO AUTO,AFFAIRE NOUVELLE,2025-08-26,2026-08-25,2025-08-26,2025-08-30,2025-08-30,2025-10-01,149400,55800,15200,2400,167000,15,22400,0,0,2025,2025-08,32.0,DATE DE PAIEMENT RENSEIGNEE,OK,8,2025Q3,364.0,32.0,False,False,False,True
OP_01698,CLIENT_0061,PERSONNE PHYSIQUE,COMPAGNIE_02,POLICE_00061,8,AUTOMOBILE,MONO AUTO,PROROGATION,2025-08-26,2026-02-25,2025-08-27,2025-08-27,2025-08-27,2025-09-26,41000,13500,4100,0,45100,15,6100,0,0,2025,2025-08,30.0,DATE DE PAIEMENT RENSEIGNEE,OK,8,2025Q3,183.0,30.0,False,False,False,True
OP_01699,CLIENT_0592,PERSONNE PHYSIQUE,COMPAGNIE_03,POLICE_00839,1,AUTOMOBILE,MONO AUTO,RENOUVELLEMENT,2025-08-29,2026-08-28,2025-08-27,2025-08-27,2025-08-27,,44000,43200,4800,4000,52800,15,6600,0,0,2025,2025-08,,DATE DE PAIEMENT NON RENSEIGNEE,OK,8,2025Q3,364.0,,False,False,False,False
OP_01700,CLIENT_0709,PERSONNE PHYSIQUE,COMPAGNIE_01,POLICE_01041,1,AUTOMOBILE,MONO AUTO,AFFAIRE NOUVELLE,2025-08-26,2025-11-24,2025-08-27,2025-11-11,2025-11-11,2026-01-06,42600,42300,5400,2000,50000,15,6400,0,0,2025,2025-08,56.0,DATE DE PAIEMENT RENSEIGNEE,OK,8,2025Q3,90.0,56.0,False,False,False,True
OP_01701,CLIENT_0101,PERSONNE PHYSIQUE,COMPAGNIE_02,POLICE_00112,8,AUTOMOBILE,MONO AUTO,RENOUVELLEMENT,2025-08-28,2026-02-24,2025-08-28,2025-08-28,2025-08-28,2025-10-11,68400,26400,7100,2800,78400,15,10300,0,0,2025,2025-08,44.0,DATE DE PAIEMENT RENSEIGNEE,OK,8,2025Q3,180.0,44.0,False,False,False,True
OP_01702,CLIENT_0620,PERSONNE PHYSIQUE,COMPAGNIE_03,POLICE_00896,2,AUTOMOBILE,MONO AUTO,RENOUVELLEMENT,2025-09-01,2025-12-01,2025-08-28,2025-08-27,2025-08-28,,10200,10000,1100,900,12100,15,1500,0,0,2025,2025-08,,DATE DE PAIEMENT NON RENSEIGNEE,OK,8,2025Q3,91.0,,False,False,False,False
OP_01703,CLIENT_0707,PERSONNE PHYSIQUE,COMPAGNIE_03,POLICE_01039,0,AUTOMOBILE,MONO AUTO,AFFAIRE NOUVELLE,2025-08-28,2025-11-26,2025-08-28,2025-08-28,2025-08-28,,16300,16100,1900,2800,21000,15,2500,0,0,2025,2025-08,,DATE DE PAIEMENT NON RENSEIGNEE,OK,8,2025Q3,90.0,,False,False,False,False
OP_01704,CLIENT_0076,PERSONNE MORALE,COMPAGNIE_01,POLICE_01029,1,ASSURANCES TRANSPORTS,TERRESTRE,AFFAIRE NOUVELLE,2025-07-02,2025-08-23,2025-08-29,2025-08-29,2025-08-29,,77600,77600,6300,1100,85000,15,11600,0,0,2025,2025-08,,DATE DE PAIEMENT NON RENSEIGNEE,OK,8,2025Q3,52.0,,False,False,False,False
OP_01705,CLIENT_0076,PERSONNE MORALE,COMPAGNIE_01,POLICE_01030,1,ASSURANCES TRANSPORTS,TERRESTRE,AFFAIRE NOUVELLE,2025-07-02,2025-08-23,2025-08-29,2025-08-29,2025-08-29,,72400,74400,6000,1000,79400,15,10900,0,0,2025,2025-08,,DATE DE PAIEMENT NON RENSEIGNEE,OK,8,2025Q3,52.0,,False,False,False,False
OP_01706,CLIENT_0076,PERSONNE MORALE,COMPAGNIE_01,POLICE_01031,1,ASSURANCES TRANSPORTS,TERRESTRE,AFFAIRE NOUVELLE,2025-07-02,2025-08-23,2025-08-29,2025-08-29,2025-08-29,,61500,61500,5000,900,67300,15,9200,0,0,2025,2025-08,,DATE DE PAIEMENT NON RENSEIGNEE,OK,8,2025Q3,52.0,,False,False,False,False
OP_01707,CLIENT_0076,PERSONNE MORALE,COMPAGNIE_01,POLICE_01032,2,ASSURANCES TRANSPORTS,TERRESTRE,AFFAIRE NOUVELLE,2025-07-02,2025-08-31,2025-08-29,2025-08-29,2025-08-29,,92800,92800,7500,1000,101400,15,13900,0,0,2025,2025-08,,DATE DE PAIEMENT NON RENSEIGNEE,OK,8,2025Q3,60.0,,False,False,False,False
OP_01708,CLIENT_0076,PERSONNE MORALE,COMPAGNIE_01,POLICE_01033,1,ASSURANCES TRANSPORTS,TERRESTRE,AFFAIRE NOUVELLE,2025-06-12,2025-08-10,2025-08-29,2025-08-29,2025-08-29,,149300,149300,12000,1000,162300,15,22400,0,0,2025,2025-08,,DATE DE PAIEMENT NON RENSEIGNEE,OK,8,2025Q3,59.0,,False,False,False,False
OP_01709,CLIENT_0111,PERSONNE MORALE,COMPAGNIE_06,POLICE_00122,79,AUTOMOBILE,FLOTTE AUTOMOBILE,INCORPORATION,2025-08-28,2026-02-10,2025-08-29,2025-11-13,2025-11-13,2026-01-22,17000,14000,2700,5400,25000,15,2500,0,0,2025,2025-08,70.0,DATE DE PAIEMENT RENSEIGNEE,OK,8,2025Q3,166.0,70.0,False,False,False,True
OP_01710,CLIENT_0454,PERSONNE PHYSIQUE,COMPAGNIE_01,POLICE_00602,3,AUTOMOBILE,MONO AUTO,RENOUVELLEMENT,2025-09-02,2026-09-01,2025-08-29,2025-08-29,2025-08-29,,53400,51200,5900,5500,64800,15,8000,0,0,2025,2025-08,,DATE DE PAIEMENT NON RENSEIGNEE,OK,8,2025Q3,364.0,,False,False,False,False
OP_01711,CLIENT_0704,PERSONNE PHYSIQUE,COMPAGNIE_03,POLICE_01034,0,AUTOMOBILE,MONO AUTO,AFFAIRE NOUVELLE,2025-08-28,2026-02-27,2025-08-29,2025-08-29,2025-08-29,2025-09-20,41400,40800,5400,3900,50700,15,6200,0,0,2025,2025-08,22.0,DATE DE PAIEMENT RENSEIGNEE,OK,8,2025Q3,183.0,22.0,False,False,False,True
OP_01712,CLIENT_0446,PERSONNE PHYSIQUE,COMPAGNIE_01,POLICE_00589,4,AUTOMOBILE,MONO AUTO,RENOUVELLEMENT,2025-08-30,2025-03-01,2025-08-30,2025-08-30,2025-08-30,2026-03-31,22700,21000,2800,5100,30600,15,3400,0,0,2025,2025-08,213.0,DATE DE PAIEMENT RENSEIGNEE,EFFET_APRES_ECHEANCE,8,2025Q3,-182.0,213.0,True,False,False,True
OP_01713,CLIENT_0476,PERSONNE PHYSIQUE,COMPAGNIE_03,POLICE_00630,1,AUTOMOBILE,MONO AUTO,RENOUVELLEMENT,2025-09-07,2026-09-06,2025-08-31,2025-08-31,2025-08-31,,43600,42800,4600,2800,51000,15,6500,0,0,2025,2025-08,,DATE DE PAIEMENT NON RENSEIGNEE,OK,8,2025Q3,364.0,,False,False,False,False
OP_01714,CLIENT_0143,PERSONNE PHYSIQUE,COMPAGNIE_01,POLICE_00168,9,AUTOMOBILE,MONO AUTO,PROROGATION,2025-09-05,2026-03-07,2025-09-01,2025-08-31,2025-09-01,,28700,26900,2900,0,31600,15,4300,0,0,2025,2025-09,,DATE DE PAIEMENT NON RENSEIGNEE,OK,9,2025Q3,183.0,,False,False,False,False
OP_01715,CLIENT_0540,PERSONNE PHYSIQUE,COMPAGNIE_03,POLICE_00746,3,AUTOMOBILE,MONO AUTO,RENOUVELLEMENT,2025-08-28,2025-11-27,2025-09-01,2025-08-28,2025-09-01,2025-09-20,9000,8800,1000,900,10900,15,1400,0,0,2025,2025-09,19.0,DATE DE PAIEMENT RENSEIGNEE,OK,9,2025Q3,91.0,19.0,False,False,False,True
OP_01716,CLIENT_0007,PERSONNE PHYSIQUE,COMPAGNIE_03,POLICE_00007,5,AUTOMOBILE,MONO AUTO,RENOUVELLEMENT,2025-09-01,2026-03-03,2025-09-02,2025-09-01,2025-09-02,2025-09-23,20800,20400,2500,4400,27700,15,3100,0,0,2025,2025-09,21.0,DATE DE PAIEMENT RENSEIGNEE,OK,9,2025Q3,183.0,21.0,False,False,False,True
OP_01717,CLIENT_0233,PERSONNE PHYSIQUE,COMPAGNIE_02,POLICE_00283,11,AUTOMOBILE,MONO AUTO,RENOUVELLEMENT,2025-09-02,2026-03-01,2025-09-02,2025-09-02,2025-09-02,2025-10-14,82800,32700,8600,3200,94700,15,12400,0,0,2025,2025-09,42.0,DATE DE PAIEMENT RENSEIGNEE,OK,9,2025Q3,180.0,42.0,False,False,False,True
OP_01718,CLIENT_0293,PERSONNE PHYSIQUE,COMPAGNIE_04,POLICE_00618,2,AUTOMOBILE,MONO AUTO,RENOUVELLEMENT,2025-09-02,2026-09-01,2025-09-02,2025-09-02,2025-09-02,2025-10-11,45600,39700,4800,2700,53200,15,6800,0,0,2025,2025-09,39.0,DATE DE PAIEMENT RENSEIGNEE,OK,9,2025Q3,364.0,39.0,False,False,False,True
OP_01719,CLIENT_0130,PERSONNE PHYSIQUE,COMPAGNIE_01,POLICE_00588,3,AUTOMOBILE,MONO AUTO,RENOUVELLEMENT,2025-09-06,2026-03-08,2025-09-04,2025-09-04,2025-09-04,,40900,39500,4700,5700,51300,15,6100,0,0,2025,2025-09,,DATE DE PAIEMENT NON RENSEIGNEE,OK,9,2025Q3,183.0,,False,False,False,False
OP_01720,CLIENT_0156,PERSONNE PHYSIQUE,COMPAGNIE_03,POLICE_00183,4,AUTOMOBILE,MONO AUTO,RENOUVELLEMENT,2025-09-07,2026-03-09,2025-09-04,2025-09-04,2025-09-04,,21000,20600,2400,3200,26600,15,3100,0,0,2025,2025-09,,DATE DE PAIEMENT NON RENSEIGNEE,OK,9,2025Q3,183.0,,False,False,False,False
OP_01721,CLIENT_0433,PERSONNE PHYSIQUE,COMPAGNIE_05,POLICE_00572,2,AUTOMOBILE,MONO AUTO,RENOUVELLEMENT,2025-09-01,2026-08-31,2025-09-04,2025-09-04,2025-09-04,2025-11-28,150200,65000,15500,5200,170900,15,22500,0,0,2025,2025-09,85.0,DATE DE PAIEMENT RENSEIGNEE,OK,9,2025Q3,364.0,85.0,False,False,False,True
OP_01722,CLIENT_0268,PERSONNE PHYSIQUE,COMPAGNIE_08,POLICE_01049,0,ASSURANCE RENTE EDUCATION,0,AFFAIRE NOUVELLE,2025-10-18,2043-12-17,2025-09-05,2025-09-05,2025-09-05,,29700,0,0,4900,34600,10,3000,0,0,2025,2025-09,,DATE DE PAIEMENT NON RENSEIGNEE,OK,9,2025Q3,6634.0,,False,False,False,False
OP_01723,CLIENT_0279,PERSONNE PHYSIQUE,COMPAGNIE_08,POLICE_00340,0,RETRAITE COMPLEMENTAIRE,ASSURANCE DE PERSONNES,RÉGULARISATION,2024-05-15,2032-05-14,2025-09-05,2025-09-05,2025-09-05,,10800,0,0,0,10800,10,1100,0,0,2025,2025-09,,DATE DE PAIEMENT NON RENSEIGNEE,OK,9,2025Q3,2921.0,,False,False,False,False
OP_01724,CLIENT_0710,PERSONNE PHYSIQUE,COMPAGNIE_02,POLICE_01042,0,TRAVEL ASSURANCE,0,AFFAIRE NOUVELLE,2025-09-23,2026-09-22,2025-09-05,2025-09-05,2025-09-05,2025-10-21,47500,0,6300,4600,58400,10,4700,0,0,2025,2025-09,46.0,DATE DE PAIEMENT RENSEIGNEE,OK,9,2025Q3,364.0,46.0,False,False,False,True
OP_01725,CLIENT_0711,PERSONNE PHYSIQUE,COMPAGNIE_03,POLICE_01043,0,AUTOMOBILE,MONO AUTO,AFFAIRE NOUVELLE,2025-09-08,2026-09-07,2025-09-06,2025-09-06,2025-09-06,,161800,53500,16600,4500,182900,15,24300,0,0,2025,2025-09,,DATE DE PAIEMENT NON RENSEIGNEE,OK,9,2025Q3,364.0,,False,False,False,False
OP_01726,CLIENT_0713,PERSONNE PHYSIQUE,COMPAGNIE_04,POLICE_01046,0,AUTOMOBILE,MONO AUTO,AFFAIRE NOUVELLE,2025-09-07,2026-09-06,2025-09-06,2025-09-06,2025-09-06,2025-10-19,85600,41000,9000,4700,99300,15,12800,0,0,2025,2025-09,43.0,DATE DE PAIEMENT RENSEIGNEE,OK,9,2025Q3,364.0,43.0,False,False,False,True
OP_01727,CLIENT_0715,PERSONNE PHYSIQUE,COMPAGNIE_02,POLICE_01050,0,TRAVEL ASSURANCE,0,AFFAIRE NOUVELLE,2025-09-07,2025-09-17,2025-09-06,2025-09-06,2025-09-06,2025-10-11,18000,0,2200,0,20100,10,1800,0,0,2025,2025-09,35.0,DATE DE PAIEMENT RENSEIGNEE,OK,9,2025Q3,10.0,35.0,False,False,False,True
OP_01728,CLIENT_0469,PERSONNE PHYSIQUE,COMPAGNIE_02,POLICE_00621,1,AUTOMOBILE,MONO AUTO,RENOUVELLEMENT,2025-09-08,2026-09-07,2025-09-07,2025-09-07,2025-09-07,,170500,58800,17400,3200,191100,15,25600,0,0,2025,2025-09,,DATE DE PAIEMENT NON RENSEIGNEE,OK,9,2025Q3,364.0,,False,False,False,False
OP_01729,CLIENT_0286,PERSONNE MORALE,COMPAGNIE_04,POLICE_00349,24,ASSURANCE SANTE,ASSURANCE MALADIE GROUPE,INCORPORATION,2025-09-02,2025-11-27,2025-09-08,2025-09-08,2025-09-08,2025-10-30,26600,0,0,3300,29900,10,2700,0,0,2025,2025-09,52.0,DATE DE PAIEMENT RENSEIGNEE,OK,9,2025Q3,86.0,52.0,False,False,False,True
OP_01730,CLIENT_0532,PERSONNE PHYSIQUE,COMPAGNIE_03,POLICE_01047,0,AUTOMOBILE,MONO AUTO,AFFAIRE NOUVELLE,2025-09-01,2026-02-28,2025-09-08,2025-09-08,2025-09-08,,112800,45000,11900,5700,130400,15,16900,0,0,2025,2025-09,,DATE DE PAIEMENT NON RENSEIGNEE,OK,9,2025Q3,180.0,,False,False,False,False
OP_01731,CLIENT_0705,PERSONNE PHYSIQUE,COMPAGNIE_09,POLICE_01035,0,AUTOMOBILE,MONO AUTO,AFFAIRE NOUVELLE,2025-09-10,2026-09-09,2025-09-09,2025-09-09,2025-09-09,2025-10-01,279900,82100,28300,2800,311000,15,42000,0,0,2025,2025-09,22.0,DATE DE PAIEMENT RENSEIGNEE,OK,9,2025Q3,364.0,22.0,False,False,False,True
OP_01732,CLIENT_0015,PERSONNE PHYSIQUE,COMPAGNIE_03,POLICE_00902,0,AUTOMOBILE,MONO AUTO,RENOUVELLEMENT,2025-09-12,2026-09-11,2025-09-10,2025-09-10,2025-09-10,,50900,50200,5500,4400,60900,15,7600,0,0,2025,2025-09,,DATE DE PAIEMENT NON RENSEIGNEE,OK,9,2025Q3,364.0,,False,False,False,False
OP_01733,CLIENT_0043,PERSONNE MORALE,COMPAGNIE_03,POLICE_00897,28,ASSURANCE SANTE,ASSURANCE MALADIE GROUPE,INCORPORATION,2025-01-25,2026-01-24,2025-09-10,2026-01-06,2026-01-06,2026-01-06,101400,0,0,4800,106200,10,10100,0,0,2025,2025-09,0.0,DATE DE PAIEMENT RENSEIGNEE,OK,9,2025Q3,364.0,0.0,False,False,False,True
OP_01734,CLIENT_0043,PERSONNE MORALE,COMPAGNIE_03,POLICE_00897,29,ASSURANCE SANTE,ASSURANCE MALADIE GROUPE,INCORPORATION,2025-01-25,2026-01-24,2025-09-10,2026-01-06,2026-01-06,2026-01-06,137900,0,0,7000,144900,10,13800,0,0,2025,2025-09,0.0,DATE DE PAIEMENT RENSEIGNEE,OK,9,2025Q3,364.0,0.0,False,False,False,True
OP_01735,CLIENT_0043,PERSONNE MORALE,COMPAGNIE_03,POLICE_00897,30,ASSURANCE SANTE,ASSURANCE MALADIE GROUPE,INCORPORATION,2025-01-25,2026-01-24,2025-09-10,2026-01-06,2026-01-06,2026-01-06,105500,0,0,5400,110800,10,10500,0,0,2025,2025-09,0.0,DATE DE PAIEMENT RENSEIGNEE,OK,9,2025Q3,364.0,0.0,False,False,False,True
OP_01736,CLIENT_0043,PERSONNE MORALE,COMPAGNIE_03,POLICE_00897,31,ASSURANCE SANTE,ASSURANCE MALADIE GROUPE,INCORPORATION,2025-01-25,2026-01-24,2025-09-10,2026-01-06,2026-01-06,2026-01-06,50700,0,0,2700,53400,10,5100,0,0,2025,2025-09,0.0,DATE DE PAIEMENT RENSEIGNEE,OK,9,2025Q3,364.0,0.0,False,False,False,True
OP_01737,CLIENT_0043,PERSONNE MORALE,COMPAGNIE_03,POLICE_00897,32,ASSURANCE SANTE,ASSURANCE MALADIE GROUPE,INCORPORATION,2025-01-25,2026-01-24,2025-09-10,2026-01-06,2026-01-06,2026-01-06,176600,0,0,9400,186000,10,17700,0,0,2025,2025-09,0.0,DATE DE PAIEMENT RENSEIGNEE,OK,9,2025Q3,364.0,0.0,False,False,False,True
OP_01738,CLIENT_0043,PERSONNE MORALE,COMPAGNIE_03,POLICE_00897,33,ASSURANCE SANTE,ASSURANCE MALADIE GROUPE,INCORPORATION,2025-01-25,2026-01-24,2025-09-10,2026-01-06,2026-01-06,2026-01-06,782800,0,0,43400,826200,10,78300,0,0,2025,2025-09,0.0,DATE DE PAIEMENT RENSEIGNEE,OK,9,2025Q3,364.0,0.0,False,False,False,True
OP_01739,CLIENT_0403,PERSONNE PHYSIQUE,COMPAGNIE_03,POLICE_00530,2,AUTOMOBILE,MONO AUTO,RENOUVELLEMENT,2025-09-09,2026-09-08,2025-09-10,2025-09-09,2025-09-10,2025-09-29,48900,47800,5400,4900,59200,15,7300,0,0,2025,2025-09,19.0,DATE DE PAIEMENT RENSEIGNEE,OK,9,2025Q3,364.0,19.0,False,False,False,True
OP_01740,CLIENT_0453,PERSONNE PHYSIQUE,COMPAGNIE_06,POLICE_00601,2,AUTOMOBILE,MONO AUTO,RENOUVELLEMENT,2025-09-13,2026-09-12,2025-09-12,2025-09-12,2025-09-12,2025-11-04,54700,52700,5900,4700,65300,15,8200,0,0,2025,2025-09,53.0,DATE DE PAIEMENT RENSEIGNEE,OK,9,2025Q3,364.0,53.0,False,False,False,True
OP_01741,CLIENT_0170,PERSONNE PHYSIQUE,COMPAGNIE_03,POLICE_00201,4,AUTOMOBILE,MONO AUTO,RENOUVELLEMENT,2025-09-14,2026-03-13,2025-09-14,2025-09-14,2025-09-14,,27800,27400,2900,1000,31600,15,4200,0,0,2025,2025-09,,DATE DE PAIEMENT NON RENSEIGNEE,OK,9,2025Q3,180.0,,False,False,False,False
OP_01742,CLIENT_0712,PERSONNE PHYSIQUE,COMPAGNIE_03,POLICE_01044,0,AUTOMOBILE,MONO AUTO,AFFAIRE NOUVELLE,2025-09-17,2026-09-16,2025-09-17,2025-09-17,2025-09-17,,61200,60300,6700,5300,73200,15,9200,0,0,2025,2025-09,,DATE DE PAIEMENT NON RENSEIGNEE,OK,9,2025Q3,364.0,,False,False,False,False
OP_01743,CLIENT_0222,PERSONNE PHYSIQUE,COMPAGNIE_09,POLICE_01045,0,AUTOMOBILE,MONO AUTO,AFFAIRE NOUVELLE,2025-09-18,2026-09-17,2025-09-18,2025-09-18,2025-09-18,2025-11-03,201400,64700,20400,2200,223900,15,30200,0,0,2025,2025-09,46.0,DATE DE PAIEMENT RENSEIGNEE,OK,9,2025Q3,364.0,46.0,False,False,False,True
OP_01744,CLIENT_0188,PERSONNE PHYSIQUE,COMPAGNIE_02,POLICE_00225,5,AUTOMOBILE,MONO MOTO,PROROGATION,2025-09-29,2026-03-28,2025-09-21,2025-09-21,2025-09-21,2025-10-29,36800,11300,3700,0,40500,15,5500,0,0,2025,2025-09,38.0,DATE DE PAIEMENT RENSEIGNEE,OK,9,2025Q3,180.0,38.0,False,False,False,True
OP_01745,CLIENT_0072,PERSONNE PHYSIQUE,COMPAGNIE_03,POLICE_00622,1,AUTOMOBILE,MONO AUTO,RENOUVELLEMENT,2025-09-30,2026-09-29,2025-09-23,2025-09-23,2025-09-23,,15800,15000,2000,4600,22400,15,2400,0,0,2025,2025-09,,DATE DE PAIEMENT NON RENSEIGNEE,OK,9,2025Q3,364.0,,False,False,False,False
OP_01746,CLIENT_0317,PERSONNE PHYSIQUE,COMPAGNIE_03,POLICE_00627,3,AUTOMOBILE,MONO AUTO,RENOUVELLEMENT,2025-09-25,2026-09-24,2025-09-25,2025-09-25,2025-09-25,,62200,61300,6800,5400,74400,15,9300,0,0,2025,2025-09,,DATE DE PAIEMENT NON RENSEIGNEE,OK,9,2025Q3,364.0,,False,False,False,False
OP_01747,CLIENT_0178,PERSONNE PHYSIQUE,COMPAGNIE_01,POLICE_00213,7,AUTOMOBILE,MONO AUTO,RENOUVELLEMENT,2025-09-27,2026-03-26,2025-09-27,2025-09-27,2025-09-27,,23800,22900,2900,5300,32000,15,3600,0,0,2025,2025-09,,DATE DE PAIEMENT NON RENSEIGNEE,OK,9,2025Q3,180.0,,False,False,False,False
OP_01748,CLIENT_0312,PERSONNE PHYSIQUE,COMPAGNIE_01,POLICE_00389,3,AUTOMOBILE,MONO AUTO,RENOUVELLEMENT,2025-09-01,2025-11-30,2025-09-27,2025-09-01,2025-09-27,,44900,44600,5500,1000,51400,15,6700,0,0,2025,2025-09,,DATE DE PAIEMENT NON RENSEIGNEE,OK,9,2025Q3,90.0,,False,False,False,False
OP_01749,CLIENT_0566,PERSONNE PHYSIQUE,COMPAGNIE_03,POLICE_00792,3,AUTOMOBILE,MONO AUTO,RENOUVELLEMENT,2025-09-29,2025-12-29,2025-09-27,2025-09-27,2025-09-27,,17900,17800,1900,900,20700,15,2700,0,0,2025,2025-09,,DATE DE PAIEMENT NON RENSEIGNEE,OK,9,2025Q3,91.0,,False,False,False,False
OP_01750,CLIENT_0714,PERSONNE PHYSIQUE,COMPAGNIE_03,POLICE_01048,0,AUTOMOBILE,MONO AUTO,AFFAIRE NOUVELLE,2025-09-27,2026-09-26,2025-09-27,2025-09-27,2025-09-27,,179800,60700,18500,5100,203400,15,27000,0,0,2025,2025-09,,DATE DE PAIEMENT NON RENSEIGNEE,OK,9,2025Q3,364.0,,False,False,False,False
OP_01751,CLIENT_0460,PERSONNE PHYSIQUE,COMPAGNIE_02,POLICE_00608,11,AUTOMOBILE,MONO AUTO,RENOUVELLEMENT,2025-10-04,2026-10-03,2025-10-01,2025-10-01,2025-10-01,2025-11-05,90700,36900,9400,2800,102900,15,13600,0,0,2025,2025-10,35.0,DATE DE PAIEMENT RENSEIGNEE,OK,10,2025Q4,364.0,35.0,False,False,False,True
OP_01752,CLIENT_0483,PERSONNE PHYSIQUE,COMPAGNIE_03,POLICE_00640,1,AUTOMOBILE,MONO AUTO,RENOUVELLEMENT,2025-09-13,2026-09-12,2025-10-02,2025-10-02,2025-10-02,,200400,79100,20400,3400,224200,15,30100,0,0,2025,2025-10,,DATE DE PAIEMENT NON RENSEIGNEE,OK,10,2025Q4,364.0,,False,False,False,False
OP_01753,CLIENT_0634,PERSONNE PHYSIQUE,COMPAGNIE_01,POLICE_00923,3,AUTOMOBILE,MONO AUTO,PROROGATION,2025-10-17,2026-01-16,2025-10-02,2025-11-13,2025-11-13,2026-01-08,39500,38700,4700,0,44300,15,5900,0,0,2025,2025-10,56.0,DATE DE PAIEMENT RENSEIGNEE,OK,10,2025Q4,91.0,56.0,False,False,False,True
OP_01754,CLIENT_0547,PERSONNE MORALE,COMPAGNIE_01,POLICE_01057,1,AUTOMOBILE,MONO AUTO,AFFAIRE NOUVELLE,2025-09-08,2026-09-07,2025-10-03,2025-10-03,2025-10-03,2026-04-24,320600,55800,32500,4800,357900,15,48100,0,0,2025,2025-10,203.0,DATE DE PAIEMENT RENSEIGNEE,OK,10,2025Q4,364.0,203.0,False,False,False,True
OP_01755,CLIENT_0096,PERSONNE PHYSIQUE,COMPAGNIE_03,POLICE_00104,1,AUTOMOBILE,MONO AUTO,AFFAIRE NOUVELLE,2025-10-04,2026-01-03,2025-10-06,2025-10-06,2025-10-06,2025-12-07,22700,22500,2600,3100,28300,15,3400,0,0,2025,2025-10,62.0,DATE DE PAIEMENT RENSEIGNEE,OK,10,2025Q4,91.0,62.0,False,False,False,True
OP_01756,CLIENT_0624,PERSONNE PHYSIQUE,COMPAGNIE_01,POLICE_00903,2,AUTOMOBILE,MONO AUTO,RENOUVELLEMENT,2025-09-20,2026-03-19,2025-10-06,2025-09-20,2025-10-06,,54700,54200,7100,4400,66200,15,8200,0,0,2025,2025-10,,DATE DE PAIEMENT NON RENSEIGNEE,OK,10,2025Q4,180.0,,False,False,False,False
OP_01757,CLIENT_0157,PERSONNE MORALE,COMPAGNIE_09,POLICE_00812,13,AUTOMOBILE,FLOTTE AUTOMOBILE,INCORPORATION,2025-10-02,2025-12-17,2025-10-07,2026-01-07,2026-01-07,2026-01-07,27400,0,3400,5400,36200,15,4100,0,0,2025,2025-10,0.0,DATE DE PAIEMENT RENSEIGNEE,OK,10,2025Q4,76.0,0.0,False,False,False,True
OP_01758,CLIENT_0194,PERSONNE PHYSIQUE,COMPAGNIE_01,POLICE_00767,0,AUTOMOBILE,MONO AUTO,RENOUVELLEMENT,2025-10-08,2026-01-07,2025-10-08,2025-10-08,2025-10-08,2026-01-11,47800,64800,6000,2200,56000,15,7200,0,0,2025,2025-10,95.0,DATE DE PAIEMENT RENSEIGNEE,OK,10,2025Q4,91.0,95.0,False,False,False,True
OP_01759,CLIENT_0354,PERSONNE PHYSIQUE,COMPAGNIE_03,POLICE_00615,2,AUTOMOBILE,MONO AUTO,RENOUVELLEMENT,2025-09-17,2026-03-17,2025-10-08,2025-10-08,2025-10-08,,23500,23100,2500,1400,27400,15,3500,0,0,2025,2025-10,,DATE DE PAIEMENT NON RENSEIGNEE,OK,10,2025Q4,181.0,,False,False,False,False
OP_01760,CLIENT_0492,PERSONNE PHYSIQUE,COMPAGNIE_04,POLICE_00657,6,AUTOMOBILE,MONO AUTO,RENOUVELLEMENT,2025-09-22,2026-09-21,2025-10-08,2025-10-08,2025-10-08,,108400,45600,11100,3000,122500,15,16300,0,0,2025,2025-10,,DATE DE PAIEMENT NON RENSEIGNEE,OK,10,2025Q4,364.0,,False,False,False,False
OP_01761,CLIENT_0242,PERSONNE PHYSIQUE,COMPAGNIE_02,POLICE_00300,19,AUTOMOBILE,MONO AUTO,RENOUVELLEMENT,2025-10-06,2026-04-05,2025-10-09,2025-10-09,2025-10-09,,102100,46300,10600,3400,116100,15,15300,0,0,2025,2025-10,,DATE DE PAIEMENT NON RENSEIGNEE,OK,10,2025Q4,181.0,,False,False,False,False
OP_01762,CLIENT_0489,PERSONNE MORALE,COMPAGNIE_01,POLICE_00650,1,MULTIRISQUE PROFESSIONNELLE,INCENDIE,RENOUVELLEMENT,2025-02-05,2026-10-04,2025-10-09,2025-10-05,2025-10-10,,193700,0,32300,4800,230800,20,38700,0,0,2025,2025-10,,DATE DE PAIEMENT NON RENSEIGNEE,OK,10,2025Q4,606.0,,False,False,False,False
OP_01763,CLIENT_0296,PERSONNE PHYSIQUE,COMPAGNIE_03,POLICE_00653,1,AUTOMOBILE,MONO AUTO,RENOUVELLEMENT,2025-09-25,2026-09-24,2025-10-10,2025-10-10,2025-10-10,2025-12-06,50200,49400,5300,3300,58800,15,7500,0,0,2025,2025-10,57.0,DATE DE PAIEMENT RENSEIGNEE,OK,10,2025Q4,364.0,57.0,False,False,False,True
OP_01764,CLIENT_0720,PERSONNE PHYSIQUE,COMPAGNIE_03,POLICE_01060,0,AUTOMOBILE,MONO AUTO,AFFAIRE NOUVELLE,2025-09-23,2026-09-22,2025-10-10,2025-10-10,2025-10-10,,52000,51100,5500,3400,60900,15,7800,0,0,2025,2025-10,,DATE DE PAIEMENT NON RENSEIGNEE,OK,10,2025Q4,364.0,,False,False,False,False
OP_01765,CLIENT_0006,PERSONNE PHYSIQUE,COMPAGNIE_01,POLICE_01066,1,AUTOMOBILE,MONO AUTO,RENOUVELLEMENT,2025-10-11,2026-01-10,2025-10-11,2025-10-11,2025-10-11,2026-01-02,15300,0,2000,5200,22600,15,2300,0,0,2025,2025-10,83.0,DATE DE PAIEMENT RENSEIGNEE,OK,10,2025Q4,91.0,83.0,False,False,False,True
OP_01766,CLIENT_0232,PERSONNE PHYSIQUE,COMPAGNIE_09,POLICE_01070,0,AUTOMOBILE,MONO AUTO,AFFAIRE NOUVELLE,2025-11-20,2026-11-19,2025-10-11,2025-10-11,2025-10-11,,68500,85500,7100,2900,78500,15,10300,0,0,2025,2025-10,,DATE DE PAIEMENT NON RENSEIGNEE,OK,10,2025Q4,364.0,,False,False,False,False
OP_01767,CLIENT_0672,PERSONNE PHYSIQUE,COMPAGNIE_01,POLICE_00983,3,AUTOMOBILE,MONO AUTO,PROROGATION,2025-09-15,2025-10-14,2025-10-11,2025-10-11,2025-10-11,,12800,12200,1300,0,14100,15,1900,0,0,2025,2025-10,,DATE DE PAIEMENT NON RENSEIGNEE,OK,10,2025Q4,29.0,,False,False,False,False
OP_01768,CLIENT_0718,PERSONNE PHYSIQUE,COMPAGNIE_02,POLICE_01054,0,TRAVEL ASSURANCE,0,AFFAIRE NOUVELLE,2025-11-09,2025-11-15,2025-10-11,2025-10-11,2025-10-11,,5200,0,1200,4700,11000,10,500,0,0,2025,2025-10,,DATE DE PAIEMENT NON RENSEIGNEE,OK,10,2025Q4,6.0,,False,False,False,False
OP_01769,CLIENT_0468,PERSONNE PHYSIQUE,COMPAGNIE_02,POLICE_00620,4,AUTOMOBILE,MONO AUTO,RENOUVELLEMENT,2025-10-11,2026-01-10,2025-10-12,2025-10-16,2025-10-16,,12700,11400,1400,1500,15600,15,1900,0,0,2025,2025-10,,DATE DE PAIEMENT NON RENSEIGNEE,OK,10,2025Q4,91.0,,False,False,False,False
OP_01770,CLIENT_0464,PERSONNE PHYSIQUE,COMPAGNIE_03,POLICE_00613,1,AUTOMOBILE,MONO AUTO,RENOUVELLEMENT,2025-10-13,2026-10-12,2025-10-13,2025-10-13,2025-10-13,2025-12-08,117400,38300,12000,2800,132300,15,17600,0,0,2025,2025-10,56.0,DATE DE PAIEMENT RENSEIGNEE,OK,10,2025Q4,364.0,56.0,False,False,False,True
OP_01771,CLIENT_0518,PERSONNE PHYSIQUE,COMPAGNIE_03,POLICE_01062,1,AUTOMOBILE,MONO AUTO,AFFAIRE NOUVELLE,2025-10-02,2025-12-31,2025-10-13,2025-10-13,2025-10-13,2025-12-09,22100,21700,3200,4500,29800,15,3300,0,0,2025,2025-10,57.0,DATE DE PAIEMENT RENSEIGNEE,OK,10,2025Q4,90.0,57.0,False,False,False,True
OP_01772,CLIENT_0717,PERSONNE PHYSIQUE,COMPAGNIE_02,POLICE_01053,0,TRAVEL ASSURANCE,0,AFFAIRE NOUVELLE,2025-11-11,2025-11-17,2025-10-13,2025-10-13,2025-10-13,,4900,0,1100,4500,10500,10,500,0,0,2025,2025-10,,DATE DE PAIEMENT NON RENSEIGNEE,OK,10,2025Q4,6.0,,False,False,False,False
OP_01773,CLIENT_0480,PERSONNE PHYSIQUE,COMPAGNIE_01,POLICE_00634,5,AUTOMOBILE,MONO AUTO,RENOUVELLEMENT,2025-09-24,2026-09-23,2025-10-14,2025-10-14,2025-10-14,,57200,56200,6200,4700,68100,15,8600,0,0,2025,2025-10,,DATE DE PAIEMENT NON RENSEIGNEE,OK,10,2025Q4,364.0,,False,False,False,False
OP_01774,CLIENT_0716,PERSONNE MORALE,COMPAGNIE_05,POLICE_01051,1,AUTOMOBILE,MONO AUTO,RENOUVELLEMENT,2025-12-21,2026-12-20,2025-10-14,2025-10-10,2025-10-15,,795700,78800,80100,5000,880700,15,119400,0,0,2025,2025-10,,DATE DE PAIEMENT NON RENSEIGNEE,OK,10,2025Q4,364.0,,False,False,False,False
OP_01775,CLIENT_0716,PERSONNE MORALE,COMPAGNIE_05,POLICE_01052,1,AUTOMOBILE,MONO AUTO,RENOUVELLEMENT,2025-12-21,2026-12-20,2025-10-14,2025-10-10,2025-10-15,,361400,85800,36700,5400,403500,15,54200,0,0,2025,2025-10,,DATE DE PAIEMENT NON RENSEIGNEE,OK,10,2025Q4,364.0,,False,False,False,False
OP_01776,CLIENT_0340,PERSONNE PHYSIQUE,COMPAGNIE_02,POLICE_00436,2,AUTOMOBILE,MONO AUTO,RENOUVELLEMENT,2025-10-01,2026-03-30,2025-10-15,2025-10-02,2025-10-15,2025-10-31,65000,22400,6800,3200,74900,15,9700,0,0,2025,2025-10,16.0,DATE DE PAIEMENT RENSEIGNEE,OK,10,2025Q4,180.0,16.0,False,False,False,True
OP_01777,CLIENT_0369,PERSONNE PHYSIQUE,COMPAGNIE_04,POLICE_00478,12,AUTOMOBILE,MONO AUTO,RENOUVELLEMENT,2025-09-29,2026-03-29,2025-10-15,2025-10-15,2025-10-15,2025-10-23,22000,21100,2500,3100,27600,15,3300,0,0,2025,2025-10,8.0,DATE DE PAIEMENT RENSEIGNEE,OK,10,2025Q4,181.0,8.0,False,False,False,True
OP_01778,CLIENT_0723,PERSONNE MORALE,COMPAGNIE_01,POLICE_01067,1,RC CHEF D'ENTREPRISE,RESPONSABILITE,AFFAIRE NOUVELLE,2025-10-13,2026-10-12,2025-10-15,2025-10-15,2025-10-15,2026-01-05,97900,4897000,12300,4900,115200,17,16600,0,0,2025,2025-10,82.0,DATE DE PAIEMENT RENSEIGNEE,OK,10,2025Q4,364.0,82.0,False,False,False,True
OP_01779,CLIENT_0723,PERSONNE MORALE,COMPAGNIE_01,POLICE_01068,1,MULTIRISQUE HABITATION,INCENDIE,AFFAIRE NOUVELLE,2025-10-13,2026-10-12,2025-10-15,2025-10-15,2025-10-15,2026-01-05,15000,0,3600,4700,23200,17,2500,0,0,2025,2025-10,82.0,DATE DE PAIEMENT RENSEIGNEE,OK,10,2025Q4,364.0,82.0,False,False,False,True
OP_01780,CLIENT_0444,PERSONNE MORALE,COMPAGNIE_01,POLICE_01076,1,AUTOMOBILE,MONO AUTO,RENOUVELLEMENT,2025-10-15,2026-10-14,2025-10-16,2025-10-28,2025-10-28,,131300,0,13600,4500,149500,15,19700,0,0,2025,2025-10,,DATE DE PAIEMENT NON RENSEIGNEE,OK,10,2025Q4,364.0,,False,False,False,False
OP_01781,CLIENT_0672,PERSONNE PHYSIQUE,COMPAGNIE_01,POLICE_00983,3,AUTOMOBILE,MONO AUTO,RENOUVELLEMENT,2025-10-15,2026-01-14,2025-10-16,2025-10-16,2025-10-16,2026-01-08,13600,0,1800,4600,20000,15,2000,0,0,2025,2025-10,84.0,DATE DE PAIEMENT RENSEIGNEE,OK,10,2025Q4,91.0,84.0,False,False,False,True
OP_01782,CLIENT_0520,PERSONNE PHYSIQUE,COMPAGNIE_01,POLICE_01065,3,AUTOMOBILE,MONO AUTO,RENOUVELLEMENT,2025-10-30,2026-10-29,2025-10-17,2025-10-18,2025-10-18,2026-01-08,46200,0,5100,4700,56000,15,6900,0,0,2025,2025-10,82.0,DATE DE PAIEMENT RENSEIGNEE,OK,10,2025Q4,364.0,82.0,False,False,False,True
OP_01783,CLIENT_0224,PERSONNE PHYSIQUE,COMPAGNIE_02,POLICE_00619,9,AUTOMOBILE,MONO AUTO,RENOUVELLEMENT,2025-09-29,2026-09-28,2025-10-18,2025-10-18,2025-10-18,2025-10-26,106200,52800,10900,2800,119800,15,15900,0,0,2025,2025-10,8.0,DATE DE PAIEMENT RENSEIGNEE,OK,10,2025Q4,364.0,8.0,False,False,False,True
OP_01784,CLIENT_0417,PERSONNE MORALE,COMPAGNIE_03,POLICE_00547,1,RC CHEF D'ENTREPRISE,RESPONSABILITE,RENOUVELLEMENT,2025-10-17,2026-10-16,2025-10-18,2025-10-18,2025-10-18,2025-12-19,633500,633500,76700,5400,715500,15,95000,0,0,2025,2025-10,62.0,DATE DE PAIEMENT RENSEIGNEE,OK,10,2025Q4,364.0,62.0,False,False,False,True
OP_01785,CLIENT_0457,PERSONNE PHYSIQUE,COMPAGNIE_03,POLICE_00605,1,AUTOMOBILE,MONO MOTO,RENOUVELLEMENT,2025-09-29,2026-09-28,2025-10-18,2025-10-05,2025-10-18,,15000,14200,1900,4300,21300,15,2200,0,0,2025,2025-10,,DATE DE PAIEMENT NON RENSEIGNEE,OK,10,2025Q4,364.0,,False,False,False,False
OP_01786,CLIENT_0482,PERSONNE PHYSIQUE,COMPAGNIE_01,POLICE_00638,3,AUTOMOBILE,MONO AUTO,RENOUVELLEMENT,2025-09-25,2026-03-24,2025-10-18,2025-10-18,2025-10-18,,55200,51500,6000,5100,66300,15,8300,0,0,2025,2025-10,,DATE DE PAIEMENT NON RENSEIGNEE,OK,10,2025Q4,180.0,,False,False,False,False
OP_01787,CLIENT_0486,PERSONNE MORALE,COMPAGNIE_04,POLICE_00646,2,AUTOMOBILE,MONO AUTO,RENOUVELLEMENT,2025-10-11,2026-10-10,2025-10-18,2025-10-18,2025-10-18,,44700,43300,4700,2700,52100,15,6700,0,0,2025,2025-10,,DATE DE PAIEMENT NON RENSEIGNEE,OK,10,2025Q4,364.0,,False,False,False,False
OP_01788,CLIENT_0010,PERSONNE MORALE,COMPAGNIE_09,POLICE_00697,1,RC CHEF D'ENTREPRISE,RESPONSABILITE,RENOUVELLEMENT,2025-10-22,2026-10-21,2025-10-19,2025-10-20,2025-10-20,,793800,428500000,95800,4300,893900,17,134900,0,0,2025,2025-10,,DATE DE PAIEMENT NON RENSEIGNEE,OK,10,2025Q4,364.0,,False,False,False,False
OP_01789,CLIENT_0117,PERSONNE PHYSIQUE,COMPAGNIE_02,POLICE_01056,0,TRAVEL ASSURANCE,0,AFFAIRE NOUVELLE,2025-11-04,2025-12-03,2025-10-19,2025-10-19,2025-10-19,2025-10-27,12900,0,2100,4900,19900,10,1300,0,0,2025,2025-10,8.0,DATE DE PAIEMENT RENSEIGNEE,OK,10,2025Q4,29.0,8.0,False,False,False,True
OP_01790,CLIENT_0236,PERSONNE MORALE,COMPAGNIE_03,POLICE_00719,17,AUTOMOBILE,FLOTTE AUTOMOBILE,INCORPORATION,2025-11-07,2025-11-06,2025-10-19,2025-10-19,2025-10-19,2025-12-15,92700,13600,11500,2900,107000,15,13900,0,0,2025,2025-10,57.0,DATE DE PAIEMENT RENSEIGNEE,EFFET_APRES_ECHEANCE,10,2025Q4,-1.0,57.0,True,False,False,True
OP_01791,CLIENT_0345,PERSONNE PHYSIQUE,COMPAGNIE_05,POLICE_00452,3,AUTOMOBILE,MONO AUTO,RENOUVELLEMENT,2025-10-19,2026-01-18,2025-10-19,2025-10-19,2025-10-19,,27900,0,3700,3000,34600,15,4200,0,0,2025,2025-10,,DATE DE PAIEMENT NON RENSEIGNEE,OK,10,2025Q4,91.0,,False,False,False,False
OP_01792,CLIENT_0527,PERSONNE PHYSIQUE,COMPAGNIE_08,POLICE_00714,0,RETRAITE COMPLEMENTAIRE,ASSURANCE DE PERSONNES,RÉGULARISATION,2024-11-10,2046-11-09,2025-10-19,2025-10-19,2025-10-19,,9400,0,0,0,9400,10,900,0,0,2025,2025-10,,DATE DE PAIEMENT NON RENSEIGNEE,OK,10,2025Q4,8034.0,,False,False,False,False
OP_01793,CLIENT_0719,PERSONNE PHYSIQUE,COMPAGNIE_03,POLICE_01058,0,AUTOMOBILE,MONO AUTO,AFFAIRE NOUVELLE,2025-10-08,2026-07-07,2025-10-19,2025-10-19,2025-10-19,2025-12-20,36500,35900,4200,5200,45800,15,5500,0,0,2025,2025-10,62.0,DATE DE PAIEMENT RENSEIGNEE,OK,10,2025Q4,272.0,62.0,False,False,False,True
OP_01794,CLIENT_0173,PERSONNE PHYSIQUE,COMPAGNIE_04,POLICE_00204,7,AUTOMOBILE,MONO AUTO,RENOUVELLEMENT,2025-09-27,2026-09-26,2025-10-20,2025-10-20,2025-10-20,2025-10-28,39400,38000,4200,2800,46500,15,5900,0,0,2025,2025-10,8.0,DATE DE PAIEMENT RENSEIGNEE,OK,10,2025Q4,364.0,8.0,False,False,False,True
OP_01795,CLIENT_0268,PERSONNE PHYSIQUE,COMPAGNIE_01,POLICE_01083,4,AUTOMOBILE,MONO AUTO,RENOUVELLEMENT,2025-11-03,2026-05-02,2025-10-20,2025-10-20,2025-10-20,2025-12-30,33100,0,3800,4600,41400,15,5000,0,0,2025,2025-10,71.0,DATE DE PAIEMENT RENSEIGNEE,OK,10,2025Q4,180.0,71.0,False,False,False,True
OP_01796,CLIENT_0268,PERSONNE PHYSIQUE,COMPAGNIE_02,POLICE_01085,0,TRAVEL ASSURANCE,0,AFFAIRE NOUVELLE,2025-11-12,2025-11-15,2025-10-20,2025-10-20,2025-10-20,,5600,0,1300,5100,12000,10,600,0,0,2025,2025-10,,DATE DE PAIEMENT NON RENSEIGNEE,OK,10,2025Q4,3.0,,False,False,False,False
OP_01797,CLIENT_0391,PERSONNE PHYSIQUE,COMPAGNIE_01,POLICE_01082,1,AUTOMOBILE,MONO AUTO,RENOUVELLEMENT,2025-10-20,2026-04-18,2025-10-20,2025-10-20,2025-10-20,2025-12-30,87500,0,11200,5400,104100,15,13100,0,0,2025,2025-10,71.0,DATE DE PAIEMENT RENSEIGNEE,OK,10,2025Q4,180.0,71.0,False,False,False,True
OP_01798,CLIENT_0573,PERSONNE PHYSIQUE,COMPAGNIE_03,POLICE_00800,2,AUTOMOBILE,MONO AUTO,RENOUVELLEMENT,2025-09-27,2025-12-27,2025-10-20,2025-10-20,2025-10-20,,12700,12500,1800,5400,19900,15,1900,0,0,2025,2025-10,,DATE DE PAIEMENT NON RENSEIGNEE,OK,10,2025Q4,91.0,,False,False,False,False
OP_01799,CLIENT_0725,PERSONNE PHYSIQUE,COMPAGNIE_09,POLICE_01075,0,AUTOMOBILE,MONO AUTO,AFFAIRE NOUVELLE,2025-11-04,2026-11-03,2025-10-20,2025-10-20,2025-10-20,,127400,126700,15900,4900,148300,15,19100,0,0,2025,2025-10,,DATE DE PAIEMENT NON RENSEIGNEE,OK,10,2025Q4,364.0,,False,False,False,False
OP_01800,CLIENT_0496,PERSONNE PHYSIQUE,COMPAGNIE_03,POLICE_00662,2,AUTOMOBILE,MONO AUTO,RENOUVELLEMENT,2025-10-09,2026-10-08,2025-10-21,2025-10-21,2025-10-21,2025-12-22,63000,62100,6900,5500,75400,15,9500,0,0,2025,2025-10,62.0,DATE DE PAIEMENT RENSEIGNEE,OK,10,2025Q4,364.0,62.0,False,False,False,True
OP_01801,CLIENT_0508,PERSONNE PHYSIQUE,COMPAGNIE_02,POLICE_00678,5,AUTOMOBILE,MONO AUTO,RENOUVELLEMENT,2025-10-19,2026-10-18,2025-10-21,2025-10-21,2025-10-21,,52400,47000,5600,3200,61200,15,7900,0,0,2025,2025-10,,DATE DE PAIEMENT NON RENSEIGNEE,OK,10,2025Q4,364.0,,False,False,False,False
OP_01802,CLIENT_0545,PERSONNE PHYSIQUE,COMPAGNIE_09,POLICE_01059,0,AUTOMOBILE,MONO AUTO,AFFAIRE NOUVELLE,2025-10-21,2026-10-20,2025-10-22,2025-10-22,2025-10-22,,46500,55300,4900,2400,53800,15,7000,0,0,2025,2025-10,,DATE DE PAIEMENT NON RENSEIGNEE,OK,10,2025Q4,364.0,,False,False,False,False
OP_01803,CLIENT_0456,PERSONNE MORALE,COMPAGNIE_04,POLICE_00604,6,AUTOMOBILE,MONO AUTO,RENOUVELLEMENT,2025-10-02,2026-10-01,2025-10-23,2025-10-23,2025-10-23,2025-10-30,71700,70200,9100,4300,85100,15,10700,0,0,2025,2025-10,7.0,DATE DE PAIEMENT RENSEIGNEE,OK,10,2025Q4,364.0,7.0,False,False,False,True
OP_01804,CLIENT_0668,PERSONNE PHYSIQUE,COMPAGNIE_02,POLICE_01055,0,TRAVEL ASSURANCE,0,AFFAIRE NOUVELLE,2025-11-21,2025-11-27,2025-10-23,2025-10-23,2025-10-23,,5600,0,1300,5100,12000,10,600,0,0,2025,2025-10,,DATE DE PAIEMENT NON RENSEIGNEE,OK,10,2025Q4,6.0,,False,False,False,False
OP_01805,CLIENT_0024,PERSONNE PHYSIQUE,COMPAGNIE_03,POLICE_00024,9,AUTOMOBILE,MONO AUTO,RENOUVELLEMENT,2025-10-20,2026-04-19,2025-10-24,2025-10-24,2025-10-24,2025-12-21,22900,22500,2700,3800,29300,15,3400,0,0,2025,2025-10,58.0,DATE DE PAIEMENT RENSEIGNEE,OK,10,2025Q4,181.0,58.0,False,False,False,True
OP_01806,CLIENT_0034,PERSONNE PHYSIQUE,COMPAGNIE_01,POLICE_00890,2,AUTOMOBILE,MONO AUTO,PROROGATION,2025-09-08,2025-12-07,2025-10-24,2025-10-24,2025-10-24,2026-01-17,11700,11100,1200,0,12800,15,1700,0,0,2025,2025-10,85.0,DATE DE PAIEMENT RENSEIGNEE,OK,10,2025Q4,90.0,85.0,False,False,False,True
OP_01807,CLIENT_0064,PERSONNE PHYSIQUE,COMPAGNIE_04,POLICE_00065,25,AUTOMOBILE,MONO AUTO,RENOUVELLEMENT,2025-10-07,2026-01-05,2025-10-24,2025-10-24,2025-10-24,2025-11-01,17300,16900,2000,2600,21800,15,2600,0,0,2025,2025-10,8.0,DATE DE PAIEMENT RENSEIGNEE,OK,10,2025Q4,90.0,8.0,False,False,False,True
OP_01808,CLIENT_0279,PERSONNE PHYSIQUE,COMPAGNIE_08,POLICE_00340,0,RETRAITE COMPLEMENTAIRE,ASSURANCE DE PERSONNES,RÉGULARISATION,2024-05-15,2032-05-14,2025-10-24,2025-10-24,2025-10-24,,4700,0,0,0,4700,10,500,0,0,2025,2025-10,,DATE DE PAIEMENT NON RENSEIGNEE,OK,10,2025Q4,2921.0,,False,False,False,False
OP_01809,CLIENT_0480,PERSONNE PHYSIQUE,COMPAGNIE_01,POLICE_01074,7,AUTOMOBILE,MONO AUTO,RENOUVELLEMENT,2025-10-26,2026-10-25,2025-10-24,2025-10-24,2025-10-24,2026-01-10,64800,0,7000,5400,77200,15,9700,0,0,2025,2025-10,78.0,DATE DE PAIEMENT RENSEIGNEE,OK,10,2025Q4,364.0,78.0,False,False,False,True
OP_01810,CLIENT_0485,PERSONNE PHYSIQUE,COMPAGNIE_03,POLICE_00645,3,AUTOMOBILE,MONO AUTO,RENOUVELLEMENT,2025-10-15,2026-10-14,2025-10-24,2025-10-24,2025-10-24,2025-12-25,200800,64700,20400,3300,224500,15,30100,0,0,2025,2025-10,62.0,DATE DE PAIEMENT RENSEIGNEE,OK,10,2025Q4,364.0,62.0,False,False,False,True
OP_01811,CLIENT_0722,PERSONNE PHYSIQUE,COMPAGNIE_01,POLICE_01064,0,AUTOMOBILE,MONO AUTO,AFFAIRE NOUVELLE,2025-10-23,2026-10-22,2025-10-24,2025-10-31,2025-10-31,2026-01-16,69200,0,7500,5700,82500,15,10400,0,0,2025,2025-10,77.0,DATE DE PAIEMENT RENSEIGNEE,OK,10,2025Q4,364.0,77.0,False,False,False,True
OP_01812,CLIENT_0059,PERSONNE PHYSIQUE,COMPAGNIE_04,POLICE_00535,5,AUTOMOBILE,MONO AUTO,RENOUVELLEMENT,2025-10-23,2026-01-23,2025-10-25,2025-10-25,2025-10-25,,111000,110400,13600,2100,126700,15,16700,0,0,2025,2025-10,,DATE DE PAIEMENT NON RENSEIGNEE,OK,10,2025Q4,92.0,,False,False,False,False
OP_01813,CLIENT_0095,PERSONNE PHYSIQUE,COMPAGNIE_02,POLICE_00103,9,AUTOMOBILE,MONO AUTO,RENOUVELLEMENT,2025-10-02,2026-03-31,2025-10-25,2025-10-25,2025-10-25,2025-10-29,75500,29500,7900,3200,86500,15,11300,0,0,2025,2025-10,4.0,DATE DE PAIEMENT RENSEIGNEE,OK,10,2025Q4,180.0,4.0,False,False,False,True
OP_01814,CLIENT_0388,PERSONNE PHYSIQUE,COMPAGNIE_01,POLICE_00637,4,AUTOMOBILE,MONO AUTO,RENOUVELLEMENT,2025-10-01,2026-09-30,2025-10-25,2025-10-25,2025-10-25,,119700,45400,12500,4900,137100,15,18000,0,0,2025,2025-10,,DATE DE PAIEMENT NON RENSEIGNEE,OK,10,2025Q4,364.0,,False,False,False,False
OP_01815,CLIENT_0428,PERSONNE PHYSIQUE,COMPAGNIE_05,POLICE_00562,2,AUTOMOBILE,MONO AUTO,RENOUVELLEMENT,2025-10-26,2026-01-25,2025-10-27,2025-10-27,2025-10-27,,13900,12500,1800,4200,20000,15,2100,0,0,2025,2025-10,,DATE DE PAIEMENT NON RENSEIGNEE,OK,10,2025Q4,91.0,,False,False,False,False
OP_01816,CLIENT_0074,PERSONNE PHYSIQUE,COMPAGNIE_04,POLICE_00079,17,AUTOMOBILE,MONO AUTO,RENOUVELLEMENT,2025-10-28,2026-01-27,2025-10-28,2025-10-28,2025-10-28,,9800,9400,1000,0,10800,15,1500,0,0,2025,2025-10,,DATE DE PAIEMENT NON RENSEIGNEE,OK,10,2025Q4,91.0,,False,False,False,False
OP_01817,CLIENT_0523,PERSONNE PHYSIQUE,COMPAGNIE_03,POLICE_00933,2,AUTOMOBILE,MONO AUTO,RENOUVELLEMENT,2025-10-18,2026-01-17,2025-10-28,2025-10-28,2025-10-28,2025-10-28,12000,11800,1300,1000,14400,15,1800,0,0,2025,2025-10,0.0,DATE DE PAIEMENT RENSEIGNEE,OK,10,2025Q4,91.0,0.0,False,False,False,True
OP_01818,CLIENT_0524,PERSONNE PHYSIQUE,COMPAGNIE_03,POLICE_00709,4,AUTOMOBILE,MONO AUTO,RENOUVELLEMENT,2025-10-28,2025-10-27,2025-10-28,2025-10-28,2025-10-28,2025-12-08,46200,45400,5000,4200,55500,15,6900,0,0,2025,2025-10,41.0,DATE DE PAIEMENT RENSEIGNEE,EFFET_APRES_ECHEANCE,10,2025Q4,-1.0,41.0,True,False,False,True
OP_01819,CLIENT_0545,PERSONNE PHYSIQUE,COMPAGNIE_09,POLICE_01069,0,AUTOMOBILE,MONO AUTO,AFFAIRE NOUVELLE,2025-12-07,2026-12-06,2025-10-28,2025-10-28,2025-10-28,,46100,55900,4800,2400,53300,15,6900,0,0,2025,2025-10,,DATE DE PAIEMENT NON RENSEIGNEE,OK,10,2025Q4,364.0,,False,False,False,False
OP_01820,CLIENT_0699,PERSONNE MORALE,COMPAGNIE_07,POLICE_01071,3,AUTOMOBILE,FLOTTE AUTOMOBILE,INCORPORATION,2025-08-11,2026-08-10,2025-10-28,2025-10-28,2025-10-28,2025-10-28,8379200,0,0,0,8379200,15,1256900,0,0,2025,2025-10,0.0,DATE DE PAIEMENT RENSEIGNEE,OK,10,2025Q4,364.0,0.0,False,False,False,True
OP_01821,CLIENT_0726,PERSONNE MORALE,COMPAGNIE_05,POLICE_01078,0,AUTOMOBILE,MONO AUTO,AFFAIRE NOUVELLE,2025-10-28,2026-10-27,2025-10-28,2025-10-28,2025-10-28,,75700,70600,9600,4000,89300,15,11400,0,0,2025,2025-10,,DATE DE PAIEMENT NON RENSEIGNEE,OK,10,2025Q4,364.0,,False,False,False,False
OP_01822,CLIENT_0045,PERSONNE PHYSIQUE,COMPAGNIE_01,POLICE_00045,5,AUTOMOBILE,MONO AUTO,RENOUVELLEMENT,2025-10-05,2026-10-04,2025-10-29,2025-10-29,2025-10-29,,96100,76200,34400,4800,96100,15,14400,0,0,2025,2025-10,,DATE DE PAIEMENT NON RENSEIGNEE,OK,10,2025Q4,364.0,,False,False,False,False
OP_01823,CLIENT_0045,PERSONNE PHYSIQUE,COMPAGNIE_01,POLICE_00045,5,AUTOMOBILE,MONO AUTO,RENOUVELLEMENT,2025-10-05,2026-10-04,2025-10-29,2026-03-01,2026-03-01,2026-04-08,259600,81400,36700,5100,301500,15,38900,0,0,2025,2025-10,38.0,DATE DE PAIEMENT RENSEIGNEE,OK,10,2025Q4,364.0,38.0,False,False,False,True
OP_01824,CLIENT_0526,PERSONNE PHYSIQUE,COMPAGNIE_02,POLICE_00712,5,AUTOMOBILE,MONO AUTO,RENOUVELLEMENT,2025-10-30,2026-10-29,2025-10-29,2025-10-29,2025-10-29,,140400,56200,14300,2800,157600,15,21100,0,0,2025,2025-10,,DATE DE PAIEMENT NON RENSEIGNEE,OK,10,2025Q4,364.0,,False,False,False,False
OP_01825,CLIENT_0632,PERSONNE PHYSIQUE,COMPAGNIE_04,POLICE_00919,3,AUTOMOBILE,MONO AUTO,RENOUVELLEMENT,2025-10-24,2026-01-23,2025-10-29,2025-10-29,2025-10-29,,16600,16200,1900,2600,21100,15,2500,0,0,2025,2025-10,,DATE DE PAIEMENT NON RENSEIGNEE,OK,10,2025Q4,91.0,,False,False,False,False
OP_01826,CLIENT_0073,PERSONNE PHYSIQUE,COMPAGNIE_01,POLICE_01084,5,AUTOMOBILE,MONO AUTO,RENOUVELLEMENT,2025-10-30,2026-04-28,2025-10-30,2025-10-30,2025-10-30,2026-01-09,24700,0,3000,5500,33300,15,3700,0,0,2025,2025-10,71.0,DATE DE PAIEMENT RENSEIGNEE,OK,10,2025Q4,180.0,71.0,False,False,False,True
OP_01827,CLIENT_0490,PERSONNE PHYSIQUE,COMPAGNIE_03,POLICE_00651,4,AUTOMOBILE,MONO AUTO,RENOUVELLEMENT,2025-10-15,2026-04-14,2025-10-30,2025-10-30,2025-10-30,2025-12-26,60100,22400,6500,5100,71700,15,9000,0,0,2025,2025-10,57.0,DATE DE PAIEMENT RENSEIGNEE,OK,10,2025Q4,181.0,57.0,False,False,False,True
OP_01828,CLIENT_0513,PERSONNE PHYSIQUE,COMPAGNIE_01,POLICE_01087,3,AUTOMOBILE,MONO AUTO,RENOUVELLEMENT,2025-10-29,2026-04-27,2025-10-30,2025-10-30,2025-10-30,2026-01-07,26900,0,3100,4600,34600,15,4000,0,0,2025,2025-10,69.0,DATE DE PAIEMENT RENSEIGNEE,OK,10,2025Q4,180.0,69.0,False,False,False,True
OP_01829,CLIENT_0729,PERSONNE PHYSIQUE,COMPAGNIE_03,POLICE_01090,0,AUTOMOBILE,MONO AUTO,AFFAIRE NOUVELLE,2025-10-29,2026-10-28,2025-10-30,2025-10-30,2025-10-30,2025-12-07,112700,61100,11800,5100,129600,15,16900,0,0,2025,2025-10,38.0,DATE DE PAIEMENT RENSEIGNEE,OK,10,2025Q4,364.0,38.0,False,False,False,True
OP_01830,CLIENT_0083,PERSONNE PHYSIQUE,COMPAGNIE_03,POLICE_01061,0,AUTOMOBILE,MONO AUTO,AFFAIRE NOUVELLE,2025-10-18,2026-04-17,2025-10-31,2025-10-31,2025-10-31,2025-12-27,23100,22700,2700,3800,29600,15,3500,0,0,2025,2025-10,57.0,DATE DE PAIEMENT RENSEIGNEE,OK,10,2025Q4,181.0,57.0,False,False,False,True
OP_01831,CLIENT_0516,PERSONNE PHYSIQUE,COMPAGNIE_04,POLICE_00689,4,AUTOMOBILE,MONO MOTO,RENOUVELLEMENT,2025-11-01,2026-10-31,2025-11-01,2025-11-01,2025-11-01,,11400,9200,1400,2400,15100,15,1700,0,0,2025,2025-11,,DATE DE PAIEMENT NON RENSEIGNEE,OK,11,2025Q4,364.0,,False,False,False,False
OP_01832,CLIENT_0721,PERSONNE PHYSIQUE,COMPAGNIE_03,POLICE_01063,0,AUTOMOBILE,MONO AUTO,AFFAIRE NOUVELLE,2025-10-29,2026-04-28,2025-11-02,2025-11-02,2025-11-02,2025-12-29,26800,26400,3100,4400,34400,15,4000,0,0,2025,2025-11,57.0,DATE DE PAIEMENT RENSEIGNEE,OK,11,2025Q4,181.0,57.0,False,False,False,True
OP_01833,CLIENT_0730,PERSONNE PHYSIQUE,COMPAGNIE_01,POLICE_01091,0,MULTIRISQUE HABITATION,INCENDIE,AFFAIRE NOUVELLE,2025-11-01,2026-10-31,2025-11-02,2026-03-21,2025-11-02,2026-03-17,160200,0,20700,11100,192000,20,32000,0,0,2025,2025-11,135.0,DATE DE PAIEMENT RENSEIGNEE,OK,11,2025Q4,364.0,135.0,False,False,False,True
OP_01834,CLIENT_0260,PERSONNE PHYSIQUE,COMPAGNIE_06,POLICE_00320,4,AUTOMOBILE,MONO AUTO,RENOUVELLEMENT,2025-11-04,2026-11-03,2025-11-03,2025-11-05,2025-11-05,2025-11-18,202100,47700,20700,5200,228000,15,30300,0,0,2025,2025-11,13.0,DATE DE PAIEMENT RENSEIGNEE,OK,11,2025Q4,364.0,13.0,False,False,False,True
OP_01835,CLIENT_0275,PERSONNE PHYSIQUE,COMPAGNIE_02,POLICE_00336,11,AUTOMOBILE,MONO AUTO,RENOUVELLEMENT,2025-11-06,2026-11-05,2025-11-03,2025-11-03,2025-11-03,,152800,44800,15600,3300,171700,15,22900,0,0,2025,2025-11,,DATE DE PAIEMENT NON RENSEIGNEE,OK,11,2025Q4,364.0,,False,False,False,False
OP_01836,CLIENT_0536,PERSONNE PHYSIQUE,COMPAGNIE_03,POLICE_01093,0,AUTOMOBILE,MONO AUTO,AFFAIRE NOUVELLE,2025-11-05,2026-11-04,2025-11-04,2025-11-04,2025-11-04,2025-12-04,57600,56800,6300,5000,68900,15,8600,0,0,2025,2025-11,30.0,DATE DE PAIEMENT RENSEIGNEE,OK,11,2025Q4,364.0,30.0,False,False,False,True
OP_01837,CLIENT_0050,PERSONNE MORALE,COMPAGNIE_06,POLICE_00050,159,AUTOMOBILE,FLOTTE AUTOMOBILE,INCORPORATION,2024-11-04,2026-01-06,2025-11-05,2025-11-05,2025-11-05,2025-11-18,9000,7300,1000,1100,11200,15,1400,0,0,2025,2025-11,13.0,DATE DE PAIEMENT RENSEIGNEE,OK,11,2025Q4,428.0,13.0,False,False,False,True
OP_01838,CLIENT_0257,PERSONNE PHYSIQUE,COMPAGNIE_03,POLICE_00316,2,AUTOMOBILE,MONO AUTO,RENOUVELLEMENT,2025-11-04,2026-05-04,2025-11-06,2025-11-06,2025-11-06,2025-12-12,24600,24200,2900,4100,31600,15,3700,0,0,2025,2025-11,36.0,DATE DE PAIEMENT RENSEIGNEE,OK,11,2025Q4,181.0,36.0,False,False,False,True
OP_01839,CLIENT_0724,PERSONNE PHYSIQUE,COMPAGNIE_03,POLICE_01073,0,AUTOMOBILE,MONO AUTO,AFFAIRE NOUVELLE,2025-11-06,2026-11-05,2025-11-06,2025-11-06,2025-11-06,2025-11-17,63200,62400,6900,5500,75600,27,17100,0,0,2025,2025-11,11.0,DATE DE PAIEMENT RENSEIGNEE,OK,11,2025Q4,364.0,11.0,False,False,False,True
OP_01840,CLIENT_0732,PERSONNE PHYSIQUE,COMPAGNIE_01,POLICE_01096,0,AUTOMOBILE,MONO AUTO,AFFAIRE NOUVELLE,2025-11-04,2026-05-03,2025-11-07,2025-11-07,2025-11-07,2026-01-02,28500,0,3300,4800,36600,15,4300,0,0,2025,2025-11,56.0,DATE DE PAIEMENT RENSEIGNEE,OK,11,2025Q4,180.0,56.0,False,False,False,True
OP_01841,CLIENT_0015,PERSONNE PHYSIQUE,COMPAGNIE_02,POLICE_01092,0,TRAVEL ASSURANCE,0,AFFAIRE NOUVELLE,2026-03-05,2026-04-05,2025-11-08,2025-11-08,2025-11-08,,12100,0,2000,4600,18700,10,1200,0,0,2025,2025-11,,DATE DE PAIEMENT NON RENSEIGNEE,OK,11,2025Q4,31.0,,False,False,False,False
OP_01842,CLIENT_0236,PERSONNE MORALE,COMPAGNIE_03,POLICE_00719,18,AUTOMOBILE,FLOTTE AUTOMOBILE,RENOUVELLEMENT,2025-11-07,2026-11-06,2025-11-08,2025-11-08,2025-11-08,2025-12-15,1599600,225700,186400,4600,1790600,15,239900,0,0,2025,2025-11,37.0,DATE DE PAIEMENT RENSEIGNEE,OK,11,2025Q4,364.0,37.0,False,False,False,True
OP_01843,CLIENT_0342,PERSONNE PHYSIQUE,COMPAGNIE_01,POLICE_01072,3,AUTOMOBILE,MONO AUTO,RENOUVELLEMENT,2025-11-05,2026-02-04,2025-11-08,2025-11-08,2025-11-08,2026-01-25,15300,0,2000,4300,21600,15,2300,0,0,2025,2025-11,78.0,DATE DE PAIEMENT RENSEIGNEE,OK,11,2025Q4,91.0,78.0,False,False,False,True
OP_01844,CLIENT_0547,PERSONNE MORALE,COMPAGNIE_07,POLICE_00759,2,AUTOMOBILE,FLOTTE AUTOMOBILE,RENOUVELLEMENT,2025-11-15,2026-11-14,2025-11-08,2025-11-08,2025-11-08,,266300,0,27700,7800,301800,15,39900,0,0,2025,2025-11,,DATE DE PAIEMENT NON RENSEIGNEE,OK,11,2025Q4,364.0,,False,False,False,False
OP_01845,CLIENT_0727,PERSONNE PHYSIQUE,COMPAGNIE_03,POLICE_01079,0,AUTOMOBILE,MONO AUTO,AFFAIRE NOUVELLE,2025-11-04,2026-11-03,2025-11-08,2025-11-08,2025-11-08,2025-11-12,177200,46100,18200,4400,199800,15,26600,0,0,2025,2025-11,4.0,DATE DE PAIEMENT RENSEIGNEE,OK,11,2025Q4,364.0,4.0,False,False,False,True
OP_01846,CLIENT_0328,PERSONNE MORALE,COMPAGNIE_02,POLICE_01099,4,RC SCOLAIRE,RESPONSABILITE,RENOUVELLEMENT,2025-11-09,2026-07-07,2025-11-10,2025-11-10,2025-11-10,,19600,9200,2600,1800,23900,15,2900,0,0,2025,2025-11,,DATE DE PAIEMENT NON RENSEIGNEE,OK,11,2025Q4,240.0,,False,False,False,False
OP_01847,CLIENT_0505,PERSONNE PHYSIQUE,COMPAGNIE_01,POLICE_01077,2,AUTOMOBILE,MONO AUTO,RENOUVELLEMENT,2025-11-10,2026-11-09,2025-11-10,2025-11-10,2025-11-10,2026-01-24,41800,0,4600,4400,50800,15,6300,0,0,2025,2025-11,75.0,DATE DE PAIEMENT RENSEIGNEE,OK,11,2025Q4,364.0,75.0,False,False,False,True
OP_01848,CLIENT_0518,PERSONNE PHYSIQUE,COMPAGNIE_03,POLICE_00949,1,AUTOMOBILE,MONO AUTO,RENOUVELLEMENT,2025-11-10,2026-05-09,2025-11-10,2025-11-10,2025-11-10,2025-12-10,69000,68200,9000,5800,83700,15,10300,0,0,2025,2025-11,30.0,DATE DE PAIEMENT RENSEIGNEE,OK,11,2025Q4,180.0,30.0,False,False,False,True
OP_01849,CLIENT_0525,PERSONNE PHYSIQUE,COMPAGNIE_03,POLICE_00711,4,AUTOMOBILE,MONO AUTO,RENOUVELLEMENT,2025-11-13,2026-11-12,2025-11-10,2025-11-10,2025-11-10,2025-12-18,47500,45700,5100,4000,56600,15,7100,0,0,2025,2025-11,38.0,DATE DE PAIEMENT RENSEIGNEE,OK,11,2025Q4,364.0,38.0,False,False,False,True
OP_01850,CLIENT_0527,PERSONNE PHYSIQUE,COMPAGNIE_08,POLICE_00714,0,RETRAITE COMPLEMENTAIRE,ASSURANCE DE PERSONNES,RÉGULARISATION,2024-11-10,2046-11-09,2025-11-10,2025-11-09,2025-11-10,,15600,0,0,0,15600,10,1600,0,0,2025,2025-11,,DATE DE PAIEMENT NON RENSEIGNEE,OK,11,2025Q4,8034.0,,False,False,False,False
OP_01851,CLIENT_0514,PERSONNE MORALE,COMPAGNIE_01,POLICE_01102,1,AUTOMOBILE,FLOTTE AUTOMOBILE,RENOUVELLEMENT,2025-11-11,2026-11-10,2025-11-11,2025-11-11,2025-11-11,2025-12-30,69900,0,8900,4600,83500,15,10500,0,0,2025,2025-11,49.0,DATE DE PAIEMENT RENSEIGNEE,OK,11,2025Q4,364.0,49.0,False,False,False,True
OP_01852,CLIENT_0054,PERSONNE PHYSIQUE,COMPAGNIE_02,POLICE_01080,0,TRAVEL ASSURANCE,0,AFFAIRE NOUVELLE,2025-11-11,2025-11-17,2025-11-12,2025-11-12,2025-11-12,,4900,0,1100,4400,10400,10,500,0,0,2025,2025-11,,DATE DE PAIEMENT NON RENSEIGNEE,OK,11,2025Q4,6.0,,False,False,False,False
OP_01853,CLIENT_0218,PERSONNE PHYSIQUE,COMPAGNIE_01,POLICE_01089,1,AUTOMOBILE,MONO AUTO,RENOUVELLEMENT,2025-11-09,2026-11-08,2025-11-12,2025-11-12,2025-11-12,2026-01-15,40700,0,4600,4800,50100,15,6100,0,0,2025,2025-11,64.0,DATE DE PAIEMENT RENSEIGNEE,OK,11,2025Q4,364.0,64.0,False,False,False,True
OP_01854,CLIENT_0656,PERSONNE PHYSIQUE,COMPAGNIE_09,POLICE_01086,0,AUTOMOBILE,MONO AUTO,RENOUVELLEMENT,2025-11-12,2026-05-13,2025-11-12,2025-11-12,2025-11-12,2025-12-26,30700,36400,3300,2400,36400,15,4600,0,0,2025,2025-11,44.0,DATE DE PAIEMENT RENSEIGNEE,OK,11,2025Q4,182.0,44.0,False,False,False,True
OP_01855,CLIENT_0111,PERSONNE MORALE,COMPAGNIE_06,POLICE_01081,0,AUTOMOBILE,MONO AUTO,AFFAIRE NOUVELLE,2025-08-23,2025-11-22,2025-11-13,2025-11-13,2025-11-13,2026-01-22,41400,40100,5600,5200,52300,15,6200,0,0,2025,2025-11,70.0,DATE DE PAIEMENT RENSEIGNEE,OK,11,2025Q4,91.0,70.0,False,False,False,True
OP_01856,CLIENT_0010,PERSONNE MORALE,COMPAGNIE_09,POLICE_01094,0,AUTOMOBILE,MONO AUTO,AFFAIRE NOUVELLE,2025-11-10,2026-11-09,2025-11-14,2025-11-14,2025-11-14,,556200,132500,67000,2500,625700,15,83400,0,0,2025,2025-11,,DATE DE PAIEMENT NON RENSEIGNEE,OK,11,2025Q4,364.0,,False,False,False,False
OP_01857,CLIENT_0387,PERSONNE PHYSIQUE,COMPAGNIE_01,POLICE_01105,2,AUTOMOBILE,MONO AUTO,RENOUVELLEMENT,2025-11-15,2026-05-14,2025-11-14,2025-11-14,2025-11-14,2026-01-02,128200,0,13300,5000,146500,15,19200,0,0,2025,2025-11,49.0,DATE DE PAIEMENT RENSEIGNEE,OK,11,2025Q4,180.0,49.0,False,False,False,True
OP_01858,CLIENT_0134,PERSONNE PHYSIQUE,COMPAGNIE_02,POLICE_01108,0,AUTOMOBILE,MONO AUTO,AFFAIRE NOUVELLE,2025-11-18,2026-11-17,2025-11-15,2025-11-15,2025-11-15,,71000,66200,7400,2800,81100,15,10600,0,0,2025,2025-11,,DATE DE PAIEMENT NON RENSEIGNEE,OK,11,2025Q4,364.0,,False,False,False,False
OP_01859,CLIENT_0279,PERSONNE PHYSIQUE,COMPAGNIE_08,POLICE_00340,0,RETRAITE COMPLEMENTAIRE,ASSURANCE DE PERSONNES,RÉGULARISATION,2024-05-15,2032-05-14,2025-11-15,2025-11-14,2025-11-15,,4300,0,0,0,4300,10,400,0,0,2025,2025-11,,DATE DE PAIEMENT NON RENSEIGNEE,OK,11,2025Q4,2921.0,,False,False,False,False
OP_01860,CLIENT_0456,PERSONNE MORALE,COMPAGNIE_03,POLICE_00710,5,AUTOMOBILE,MONO AUTO,RENOUVELLEMENT,2025-11-16,2026-11-15,2025-11-16,2025-11-16,2025-11-16,2025-12-24,169400,58000,17400,4900,191700,15,25400,0,0,2025,2025-11,38.0,DATE DE PAIEMENT RENSEIGNEE,OK,11,2025Q4,364.0,38.0,False,False,False,True
OP_01861,CLIENT_0519,PERSONNE MORALE,COMPAGNIE_02,POLICE_00692,2,RC SCOLAIRE,RESPONSABILITE,RENOUVELLEMENT,2025-11-11,2026-07-19,2025-11-16,2025-11-16,2025-11-16,,3800,2200,600,1000,5400,15,600,0,0,2025,2025-11,,DATE DE PAIEMENT NON RENSEIGNEE,OK,11,2025Q4,250.0,,False,False,False,False
OP_01862,CLIENT_0531,PERSONNE MORALE,COMPAGNIE_04,POLICE_00724,4,AUTOMOBILE,MONO AUTO,RENOUVELLEMENT,2025-11-19,2026-11-18,2025-11-16,2025-11-16,2025-11-16,,53300,51900,5600,2600,61500,15,8000,0,0,2025,2025-11,,DATE DE PAIEMENT NON RENSEIGNEE,OK,11,2025Q4,364.0,,False,False,False,False
OP_01863,CLIENT_0518,PERSONNE PHYSIQUE,COMPAGNIE_03,POLICE_01103,0,AUTOMOBILE,FLOTTE AUTOMOBILE,AFFAIRE NOUVELLE,2025-11-14,2026-05-13,2025-11-17,2025-11-17,2025-11-17,2025-12-10,125900,124500,15700,4900,146500,15,18900,0,0,2025,2025-11,23.0,DATE DE PAIEMENT RENSEIGNEE,OK,11,2025Q4,180.0,23.0,False,False,False,True
OP_01864,CLIENT_0533,PERSONNE PHYSIQUE,COMPAGNIE_03,POLICE_00730,2,AUTOMOBILE,MONO AUTO,RENOUVELLEMENT,2025-11-16,2026-05-15,2025-11-17,2025-11-17,2025-11-17,2025-12-08,21000,20600,2200,1000,24200,15,3100,0,0,2025,2025-11,21.0,DATE DE PAIEMENT RENSEIGNEE,OK,11,2025Q4,180.0,21.0,False,False,False,True
OP_01865,CLIENT_0338,PERSONNE PHYSIQUE,COMPAGNIE_05,POLICE_00430,2,AUTOMOBILE,MONO AUTO,PROROGATION,2025-11-26,2026-05-26,2025-11-19,2025-11-19,2025-11-19,,25300,22200,2700,2100,30100,15,3800,0,0,2025,2025-11,,DATE DE PAIEMENT NON RENSEIGNEE,OK,11,2025Q4,181.0,,False,False,False,False
OP_01866,CLIENT_0709,PERSONNE PHYSIQUE,COMPAGNIE_01,POLICE_01106,1,AUTOMOBILE,MONO AUTO,RENOUVELLEMENT,2025-11-25,2026-02-22,2025-11-19,2025-12-11,2025-12-11,2026-01-06,43700,0,5900,5500,55200,15,6600,0,0,2025,2025-11,26.0,DATE DE PAIEMENT RENSEIGNEE,OK,11,2025Q4,89.0,26.0,False,False,False,True
OP_01867,CLIENT_0731,PERSONNE PHYSIQUE,COMPAGNIE_01,POLICE_01095,0,AUTOMOBILE,MONO AUTO,AFFAIRE NOUVELLE,2025-11-16,2026-02-15,2025-11-19,2026-02-21,2026-02-21,2026-02-21,13400,0,1800,4800,20000,15,2000,0,0,2025,2025-11,0.0,DATE DE PAIEMENT RENSEIGNEE,OK,11,2025Q4,91.0,0.0,False,False,False,True
OP_01868,CLIENT_0050,PERSONNE MORALE,COMPAGNIE_06,POLICE_00050,160,AUTOMOBILE,FLOTTE MOTO,INCORPORATION,2025-11-20,2026-01-06,2025-11-20,2025-11-20,2025-11-20,2026-01-18,7400,6000,800,900,9100,15,1100,0,0,2025,2025-11,59.0,DATE DE PAIEMENT RENSEIGNEE,OK,11,2025Q4,47.0,59.0,False,False,False,True
OP_01869,CLIENT_0728,PERSONNE PHYSIQUE,COMPAGNIE_03,POLICE_01088,0,AUTOMOBILE,MONO AUTO,AFFAIRE NOUVELLE,2025-10-21,2026-10-20,2025-11-20,2025-11-20,2025-11-20,2025-12-30,40300,39600,4400,4100,48900,15,6100,0,0,2025,2025-11,40.0,DATE DE PAIEMENT RENSEIGNEE,OK,11,2025Q4,364.0,40.0,False,False,False,True
OP_01870,CLIENT_0734,PERSONNE PHYSIQUE,COMPAGNIE_09,POLICE_01098,0,AUTOMOBILE,MONO AUTO,AFFAIRE NOUVELLE,2025-11-16,2026-02-15,2025-11-20,2025-11-20,2025-11-20,2025-12-20,11500,12900,1400,2500,15500,15,1700,0,0,2025,2025-11,30.0,DATE DE PAIEMENT RENSEIGNEE,OK,11,2025Q4,91.0,30.0,False,False,False,True
OP_01871,CLIENT_0216,PERSONNE PHYSIQUE,COMPAGNIE_03,POLICE_00728,3,AUTOMOBILE,MONO AUTO,RENOUVELLEMENT,2025-11-17,2026-11-16,2025-11-21,2025-11-21,2025-11-21,2025-12-07,65300,62800,7100,5800,78200,15,9800,0,0,2025,2025-11,16.0,DATE DE PAIEMENT RENSEIGNEE,OK,11,2025Q4,364.0,16.0,False,False,False,True
OP_01872,CLIENT_0297,PERSONNE PHYSIQUE,COMPAGNIE_03,POLICE_00361,10,AUTOMOBILE,MONO AUTO,RENOUVELLEMENT,2025-11-20,2026-02-20,2025-11-21,2025-11-21,2025-11-21,2025-12-14,10800,10400,1200,1000,13000,15,1600,0,0,2025,2025-11,23.0,DATE DE PAIEMENT RENSEIGNEE,OK,11,2025Q4,92.0,23.0,False,False,False,True
OP_01873,CLIENT_0444,PERSONNE MORALE,COMPAGNIE_07,POLICE_01113,0,RC SCOLAIRE,RESPONSABILITE,RENOUVELLEMENT,2025-11-06,2026-11-05,2025-11-21,2025-11-29,2025-11-29,,461500,0,55700,2900,520200,17,78500,0,0,2025,2025-11,,DATE DE PAIEMENT NON RENSEIGNEE,OK,11,2025Q4,364.0,,False,False,False,False
OP_01874,CLIENT_0541,PERSONNE PHYSIQUE,COMPAGNIE_03,POLICE_00749,1,AUTOMOBILE,MONO AUTO,RENOUVELLEMENT,2025-11-21,2026-11-20,2025-11-21,2025-11-21,2025-11-21,2025-12-14,49600,48900,5400,4300,59300,15,7400,0,0,2025,2025-11,23.0,DATE DE PAIEMENT RENSEIGNEE,OK,11,2025Q4,364.0,23.0,False,False,False,True
OP_01875,CLIENT_0542,PERSONNE PHYSIQUE,COMPAGNIE_09,POLICE_01107,1,AUTOMOBILE,MONO AUTO,RENOUVELLEMENT,2025-11-21,2026-11-20,2025-11-22,2025-11-22,2025-11-22,,66200,54400,6900,2400,75400,15,9900,0,0,2025,2025-11,,DATE DE PAIEMENT NON RENSEIGNEE,OK,11,2025Q4,364.0,,False,False,False,False
OP_01876,CLIENT_0050,PERSONNE MORALE,COMPAGNIE_06,POLICE_00050,161,AUTOMOBILE,FLOTTE MOTO,INCORPORATION,2025-11-23,2026-01-06,2025-11-23,2025-12-01,2025-12-01,2026-01-18,7700,6200,900,900,9500,15,1100,0,0,2025,2025-11,48.0,DATE DE PAIEMENT RENSEIGNEE,OK,11,2025Q4,44.0,48.0,False,False,False,True
OP_01877,CLIENT_0152,PERSONNE PHYSIQUE,COMPAGNIE_06,POLICE_00178,5,AUTOMOBILE,MONO AUTO,RENOUVELLEMENT,2025-11-29,2026-11-28,2025-11-23,2025-11-25,2025-11-25,2026-01-23,60500,58100,6600,5600,72700,15,9100,0,0,2025,2025-11,59.0,DATE DE PAIEMENT RENSEIGNEE,OK,11,2025Q4,364.0,59.0,False,False,False,True
OP_01878,CLIENT_0305,PERSONNE PHYSIQUE,COMPAGNIE_04,POLICE_00371,9,AUTOMOBILE,MONO AUTO,RENOUVELLEMENT,2025-11-21,2026-05-20,2025-11-23,2025-11-23,2025-11-23,,18600,17900,2300,4200,25100,15,2800,0,0,2025,2025-11,,DATE DE PAIEMENT NON RENSEIGNEE,OK,11,2025Q4,180.0,,False,False,False,False
OP_01879,CLIENT_0094,PERSONNE PHYSIQUE,COMPAGNIE_02,POLICE_00713,11,AUTOMOBILE,MONO AUTO,RENOUVELLEMENT,2025-11-21,2026-11-20,2025-11-24,2025-11-24,2025-11-24,,165800,76300,16900,3100,185800,15,24900,0,0,2025,2025-11,,DATE DE PAIEMENT NON RENSEIGNEE,OK,11,2025Q4,364.0,,False,False,False,False
OP_01880,CLIENT_0733,PERSONNE MORALE,COMPAGNIE_01,POLICE_01097,0,AUTOMOBILE,MONO AUTO,AFFAIRE NOUVELLE,2025-11-21,2026-02-20,2025-11-24,2025-11-24,2025-11-24,2026-01-19,17600,0,2200,4700,24600,15,2600,0,0,2025,2025-11,56.0,DATE DE PAIEMENT RENSEIGNEE,OK,11,2025Q4,91.0,56.0,False,False,False,True
OP_01881,CLIENT_0635,PERSONNE PHYSIQUE,COMPAGNIE_03,POLICE_00926,1,AUTOMOBILE,MONO AUTO,RÉGULARISATION,2025-11-25,2026-04-24,2025-11-25,2025-11-25,2025-11-25,,0,0,100,900,1000,15,0,0,0,2025,2025-11,,DATE DE PAIEMENT NON RENSEIGNEE,OK,11,2025Q4,150.0,,False,False,False,False
OP_01882,CLIENT_0735,PERSONNE PHYSIQUE,COMPAGNIE_09,POLICE_01100,0,AUTOMOBILE,MONO AUTO,AFFAIRE NOUVELLE,2025-11-25,2026-11-24,2025-11-25,2025-11-25,2025-11-25,2025-12-24,39200,46300,4100,2300,45600,15,5900,0,0,2025,2025-11,29.0,DATE DE PAIEMENT RENSEIGNEE,OK,11,2025Q4,364.0,29.0,False,False,False,True
OP_01883,CLIENT_0048,PERSONNE MORALE,COMPAGNIE_07,POLICE_01114,0,RC SCOLAIRE,RESPONSABILITE,RENOUVELLEMENT,2025-11-11,2026-11-10,2025-11-26,2025-12-04,2025-12-04,,92600,0,11400,2600,106600,17,15700,0,0,2025,2025-11,,DATE DE PAIEMENT NON RENSEIGNEE,OK,11,2025Q4,364.0,,False,False,False,False
OP_01884,CLIENT_0106,PERSONNE PHYSIQUE,COMPAGNIE_03,POLICE_00931,1,AUTOMOBILE,MONO AUTO,RENOUVELLEMENT,2025-11-25,2026-05-25,2025-11-26,2025-11-26,2025-11-26,2025-12-19,24500,24200,2700,2800,30100,15,3700,0,0,2025,2025-11,23.0,DATE DE PAIEMENT RENSEIGNEE,OK,11,2025Q4,181.0,23.0,False,False,False,True
OP_01885,CLIENT_0240,PERSONNE PHYSIQUE,COMPAGNIE_01,POLICE_01104,12,AUTOMOBILE,FLOTTE AUTOMOBILE,INCORPORATION,2025-07-20,2026-07-19,2025-11-26,2025-11-26,2025-11-26,2026-01-14,251300,0,25600,4300,281200,15,37700,0,0,2025,2025-11,49.0,DATE DE PAIEMENT RENSEIGNEE,OK,11,2025Q4,364.0,49.0,False,False,False,True
OP_01886,CLIENT_0673,PERSONNE PHYSIQUE,COMPAGNIE_03,POLICE_00985,4,AUTOMOBILE,MONO AUTO,RENOUVELLEMENT,2025-11-26,2026-05-26,2025-11-26,2025-11-26,2025-11-26,2025-12-17,24800,24400,2900,4300,32100,15,3700,0,0,2025,2025-11,21.0,DATE DE PAIEMENT RENSEIGNEE,OK,11,2025Q4,181.0,21.0,False,False,False,True
OP_01887,CLIENT_0557,PERSONNE PHYSIQUE,COMPAGNIE_04,POLICE_00778,1,AUTOMOBILE,MONO AUTO,RENOUVELLEMENT,2025-11-29,2026-11-28,2025-11-27,2025-11-27,2025-11-27,,37500,36100,4000,2700,44200,15,5600,0,0,2025,2025-11,,DATE DE PAIEMENT NON RENSEIGNEE,OK,11,2025Q4,364.0,,False,False,False,False
OP_01888,CLIENT_0738,PERSONNE PHYSIQUE,COMPAGNIE_02,POLICE_01119,0,TRAVEL ASSURANCE,0,AFFAIRE NOUVELLE,2026-01-04,2026-03-27,2025-11-27,2025-11-27,2025-11-27,2025-12-31,22300,0,3200,4500,30000,10,2200,0,0,2025,2025-11,34.0,DATE DE PAIEMENT RENSEIGNEE,OK,11,2025Q4,82.0,34.0,False,False,False,True
OP_01889,CLIENT_0493,PERSONNE PHYSIQUE,COMPAGNIE_01,POLICE_01109,4,AUTOMOBILE,MONO AUTO,RENOUVELLEMENT,2025-11-28,2026-11-27,2025-11-28,2025-11-28,2025-11-28,2026-01-09,125700,0,13100,5200,144000,15,18900,0,0,2025,2025-11,42.0,DATE DE PAIEMENT RENSEIGNEE,OK,11,2025Q4,364.0,42.0,False,False,False,True
OP_01890,CLIENT_0283,PERSONNE PHYSIQUE,COMPAGNIE_03,POLICE_00945,1,AUTOMOBILE,MONO AUTO,PROROGATION,2025-11-25,2026-05-24,2025-11-29,2025-11-29,2025-11-29,2025-12-29,20900,20500,2200,900,24000,15,3100,0,0,2025,2025-11,30.0,DATE DE PAIEMENT RENSEIGNEE,OK,11,2025Q4,180.0,30.0,False,False,False,True
OP_01891,CLIENT_0707,PERSONNE PHYSIQUE,COMPAGNIE_03,POLICE_01039,1,AUTOMOBILE,MONO AUTO,RENOUVELLEMENT,2025-11-27,2026-02-24,2025-11-29,2025-11-29,2025-11-29,2026-01-07,14200,14000,1500,1000,16700,15,2100,0,0,2025,2025-11,39.0,DATE DE PAIEMENT RENSEIGNEE,OK,11,2025Q4,89.0,39.0,False,False,False,True
OP_01892,CLIENT_0269,PERSONNE PHYSIQUE,COMPAGNIE_03,POLICE_00330,4,AUTOMOBILE,MONO AUTO,RENOUVELLEMENT,2025-11-30,2026-05-30,2025-11-30,2025-11-30,2025-11-30,2025-12-27,25300,24900,2800,2900,31000,15,3800,0,0,2025,2025-11,27.0,DATE DE PAIEMENT RENSEIGNEE,OK,11,2025Q4,181.0,27.0,False,False,False,True
OP_01893,CLIENT_0556,PERSONNE PHYSIQUE,COMPAGNIE_03,POLICE_00776,4,AUTOMOBILE,MONO AUTO,RENOUVELLEMENT,2025-12-05,2026-12-04,2025-11-30,2025-11-30,2025-11-30,2026-01-08,42400,41600,4500,3000,49900,15,6400,0,0,2025,2025-11,39.0,DATE DE PAIEMENT RENSEIGNEE,OK,11,2025Q4,364.0,39.0,False,False,False,True
OP_01894,CLIENT_0620,PERSONNE PHYSIQUE,COMPAGNIE_03,POLICE_00896,3,AUTOMOBILE,MONO AUTO,RENOUVELLEMENT,2025-12-02,2026-03-02,2025-11-30,2025-11-30,2025-11-30,2025-12-31,11800,11600,1300,1000,14100,15,1800,0,0,2025,2025-11,31.0,DATE DE PAIEMENT RENSEIGNEE,OK,11,2025Q4,90.0,31.0,False,False,False,True
OP_01895,CLIENT_0349,PERSONNE PHYSIQUE,COMPAGNIE_01,POLICE_01123,3,AUTOMOBILE,MONO AUTO,PROROGATION,2025-11-29,2026-05-29,2025-12-01,2025-12-01,2025-12-01,2026-01-02,22300,0,2200,0,24500,15,3300,0,0,2025,2025-12,32.0,DATE DE PAIEMENT RENSEIGNEE,OK,12,2025Q4,181.0,32.0,False,False,False,True
OP_01896,CLIENT_0133,PERSONNE PHYSIQUE,COMPAGNIE_04,POLICE_00762,5,AUTOMOBILE,MONO AUTO,RENOUVELLEMENT,2025-12-05,2026-12-04,2025-12-02,2025-12-02,2025-12-02,,110300,53000,11300,2700,124200,15,16500,0,0,2025,2025-12,,DATE DE PAIEMENT NON RENSEIGNEE,OK,12,2025Q4,364.0,,False,False,False,False
OP_01897,CLIENT_0294,PERSONNE PHYSIQUE,COMPAGNIE_03,POLICE_00357,3,AUTOMOBILE,MONO AUTO,RENOUVELLEMENT,2025-12-11,2026-06-10,2025-12-02,2025-12-02,2025-12-02,2025-12-25,30200,29800,0,0,30200,15,4500,0,0,2025,2025-12,23.0,DATE DE PAIEMENT RENSEIGNEE,OK,12,2025Q4,181.0,23.0,False,False,False,True
OP_01898,CLIENT_0544,PERSONNE PHYSIQUE,COMPAGNIE_09,POLICE_01101,1,AUTOMOBILE,MONO AUTO,RENOUVELLEMENT,2025-12-10,2026-12-09,2025-12-02,2025-12-02,2025-12-02,2025-12-29,98600,55500,10100,2700,111400,15,14800,0,0,2025,2025-12,27.0,DATE DE PAIEMENT RENSEIGNEE,OK,12,2025Q4,364.0,27.0,False,False,False,True
OP_01899,CLIENT_0737,PERSONNE PHYSIQUE,COMPAGNIE_01,POLICE_01118,3,AUTOMOBILE,MONO AUTO,RENOUVELLEMENT,2025-09-03,2026-09-02,2025-12-02,2025-12-02,2025-12-02,,0,0,0,0,0,15,0,0,0,2025,2025-12,,DATE DE PAIEMENT NON RENSEIGNEE,OK,12,2025Q4,364.0,,False,False,False,False
OP_01900,CLIENT_0084,PERSONNE MORALE,COMPAGNIE_01,POLICE_01126,6,AUTOMOBILE,MONO AUTO,RENOUVELLEMENT,2025-12-03,2026-06-02,2025-12-03,2025-12-03,2025-12-04,2025-12-31,39100,0,5300,4900,49300,15,5900,0,0,2025,2025-12,27.0,DATE DE PAIEMENT RENSEIGNEE,OK,12,2025Q4,181.0,27.0,False,False,False,True
OP_01901,CLIENT_0540,PERSONNE PHYSIQUE,COMPAGNIE_03,POLICE_00746,4,AUTOMOBILE,MONO AUTO,RENOUVELLEMENT,2025-12-01,2026-05-31,2025-12-04,2025-12-04,2025-12-04,2025-12-21,20900,20500,2600,5100,28600,15,3100,0,0,2025,2025-12,17.0,DATE DE PAIEMENT RENSEIGNEE,OK,12,2025Q4,181.0,17.0,False,False,False,True
OP_01902,CLIENT_0240,PERSONNE PHYSIQUE,COMPAGNIE_01,POLICE_00525,0,AUTOMOBILE,FLOTTE AUTOMOBILE,INCORPORATION,2025-12-05,2026-07-19,2025-12-05,2025-12-05,2025-12-05,2026-02-21,169700,101200,17100,1000,187800,15,25500,0,0,2025,2025-12,78.0,DATE DE PAIEMENT RENSEIGNEE,OK,12,2025Q4,226.0,78.0,False,False,False,True
OP_01903,CLIENT_0568,PERSONNE PHYSIQUE,COMPAGNIE_03,POLICE_00794,4,AUTOMOBILE,MONO AUTO,RENOUVELLEMENT,2025-12-06,2026-12-05,2025-12-05,2025-12-05,2025-12-05,2025-12-31,43800,43000,4900,5300,54000,15,6600,0,0,2025,2025-12,26.0,DATE DE PAIEMENT RENSEIGNEE,OK,12,2025Q4,364.0,26.0,False,False,False,True
OP_01904,CLIENT_0075,PERSONNE PHYSIQUE,COMPAGNIE_01,POLICE_01131,3,AUTOMOBILE,MONO AUTO,RENOUVELLEMENT,2025-12-08,2026-12-07,2025-12-07,2026-04-01,2026-04-01,2026-05-28,306400,0,31200,5300,342900,15,46000,0,0,2025,2025-12,57.0,DATE DE PAIEMENT RENSEIGNEE,OK,12,2025Q4,364.0,57.0,False,False,False,True
OP_01905,CLIENT_0286,PERSONNE MORALE,COMPAGNIE_04,POLICE_00349,25,ASSURANCE SANTE,ASSURANCE MALADIE GROUPE,RENOUVELLEMENT,2025-11-28,2026-11-27,2025-12-07,2025-12-07,2025-12-07,,9346700,0,0,278400,9625100,10,934700,0,0,2025,2025-12,,DATE DE PAIEMENT NON RENSEIGNEE,OK,12,2025Q4,364.0,,False,False,False,False
OP_01906,CLIENT_0286,PERSONNE MORALE,COMPAGNIE_04,POLICE_00739,2,ASSURANCE SANTE,ASSURANCE MALADIE GROUPE,RENOUVELLEMENT,2025-11-28,2026-11-27,2025-12-07,2025-12-07,2025-12-07,,4639300,0,0,77100,4716400,10,463900,0,0,2025,2025-12,,DATE DE PAIEMENT NON RENSEIGNEE,OK,12,2025Q4,364.0,,False,False,False,False
OP_01907,CLIENT_0286,PERSONNE MORALE,COMPAGNIE_04,POLICE_00740,11,ASSURANCE SANTE,ASSURANCE MALADIE GROUPE,RENOUVELLEMENT,2025-11-28,2026-11-27,2025-12-07,2025-12-07,2025-12-07,,4900900,0,0,81400,4982400,10,490100,0,0,2025,2025-12,,DATE DE PAIEMENT NON RENSEIGNEE,OK,12,2025Q4,364.0,,False,False,False,False
OP_01908,CLIENT_0310,PERSONNE PHYSIQUE,COMPAGNIE_02,POLICE_00387,8,AUTOMOBILE,MONO AUTO,RENOUVELLEMENT,2025-12-07,2026-12-06,2025-12-07,2025-12-07,2025-12-11,2026-01-07,87800,82200,10900,3300,102000,15,13200,0,0,2025,2025-12,27.0,DATE DE PAIEMENT RENSEIGNEE,OK,12,2025Q4,364.0,27.0,False,False,False,True
OP_01909,CLIENT_0559,PERSONNE PHYSIQUE,COMPAGNIE_04,POLICE_00780,5,AUTOMOBILE,MONO AUTO,RENOUVELLEMENT,2025-12-13,2026-12-12,2025-12-07,2025-12-07,2025-12-07,,36700,35400,4000,3500,44300,15,5500,0,0,2025,2025-12,,DATE DE PAIEMENT NON RENSEIGNEE,OK,12,2025Q4,364.0,,False,False,False,False
OP_01910,CLIENT_0742,PERSONNE PHYSIQUE,COMPAGNIE_06,POLICE_01124,0,AUTOMOBILE,MONO AUTO,AFFAIRE NOUVELLE,2025-12-07,2026-06-06,2025-12-07,2025-12-07,2025-12-07,2026-01-03,93100,35700,9800,5000,107900,15,14000,0,0,2025,2025-12,27.0,DATE DE PAIEMENT RENSEIGNEE,OK,12,2025Q4,181.0,27.0,False,False,False,True
OP_01911,CLIENT_0034,PERSONNE PHYSIQUE,COMPAGNIE_01,POLICE_01115,2,AUTOMOBILE,MONO AUTO,PROROGATION,2025-12-08,2026-02-07,2025-12-08,2025-12-08,2025-12-08,2026-01-17,14000,0,1400,0,15400,15,2100,0,0,2025,2025-12,40.0,DATE DE PAIEMENT RENSEIGNEE,OK,12,2025Q4,61.0,40.0,False,False,False,True
OP_01912,CLIENT_0158,PERSONNE PHYSIQUE,COMPAGNIE_02,POLICE_00185,7,AUTOMOBILE,MONO AUTO,PROROGATION,2025-12-08,2026-06-06,2025-12-08,2025-12-08,2025-12-08,,26100,23300,2600,0,28700,15,3900,0,0,2025,2025-12,,DATE DE PAIEMENT NON RENSEIGNEE,OK,12,2025Q4,180.0,,False,False,False,False
OP_01913,CLIENT_0739,PERSONNE PHYSIQUE,COMPAGNIE_03,POLICE_01120,0,AUTOMOBILE,MONO AUTO,AFFAIRE NOUVELLE,2025-12-08,2026-12-07,2025-12-08,2025-12-08,2025-12-08,2026-01-11,39700,38900,4400,4800,48900,15,5900,0,0,2025,2025-12,34.0,DATE DE PAIEMENT RENSEIGNEE,OK,12,2025Q4,364.0,34.0,False,False,False,True
OP_01914,CLIENT_0244,PERSONNE PHYSIQUE,COMPAGNIE_02,POLICE_00302,2,AUTOMOBILE,MONO AUTO,RENOUVELLEMENT,2025-12-19,2026-03-18,2025-12-09,2025-12-09,2025-12-13,2026-01-09,15900,14500,1800,2100,19800,15,2400,0,0,2025,2025-12,27.0,DATE DE PAIEMENT RENSEIGNEE,OK,12,2025Q4,89.0,27.0,False,False,False,True
OP_01915,CLIENT_0244,PERSONNE PHYSIQUE,COMPAGNIE_02,POLICE_00803,2,AUTOMOBILE,MONO AUTO,RENOUVELLEMENT,2025-12-28,2026-12-27,2025-12-09,2025-12-13,2025-12-13,2026-01-09,72500,67100,7600,3200,83200,15,10900,0,0,2025,2025-12,27.0,DATE DE PAIEMENT RENSEIGNEE,OK,12,2025Q4,364.0,27.0,False,False,False,True
OP_01916,CLIENT_0487,PERSONNE PHYSIQUE,COMPAGNIE_01,POLICE_01111,2,AUTOMOBILE,MONO AUTO,RENOUVELLEMENT,2025-10-07,2026-04-06,2025-12-09,2025-12-09,2025-12-09,2026-01-19,75800,0,8000,4500,88300,15,11400,0,0,2025,2025-12,41.0,DATE DE PAIEMENT RENSEIGNEE,OK,12,2025Q4,181.0,41.0,False,False,False,True
OP_01917,CLIENT_0548,PERSONNE PHYSIQUE,COMPAGNIE_01,POLICE_01110,3,AUTOMOBILE,MONO AUTO,RENOUVELLEMENT,2025-12-08,2026-12-07,2025-12-09,2025-12-17,2025-12-17,2026-01-20,126400,0,13100,5100,144600,15,19000,0,0,2025,2025-12,34.0,DATE DE PAIEMENT RENSEIGNEE,OK,12,2025Q4,364.0,34.0,False,False,False,True
OP_01918,CLIENT_0586,PERSONNE PHYSIQUE,COMPAGNIE_03,POLICE_00828,1,AUTOMOBILE,MONO AUTO,RENOUVELLEMENT,2025-12-27,2026-12-26,2025-12-10,2025-12-10,2025-12-10,2026-01-07,49900,49000,6000,5600,61500,15,7500,0,0,2025,2025-12,28.0,DATE DE PAIEMENT RENSEIGNEE,OK,12,2025Q4,364.0,28.0,False,False,False,True
OP_01919,CLIENT_0242,PERSONNE PHYSIQUE,COMPAGNIE_06,POLICE_01133,0,AUTOMOBILE,MONO AUTO,AFFAIRE NOUVELLE,2025-12-11,2026-06-09,2025-12-11,2025-12-11,2025-12-11,2025-12-31,230200,43500,23600,5500,259300,15,34500,0,0,2025,2025-12,20.0,DATE DE PAIEMENT RENSEIGNEE,OK,12,2025Q4,180.0,20.0,False,False,False,True
OP_01920,CLIENT_0550,PERSONNE PHYSIQUE,COMPAGNIE_03,POLICE_00768,1,AUTOMOBILE,MONO AUTO,RENOUVELLEMENT,2025-12-08,2026-06-07,2025-12-11,2025-12-11,2025-12-11,2026-01-15,25900,25500,3000,4400,33300,15,3900,0,0,2025,2025-12,35.0,DATE DE PAIEMENT RENSEIGNEE,OK,12,2025Q4,181.0,35.0,False,False,False,True
OP_01921,CLIENT_0553,PERSONNE PHYSIQUE,COMPAGNIE_03,POLICE_00771,2,AUTOMOBILE,MONO AUTO,RENOUVELLEMENT,2025-12-10,2026-12-09,2025-12-11,2025-12-11,2025-12-11,2026-01-13,61000,59900,6600,5100,72700,15,9100,0,0,2025,2025-12,33.0,DATE DE PAIEMENT RENSEIGNEE,OK,12,2025Q4,364.0,33.0,False,False,False,True
OP_01922,CLIENT_0569,PERSONNE MORALE,COMPAGNIE_01,POLICE_00795,0,MULTIRISQUE PROFESSIONNELLE,INCENDIE,RENOUVELLEMENT,2025-12-12,2026-12-11,2025-12-11,2025-12-16,2025-12-16,,41400,0,9000,4900,55300,20,8300,0,0,2025,2025-12,,DATE DE PAIEMENT NON RENSEIGNEE,OK,12,2025Q4,364.0,,False,False,False,False
OP_01923,CLIENT_0569,PERSONNE MORALE,COMPAGNIE_01,POLICE_00796,0,MULTIRISQUE PROFESSIONNELLE,INCENDIE,RENOUVELLEMENT,2025-12-12,2026-12-11,2025-12-11,2025-12-16,2025-12-16,2026-02-19,103300,0,13000,5200,121500,17,17600,0,0,2025,2025-12,65.0,DATE DE PAIEMENT RENSEIGNEE,OK,12,2025Q4,364.0,65.0,False,False,False,True
OP_01924,CLIENT_0579,PERSONNE PHYSIQUE,COMPAGNIE_09,POLICE_01135,1,AUTOMOBILE,MONO AUTO,RENOUVELLEMENT,2025-12-13,2026-12-12,2025-12-12,2025-12-12,2025-12-12,2026-01-09,95300,66200,9800,2200,107300,15,14300,0,0,2025,2025-12,28.0,DATE DE PAIEMENT RENSEIGNEE,OK,12,2025Q4,364.0,28.0,False,False,False,True
OP_01925,CLIENT_0648,PERSONNE PHYSIQUE,COMPAGNIE_03,POLICE_00948,1,AUTOMOBILE,MONO AUTO,RENOUVELLEMENT,2025-12-11,2026-06-10,2025-12-12,2025-12-12,2025-12-12,2026-01-19,35500,34800,4000,4500,44000,15,5300,0,0,2025,2025-12,38.0,DATE DE PAIEMENT RENSEIGNEE,OK,12,2025Q4,181.0,38.0,False,False,False,True
OP_01926,CLIENT_0736,PERSONNE PHYSIQUE,COMPAGNIE_04,POLICE_01116,1,AUTOMOBILE,MONO AUTO,RENOUVELLEMENT,2025-12-18,2026-12-17,2025-12-12,2025-12-12,2025-12-12,,54200,52900,5700,2700,62600,15,8100,0,0,2025,2025-12,,DATE DE PAIEMENT NON RENSEIGNEE,OK,12,2025Q4,364.0,,False,False,False,False
OP_01927,CLIENT_0068,PERSONNE MORALE,COMPAGNIE_04,POLICE_00070,2,AUTOMOBILE,FLOTTE AUTOMOBILE,RENOUVELLEMENT,2025-12-19,2026-12-18,2025-12-13,2025-12-16,2025-12-16,,391800,67300,39700,5400,437000,15,58800,0,0,2025,2025-12,,DATE DE PAIEMENT NON RENSEIGNEE,OK,12,2025Q4,364.0,,False,False,False,False
OP_01928,CLIENT_0741,PERSONNE PHYSIQUE,COMPAGNIE_01,POLICE_01122,0,AUTOMOBILE,MONO AUTO,AFFAIRE NOUVELLE,2025-12-13,2026-12-12,2025-12-13,2025-12-13,2025-12-13,2026-01-07,184400,0,18900,5000,208300,15,27700,0,0,2025,2025-12,25.0,DATE DE PAIEMENT RENSEIGNEE,OK,12,2025Q4,364.0,25.0,False,False,False,True
OP_01929,CLIENT_0554,PERSONNE MORALE,COMPAGNIE_01,POLICE_01136,1,ASSURANCE SANTE,ASSURANCE MALADIE GROUPE,RENOUVELLEMENT,2025-12-20,2026-12-19,2025-12-14,2025-12-14,2025-12-14,2026-02-08,20403600,0,0,194300,20597900,10,2040400,0,0,2025,2025-12,56.0,DATE DE PAIEMENT RENSEIGNEE,OK,12,2025Q4,364.0,56.0,False,False,False,True
OP_01930,CLIENT_0744,PERSONNE PHYSIQUE,COMPAGNIE_01,POLICE_01127,0,AUTOMOBILE,MONO AUTO,AFFAIRE NOUVELLE,2025-12-14,2026-12-13,2025-12-15,2025-12-15,2025-12-15,2026-01-11,186600,0,19200,5100,210900,15,28000,0,0,2025,2025-12,27.0,DATE DE PAIEMENT RENSEIGNEE,OK,12,2025Q4,364.0,27.0,False,False,False,True
OP_01931,CLIENT_0747,PERSONNE PHYSIQUE,COMPAGNIE_09,POLICE_01134,0,AUTOMOBILE,MONO AUTO,AFFAIRE NOUVELLE,2025-12-17,2026-12-16,2025-12-15,2025-12-15,2025-12-15,2026-01-13,34400,52200,3700,2300,40300,15,5200,0,0,2025,2025-12,29.0,DATE DE PAIEMENT RENSEIGNEE,OK,12,2025Q4,364.0,29.0,False,False,False,True
OP_01932,CLIENT_0072,PERSONNE PHYSIQUE,COMPAGNIE_03,POLICE_01112,1,AUTOMOBILE,MONO AUTO,RENOUVELLEMENT,2025-12-16,2026-12-15,2025-12-16,2025-12-16,2025-12-16,2026-01-25,17400,16600,2200,5100,24700,15,2600,0,0,2025,2025-12,40.0,DATE DE PAIEMENT RENSEIGNEE,OK,12,2025Q4,364.0,40.0,False,False,False,True
OP_01933,CLIENT_0299,PERSONNE PHYSIQUE,COMPAGNIE_04,POLICE_00810,4,AUTOMOBILE,MONO AUTO,RENOUVELLEMENT,2025-12-17,2026-12-16,2025-12-17,2025-12-17,2025-12-17,,77700,76200,8100,2900,88600,15,11700,0,0,2025,2025-12,,DATE DE PAIEMENT NON RENSEIGNEE,OK,12,2025Q4,364.0,,False,False,False,False
OP_01934,CLIENT_0746,PERSONNE PHYSIQUE,COMPAGNIE_03,POLICE_01132,0,AUTOMOBILE,MONO AUTO,AFFAIRE NOUVELLE,2025-12-18,2026-03-17,2025-12-18,2025-12-18,2025-12-18,2026-01-08,14900,14700,2000,4900,21700,15,2200,0,0,2025,2025-12,21.0,DATE DE PAIEMENT RENSEIGNEE,OK,12,2025Q4,89.0,21.0,False,False,False,True
OP_01935,CLIENT_0157,PERSONNE MORALE,COMPAGNIE_01,POLICE_01144,0,GLOBALE DOMMAGES,INCENDIE,RENOUVELLEMENT,2025-12-18,2026-12-17,2025-12-19,2026-03-16,2026-03-16,2026-03-16,822700,0,143100,5000,970800,20,164500,0,0,2025,2025-12,0.0,DATE DE PAIEMENT RENSEIGNEE,OK,12,2025Q4,364.0,0.0,False,False,False,True
OP_01936,CLIENT_0157,PERSONNE MORALE,COMPAGNIE_01,POLICE_01145,1,RC CHEF D'ENTREPRISE,RESPONSABILITE,RENOUVELLEMENT,2025-12-18,2026-12-17,2025-12-19,2026-03-16,2026-03-16,2026-03-16,1666800,0,200700,5600,1873000,17,283400,0,0,2025,2025-12,0.0,DATE DE PAIEMENT RENSEIGNEE,OK,12,2025Q4,364.0,0.0,False,False,False,True
OP_01937,CLIENT_0216,PERSONNE PHYSIQUE,COMPAGNIE_02,POLICE_01138,12,AUTOMOBILE,MONO AUTO,RENOUVELLEMENT,2025-12-20,2026-12-19,2025-12-19,2025-12-19,2025-12-19,2026-01-01,133100,56100,13500,2100,148700,15,20000,0,0,2025,2025-12,13.0,DATE DE PAIEMENT RENSEIGNEE,OK,12,2025Q4,364.0,13.0,False,False,False,True
OP_01938,CLIENT_0578,PERSONNE PHYSIQUE,COMPAGNIE_03,POLICE_00807,1,AUTOMOBILE,MONO AUTO,RENOUVELLEMENT,2025-12-19,2026-03-19,2025-12-19,2025-12-19,2025-12-19,2026-01-05,10000,9800,1400,4300,15700,15,1500,0,0,2025,2025-12,17.0,DATE DE PAIEMENT RENSEIGNEE,OK,12,2025Q4,90.0,17.0,False,False,False,True
OP_01939,CLIENT_0459,PERSONNE PHYSIQUE,COMPAGNIE_09,POLICE_01117,4,AUTOMOBILE,MONO AUTO,RENOUVELLEMENT,2025-12-19,2026-12-18,2025-12-20,2026-08-01,2026-08-01,2026-08-01,43000,49700,4500,2500,50000,15,6500,0,0,2025,2025-12,0.0,DATE DE PAIEMENT RENSEIGNEE,OK,12,2025Q4,364.0,0.0,False,False,False,True
OP_01940,CLIENT_0543,PERSONNE MORALE,COMPAGNIE_02,POLICE_00751,6,AUTOMOBILE,MONO AUTO,RENOUVELLEMENT,2025-12-18,2026-12-17,2025-12-20,2025-12-20,2025-12-20,2026-01-22,181000,54500,18400,3400,202800,15,27100,0,0,2025,2025-12,33.0,DATE DE PAIEMENT RENSEIGNEE,OK,12,2025Q4,364.0,33.0,False,False,False,True
OP_01941,CLIENT_0743,PERSONNE PHYSIQUE,COMPAGNIE_02,POLICE_01125,0,AUTOMOBILE,MONO AUTO,AFFAIRE NOUVELLE,2025-12-20,2026-12-19,2025-12-20,2025-12-23,2025-12-23,2026-01-16,50000,46600,6300,2300,58500,15,7500,0,0,2025,2025-12,24.0,DATE DE PAIEMENT RENSEIGNEE,OK,12,2025Q4,364.0,24.0,False,False,False,True
OP_01942,CLIENT_0558,PERSONNE PHYSIQUE,COMPAGNIE_03,POLICE_00779,1,AUTOMOBILE,MONO AUTO,AFFAIRE NOUVELLE,2025-12-21,2026-12-20,2025-12-21,2025-12-21,2025-12-21,2026-01-21,48900,48100,5200,3200,57300,15,7300,0,0,2025,2025-12,31.0,DATE DE PAIEMENT RENSEIGNEE,OK,12,2025Q4,364.0,31.0,False,False,False,True
OP_01943,CLIENT_0678,PERSONNE PHYSIQUE,COMPAGNIE_01,POLICE_01146,1,AUTOMOBILE,MONO AUTO,RENOUVELLEMENT,2025-12-21,2026-06-19,2025-12-22,2025-12-22,2025-12-27,,96500,26000,9600,0,106100,15,14500,0,0,2025,2025-12,,DATE DE PAIEMENT NON RENSEIGNEE,OK,12,2025Q4,180.0,,False,False,False,False
OP_01944,CLIENT_0740,PERSONNE MORALE,COMPAGNIE_01,POLICE_01121,0,RC CHEF D'ENTREPRISE,RESPONSABILITE,AFFAIRE NOUVELLE,2025-12-21,2026-12-20,2025-12-22,2025-12-29,2025-12-29,2026-01-25,92600,0,11700,4600,108800,17,15700,0,0,2025,2025-12,27.0,DATE DE PAIEMENT RENSEIGNEE,OK,12,2025Q4,364.0,27.0,False,False,False,True
OP_01945,CLIENT_0327,PERSONNE PHYSIQUE,COMPAGNIE_02,POLICE_00453,10,AUTOMOBILE,MONO AUTO,PROROGATION,2025-12-23,2026-12-23,2025-12-23,2025-12-26,2025-12-26,2026-01-16,61600,56400,6500,3100,71100,15,9200,0,0,2025,2025-12,21.0,DATE DE PAIEMENT RENSEIGNEE,OK,12,2025Q4,365.0,21.0,False,False,False,True
OP_01946,CLIENT_0175,PERSONNE PHYSIQUE,COMPAGNIE_01,POLICE_01130,0,AUTOMOBILE,MONO AUTO,AFFAIRE NOUVELLE,2026-01-01,2026-12-31,2025-12-24,2025-12-24,2025-12-24,2026-01-18,178000,0,22100,5700,205800,15,26700,0,0,2025,2025-12,25.0,DATE DE PAIEMENT RENSEIGNEE,OK,12,2025Q4,364.0,25.0,False,False,False,True
OP_01947,CLIENT_0577,PERSONNE PHYSIQUE,COMPAGNIE_03,POLICE_00806,1,AUTOMOBILE,MONO AUTO,RENOUVELLEMENT,2025-12-25,2026-12-24,2025-12-24,2025-12-24,2025-12-24,2026-01-12,186500,51700,19200,5600,211300,15,28000,0,0,2025,2025-12,19.0,DATE DE PAIEMENT RENSEIGNEE,OK,12,2025Q4,364.0,19.0,False,False,False,True
OP_01948,CLIENT_0050,PERSONNE MORALE,COMPAGNIE_06,POLICE_00050,163,AUTOMOBILE,FLOTTE AUTOMOBILE,INCORPORATION,2026-01-07,2027-01-06,2025-12-25,2026-01-05,2026-01-05,2026-02-11,36400,34100,3800,1100,41300,15,5500,0,0,2025,2025-12,37.0,DATE DE PAIEMENT RENSEIGNEE,OK,12,2025Q4,364.0,37.0,False,False,False,True
OP_01949,CLIENT_0050,PERSONNE MORALE,COMPAGNIE_06,POLICE_00050,164,AUTOMOBILE,FLOTTE AUTOMOBILE,INCORPORATION,2026-01-07,2027-01-06,2025-12-25,2026-02-02,2026-02-03,2026-03-10,46300,0,4700,900,52000,15,7000,0,0,2025,2025-12,35.0,DATE DE PAIEMENT RENSEIGNEE,OK,12,2025Q4,364.0,35.0,False,False,False,True
OP_01950,CLIENT_0050,PERSONNE MORALE,COMPAGNIE_06,POLICE_00050,167,AUTOMOBILE,FLOTTE AUTOMOBILE,INCORPORATION,2026-01-07,2027-01-06,2025-12-25,2026-01-18,2026-01-19,2026-02-11,34300,32400,3500,900,38800,15,5100,0,0,2025,2025-12,23.0,DATE DE PAIEMENT RENSEIGNEE,OK,12,2025Q4,364.0,23.0,False,False,False,True
OP_01951,CLIENT_0050,PERSONNE MORALE,COMPAGNIE_06,POLICE_00050,168,AUTOMOBILE,FLOTTE AUTOMOBILE,INCORPORATION,2026-01-07,2027-01-06,2025-12-25,2026-01-18,2026-01-19,2026-02-11,42200,39800,4300,1100,47600,15,6300,0,0,2025,2025-12,23.0,DATE DE PAIEMENT RENSEIGNEE,OK,12,2025Q4,364.0,23.0,False,False,False,True
OP_01952,CLIENT_0050,PERSONNE MORALE,COMPAGNIE_06,POLICE_00050,170,AUTOMOBILE,FLOTTE AUTOMOBILE,INCORPORATION,2026-01-07,2027-01-06,2025-12-25,2026-01-04,2026-01-05,2026-02-11,45800,43800,4700,900,51400,15,6900,0,0,2025,2025-12,37.0,DATE DE PAIEMENT RENSEIGNEE,OK,12,2025Q4,364.0,37.0,False,False,False,True
OP_01953,CLIENT_0050,PERSONNE MORALE,COMPAGNIE_06,POLICE_00050,172,AUTOMOBILE,FLOTTE AUTOMOBILE,INCORPORATION,2026-01-07,2027-01-06,2025-12-25,2026-02-11,2026-02-11,2026-02-11,39300,37000,4100,1000,44400,15,5900,0,0,2025,2025-12,0.0,DATE DE PAIEMENT RENSEIGNEE,OK,12,2025Q4,364.0,0.0,False,False,False,True
OP_01954,CLIENT_0157,PERSONNE MORALE,COMPAGNIE_09,POLICE_01155,1,AUTOMOBILE,FLOTTE AUTOMOBILE,INCORPORATION,2025-12-24,2026-12-17,2025-12-25,2026-03-31,2026-03-31,2026-03-31,135200,133500,16800,5200,157200,15,20300,0,0,2025,2025-12,0.0,DATE DE PAIEMENT RENSEIGNEE,OK,12,2025Q4,358.0,0.0,False,False,False,True
OP_01955,CLIENT_0157,PERSONNE MORALE,COMPAGNIE_09,POLICE_01155,1,AUTOMOBILE,FLOTTE AUTOMOBILE,RENOUVELLEMENT,2025-12-18,2026-12-17,2025-12-25,2026-03-31,2026-03-31,2026-03-31,17152000,0,1992200,11100,19155200,15,2572800,0,0,2025,2025-12,0.0,DATE DE PAIEMENT RENSEIGNEE,OK,12,2025Q4,364.0,0.0,False,False,False,True
OP_01956,CLIENT_0157,PERSONNE MORALE,COMPAGNIE_01,POLICE_01156,0,INDIVIDUELLE ACCIDENTS,0,AFFAIRE NOUVELLE,2025-12-27,2026-10-26,2025-12-25,2026-07-06,2026-07-06,2026-07-06,107000,0,13400,5000,125400,20,21400,0,0,2025,2025-12,0.0,DATE DE PAIEMENT RENSEIGNEE,OK,12,2025Q4,303.0,0.0,False,False,False,True
OP_01957,CLIENT_0566,PERSONNE PHYSIQUE,COMPAGNIE_03,POLICE_00792,4,AUTOMOBILE,MONO AUTO,RENOUVELLEMENT,2025-12-30,2026-03-01,2025-12-27,2025-12-27,2025-12-27,2026-01-20,23000,22800,2400,1100,26500,15,3400,0,0,2025,2025-12,24.0,DATE DE PAIEMENT RENSEIGNEE,OK,12,2025Q4,61.0,24.0,False,False,False,True
OP_01958,CLIENT_0573,PERSONNE PHYSIQUE,COMPAGNIE_03,POLICE_00800,3,AUTOMOBILE,MONO AUTO,RENOUVELLEMENT,2025-12-28,2026-03-28,2025-12-27,2025-12-27,2025-12-27,2026-01-16,11100,11000,1200,900,13300,15,1700,0,0,2025,2025-12,20.0,DATE DE PAIEMENT RENSEIGNEE,OK,12,2025Q4,90.0,20.0,False,False,False,True
OP_01959,CLIENT_0583,PERSONNE PHYSIQUE,COMPAGNIE_03,POLICE_00818,1,AUTOMOBILE,MONO AUTO,RENOUVELLEMENT,2025-12-27,2026-03-26,2025-12-27,2025-12-27,2025-12-27,2026-01-27,11800,11600,1600,4700,18100,15,1800,0,0,2025,2025-12,31.0,DATE DE PAIEMENT RENSEIGNEE,OK,12,2025Q4,89.0,31.0,False,False,False,True
OP_01960,CLIENT_0585,PERSONNE PHYSIQUE,COMPAGNIE_01,POLICE_01140,2,AUTOMOBILE,MONO AUTO,RENOUVELLEMENT,2026-01-03,2026-07-02,2025-12-27,2025-12-26,2025-12-27,2026-01-09,25500,0,3100,5700,34300,15,3800,0,0,2025,2025-12,13.0,DATE DE PAIEMENT RENSEIGNEE,OK,12,2025Q4,180.0,13.0,False,False,False,True
OP_01961,CLIENT_0729,PERSONNE PHYSIQUE,COMPAGNIE_03,POLICE_01090,1,AUTOMOBILE,MONO AUTO,RÉGULARISATION,2025-12-27,2026-10-28,2025-12-27,2025-12-27,2025-12-27,,2200,0,0,0,2200,15,300,0,0,2025,2025-12,,DATE DE PAIEMENT NON RENSEIGNEE,OK,12,2025Q4,305.0,,False,False,False,False
OP_01962,CLIENT_0751,PERSONNE PHYSIQUE,COMPAGNIE_03,POLICE_01149,0,AUTOMOBILE,MONO AUTO,AFFAIRE NOUVELLE,2025-12-23,2026-03-22,2025-12-27,2025-12-27,2025-12-27,2026-01-01,8300,8100,1200,3900,13400,15,1200,0,0,2025,2025-12,5.0,DATE DE PAIEMENT RENSEIGNEE,OK,12,2025Q4,89.0,5.0,False,False,False,True
OP_01963,CLIENT_0050,PERSONNE MORALE,COMPAGNIE_06,POLICE_00050,173,AUTOMOBILE,FLOTTE AUTOMOBILE,INCORPORATION,2026-01-07,2027-01-06,2025-12-28,2026-05-13,2026-05-13,2026-05-13,65500,0,8000,1000,74500,15,9800,0,0,2025,2025-12,0.0,DATE DE PAIEMENT RENSEIGNEE,OK,12,2025Q4,364.0,0.0,False,False,False,True
OP_01964,CLIENT_0050,PERSONNE MORALE,COMPAGNIE_06,POLICE_00050,174,AUTOMOBILE,FLOTTE AUTOMOBILE,INCORPORATION,2026-01-07,2027-01-06,2025-12-28,2025-12-28,2025-12-28,2026-02-11,47400,45300,4900,1000,53200,15,7100,0,0,2025,2025-12,45.0,DATE DE PAIEMENT RENSEIGNEE,OK,12,2025Q4,364.0,45.0,False,False,False,True
OP_01965,CLIENT_0050,PERSONNE MORALE,COMPAGNIE_06,POLICE_00050,175,AUTOMOBILE,FLOTTE AUTOMOBILE,INCORPORATION,2026-01-07,2027-01-06,2025-12-28,2025-12-28,2025-12-28,2026-02-11,57300,54900,5900,1100,64200,15,8600,0,0,2025,2025-12,45.0,DATE DE PAIEMENT RENSEIGNEE,OK,12,2025Q4,364.0,45.0,False,False,False,True
OP_01966,CLIENT_0050,PERSONNE MORALE,COMPAGNIE_06,POLICE_00050,176,AUTOMOBILE,FLOTTE AUTOMOBILE,INCORPORATION,2026-01-07,2027-01-06,2025-12-28,2025-12-28,2025-12-28,2026-02-11,37600,35200,3900,1100,42600,15,5600,0,0,2025,2025-12,45.0,DATE DE PAIEMENT RENSEIGNEE,OK,12,2025Q4,364.0,45.0,False,False,False,True
OP_01967,CLIENT_0361,PERSONNE PHYSIQUE,COMPAGNIE_01,POLICE_01128,6,AUTOMOBILE,MONO AUTO,RENOUVELLEMENT,2026-01-07,2027-01-06,2025-12-28,2025-12-28,2025-12-28,2026-01-24,20900,0,2600,4700,28200,15,3100,0,0,2025,2025-12,27.0,DATE DE PAIEMENT RENSEIGNEE,OK,12,2025Q4,364.0,27.0,False,False,False,True
OP_01968,CLIENT_0050,PERSONNE MORALE,COMPAGNIE_06,POLICE_00050,177,AUTOMOBILE,FLOTTE AUTOMOBILE,INCORPORATION,2026-01-07,2027-01-06,2025-12-29,2025-12-29,2025-12-29,2026-02-11,54900,52500,5600,1100,61700,15,8200,0,0,2025,2025-12,44.0,DATE DE PAIEMENT RENSEIGNEE,OK,12,2025Q4,364.0,44.0,False,False,False,True
OP_01969,CLIENT_0050,PERSONNE MORALE,COMPAGNIE_06,POLICE_00050,178,AUTOMOBILE,FLOTTE AUTOMOBILE,INCORPORATION,2026-01-07,2027-01-06,2025-12-29,2026-01-05,2026-01-05,2026-02-11,42100,39800,4300,1100,47500,15,6300,0,0,2025,2025-12,37.0,DATE DE PAIEMENT RENSEIGNEE,OK,12,2025Q4,364.0,37.0,False,False,False,True
OP_01970,CLIENT_0194,PERSONNE PHYSIQUE,COMPAGNIE_01,POLICE_00476,0,AUTOMOBILE,MONO AUTO,PROROGATION,2025-12-28,2026-06-27,2025-12-29,2025-12-28,2025-12-29,2026-02-18,27200,36200,3400,1100,31600,15,4100,0,0,2025,2025-12,51.0,DATE DE PAIEMENT RENSEIGNEE,OK,12,2025Q4,181.0,51.0,False,False,False,True
OP_01971,CLIENT_0368,PERSONNE PHYSIQUE,COMPAGNIE_01,POLICE_01162,13,AUTOMOBILE,MONO AUTO,RENOUVELLEMENT,2025-12-29,2026-04-27,2025-12-29,2025-12-28,2025-12-29,2026-01-09,49800,0,6600,5100,61600,15,7500,0,0,2025,2025-12,11.0,DATE DE PAIEMENT RENSEIGNEE,OK,12,2025Q4,119.0,11.0,False,False,False,True
OP_01972,CLIENT_0077,PERSONNE PHYSIQUE,COMPAGNIE_04,POLICE_00082,7,AUTOMOBILE,FLOTTE AUTOMOBILE,RENOUVELLEMENT,2025-12-30,2026-12-29,2025-12-31,2025-12-28,2025-12-31,,671300,661900,80300,5000,756600,15,100700,0,0,2025,2025-12,,DATE DE PAIEMENT NON RENSEIGNEE,OK,12,2025Q4,364.0,,False,False,False,False
OP_01973,CLIENT_0077,PERSONNE PHYSIQUE,COMPAGNIE_04,POLICE_00082,8,AUTOMOBILE,FLOTTE AUTOMOBILE,MODIFICATION,,,2025-12-31,2025-12-29,2025-12-31,,0,0,500,4600,5100,0,0,0,0,2025,2025-12,,DATE DE PAIEMENT NON RENSEIGNEE,OK,12,2025Q4,,,False,False,False,False
OP_01974,CLIENT_0077,PERSONNE PHYSIQUE,COMPAGNIE_04,POLICE_00082,8,AUTOMOBILE,FLOTTE AUTOMOBILE,MODIFICATION,,2026-12-29,2025-12-31,2025-12-29,2025-12-31,,0,0,500,4700,5200,15,0,0,0,2025,2025-12,,DATE DE PAIEMENT NON RENSEIGNEE,OK,12,2025Q4,,,False,False,False,False
OP_01975,CLIENT_0223,PERSONNE PHYSIQUE,COMPAGNIE_03,POLICE_00272,3,AUTOMOBILE,MONO AUTO,RENOUVELLEMENT,2025-12-30,2026-03-31,2025-12-31,2025-12-31,2025-12-31,2026-01-26,10300,10200,1500,4400,16200,15,1500,0,0,2025,2025-12,26.0,DATE DE PAIEMENT RENSEIGNEE,OK,12,2025Q4,91.0,26.0,False,False,False,True
OP_01976,CLIENT_0359,PERSONNE PHYSIQUE,COMPAGNIE_01,POLICE_01150,0,AUTOMOBILE,MONO AUTO,AFFAIRE NOUVELLE,2025-12-29,2026-03-28,2025-12-31,2025-12-31,2025-12-31,2026-01-14,17000,0,2100,4500,23600,15,2500,0,0,2025,2025-12,14.0,DATE DE PAIEMENT RENSEIGNEE,OK,12,2025Q4,89.0,14.0,False,False,False,True
OP_01977,CLIENT_0561,PERSONNE PHYSIQUE,COMPAGNIE_03,POLICE_00783,1,AUTOMOBILE,MONO AUTO,RENOUVELLEMENT,2025-12-29,2026-12-28,2025-12-31,2025-12-31,2025-12-31,2026-01-14,43200,42500,4600,2800,50600,15,6500,0,0,2025,2025-12,14.0,DATE DE PAIEMENT RENSEIGNEE,OK,12,2025Q4,364.0,14.0,False,False,False,True
OP_01978,CLIENT_0745,PERSONNE PHYSIQUE,COMPAGNIE_09,POLICE_01129,0,AUTOMOBILE,MONO AUTO,AFFAIRE NOUVELLE,2025-11-13,2026-05-13,2025-12-31,2025-12-31,2025-12-31,2025-12-31,64200,0,6700,2800,73700,15,9600,0,0,2025,2025-12,0.0,DATE DE PAIEMENT RENSEIGNEE,OK,12,2025Q4,181.0,0.0,False,False,False,True
OP_01979,CLIENT_0027,PERSONNE MORALE,COMPAGNIE_01,POLICE_00829,2,AUTOMOBILE,FLOTTE AUTOMOBILE,RENOUVELLEMENT,2026-01-06,2027-01-05,2026-01-01,2026-01-03,2026-01-03,2026-03-14,473400,473700,52100,4500,530000,15,71000,0,0,2026,2026-01,70.0,DATE DE PAIEMENT RENSEIGNEE,OK,1,2026Q1,364.0,70.0,False,False,False,True
OP_01980,CLIENT_0036,PERSONNE PHYSIQUE,COMPAGNIE_04,POLICE_00036,2,AUTOMOBILE,MONO AUTO,RENOUVELLEMENT,2025-12-24,2026-12-23,2026-01-01,2025-12-22,2026-01-01,,37000,35300,4000,2700,43700,15,5600,0,0,2026,2026-01,,DATE DE PAIEMENT NON RENSEIGNEE,OK,1,2026Q1,364.0,,False,False,False,False
OP_01981,CLIENT_0050,PERSONNE MORALE,COMPAGNIE_06,POLICE_00050,181,AUTOMOBILE,FLOTTE AUTOMOBILE,INCORPORATION,2026-01-07,2027-01-06,2026-01-01,2026-01-05,2026-01-05,2026-02-11,38500,36100,4000,1100,43600,15,5800,0,0,2026,2026-01,37.0,DATE DE PAIEMENT RENSEIGNEE,OK,1,2026Q1,364.0,37.0,False,False,False,True
OP_01982,CLIENT_0050,PERSONNE MORALE,COMPAGNIE_06,POLICE_00050,182,AUTOMOBILE,FLOTTE AUTOMOBILE,INCORPORATION,2026-01-07,2027-01-06,2026-01-01,2026-01-01,2026-01-01,2026-02-11,97800,0,9900,1000,108700,15,14700,0,0,2026,2026-01,41.0,DATE DE PAIEMENT RENSEIGNEE,OK,1,2026Q1,364.0,41.0,False,False,False,True
OP_01983,CLIENT_0050,PERSONNE MORALE,COMPAGNIE_06,POLICE_00050,183,AUTOMOBILE,FLOTTE AUTOMOBILE,INCORPORATION,2026-01-07,2026-01-06,2026-01-01,2026-01-01,2026-01-01,,36800,34500,3800,1100,41700,15,5500,0,0,2026,2026-01,,DATE DE PAIEMENT NON RENSEIGNEE,EFFET_APRES_ECHEANCE,1,2026Q1,-1.0,,True,False,False,False
OP_01984,CLIENT_0325,PERSONNE MORALE,COMPAGNIE_02,POLICE_00774,13,AUTOMOBILE,MONO AUTO,RENOUVELLEMENT,2026-01-01,2026-12-31,2026-01-01,2026-01-01,2026-01-01,2026-01-25,115000,42000,11800,2600,129400,15,17300,0,0,2026,2026-01,24.0,DATE DE PAIEMENT RENSEIGNEE,OK,1,2026Q1,364.0,24.0,False,False,False,True
OP_01985,CLIENT_0167,PERSONNE MORALE,COMPAGNIE_03,POLICE_00820,16,AUTOMOBILE,FLOTTE AUTOMOBILE,RENOUVELLEMENT,2026-01-01,2026-12-31,2026-01-02,2026-01-02,2026-01-02,2026-02-04,418400,376600,47600,4800,470800,15,62800,0,0,2026,2026-01,33.0,DATE DE PAIEMENT RENSEIGNEE,OK,1,2026Q1,364.0,33.0,False,False,False,True
OP_01986,CLIENT_0010,PERSONNE MORALE,COMPAGNIE_05,POLICE_00010,35,AUTOMOBILE,FLOTTE AUTOMOBILE,RENOUVELLEMENT,2026-01-07,2027-01-06,2026-01-03,2026-01-31,2026-01-31,,1422400,362800,145300,5000,1572700,15,213400,0,0,2026,2026-01,,DATE DE PAIEMENT NON RENSEIGNEE,OK,1,2026Q1,364.0,,False,False,False,False
OP_01987,CLIENT_0011,PERSONNE PHYSIQUE,COMPAGNIE_02,POLICE_00011,7,AUTOMOBILE,MONO AUTO,RENOUVELLEMENT,2026-01-12,2027-01-11,2026-01-03,2026-01-03,2026-01-03,2026-01-16,132600,40900,13600,3000,149200,15,19900,0,0,2026,2026-01,13.0,DATE DE PAIEMENT RENSEIGNEE,OK,1,2026Q1,364.0,13.0,False,False,False,True
OP_01988,CLIENT_0133,PERSONNE PHYSIQUE,COMPAGNIE_04,POLICE_00151,1,AUTOMOBILE,MONO AUTO,RENOUVELLEMENT,2026-01-02,2026-04-01,2026-01-03,2026-01-03,2026-01-03,,11800,11400,1500,3100,16300,15,1800,0,0,2026,2026-01,,DATE DE PAIEMENT NON RENSEIGNEE,OK,1,2026Q1,89.0,,False,False,False,False
OP_01989,CLIENT_0289,PERSONNE MORALE,COMPAGNIE_07,POLICE_00352,1,ASSURANCE SANTE,ASSURANCE MALADIE GROUPE,INCORPORATION,2025-02-25,2025-04-26,2026-01-04,2026-01-04,2026-01-04,,52200,0,0,6900,59000,10,5200,0,0,2026,2026-01,,DATE DE PAIEMENT NON RENSEIGNEE,OK,1,2026Q1,60.0,,False,False,False,False
OP_01990,CLIENT_0752,PERSONNE PHYSIQUE,COMPAGNIE_09,POLICE_01152,0,AUTOMOBILE,MONO AUTO,AFFAIRE NOUVELLE,2025-12-28,2026-06-28,2026-01-04,2026-01-04,2026-01-04,,21100,24700,2300,2100,25600,15,3200,0,0,2026,2026-01,,DATE DE PAIEMENT NON RENSEIGNEE,OK,1,2026Q1,182.0,,False,False,False,False
OP_01991,CLIENT_0754,PERSONNE PHYSIQUE,COMPAGNIE_06,POLICE_01154,0,AUTOMOBILE,MONO AUTO,AFFAIRE NOUVELLE,2026-01-04,2027-01-03,2026-01-04,2026-01-04,2026-01-04,2026-02-02,372900,65600,37800,5500,416300,15,55900,0,0,2026,2026-01,29.0,DATE DE PAIEMENT RENSEIGNEE,OK,1,2026Q1,364.0,29.0,False,False,False,True
OP_01992,CLIENT_0762,PERSONNE PHYSIQUE,COMPAGNIE_02,POLICE_01172,0,TRAVEL ASSURANCE,0,AFFAIRE NOUVELLE,2026-01-29,2026-02-04,2026-01-04,2026-01-04,2026-01-04,2026-02-13,5000,0,1100,4500,10700,10,500,0,0,2026,2026-01,40.0,DATE DE PAIEMENT RENSEIGNEE,OK,1,2026Q1,6.0,40.0,False,False,False,True
OP_01993,CLIENT_0038,PERSONNE PHYSIQUE,COMPAGNIE_01,POLICE_01151,7,AUTOMOBILE,MONO AUTO,RENOUVELLEMENT,2026-01-03,2026-07-02,2026-01-05,2026-01-05,2026-01-05,,48900,0,0,5500,54400,15,7300,0,0,2026,2026-01,,DATE DE PAIEMENT NON RENSEIGNEE,OK,1,2026Q1,180.0,,False,False,False,False
OP_01994,CLIENT_0050,PERSONNE MORALE,COMPAGNIE_06,POLICE_00050,185,AUTOMOBILE,FLOTTE AUTOMOBILE,INCORPORATION,2026-01-07,2027-01-06,2026-01-05,2026-01-05,2026-01-05,2026-02-11,29400,27300,3000,900,33300,15,4400,0,0,2026,2026-01,37.0,DATE DE PAIEMENT RENSEIGNEE,OK,1,2026Q1,364.0,37.0,False,False,False,True
OP_01995,CLIENT_0050,PERSONNE MORALE,COMPAGNIE_06,POLICE_00050,186,AUTOMOBILE,FLOTTE AUTOMOBILE,INCORPORATION,2026-01-07,2027-01-06,2026-01-05,2026-01-05,2026-01-05,2026-02-11,50500,48300,5200,1000,56600,15,7600,0,0,2026,2026-01,37.0,DATE DE PAIEMENT RENSEIGNEE,OK,1,2026Q1,364.0,37.0,False,False,False,True
OP_01996,CLIENT_0050,PERSONNE MORALE,COMPAGNIE_06,POLICE_00050,187,AUTOMOBILE,FLOTTE AUTOMOBILE,INCORPORATION,2026-01-07,2027-01-06,2026-01-05,2026-01-04,2026-01-05,2026-02-11,50400,48200,5200,1000,56600,15,7600,0,0,2026,2026-01,37.0,DATE DE PAIEMENT RENSEIGNEE,OK,1,2026Q1,364.0,37.0,False,False,False,True
OP_01997,CLIENT_0050,PERSONNE MORALE,COMPAGNIE_06,POLICE_00050,189,AUTOMOBILE,FLOTTE AUTOMOBILE,INCORPORATION,2026-01-07,2027-01-06,2026-01-05,2026-01-04,2026-01-05,2026-02-11,34700,32500,3600,1000,39300,15,5200,0,0,2026,2026-01,37.0,DATE DE PAIEMENT RENSEIGNEE,OK,1,2026Q1,364.0,37.0,False,False,False,True
OP_01998,CLIENT_0050,PERSONNE MORALE,COMPAGNIE_06,POLICE_00050,190,AUTOMOBILE,FLOTTE AUTOMOBILE,INCORPORATION,2026-01-07,2027-01-06,2026-01-05,2026-01-01,2026-01-05,,48700,46600,5000,1000,54700,15,7300,0,0,2026,2026-01,,DATE DE PAIEMENT NON RENSEIGNEE,OK,1,2026Q1,364.0,,False,False,False,False
OP_01999,CLIENT_0050,PERSONNE MORALE,COMPAGNIE_06,POLICE_00050,191,AUTOMOBILE,FLOTTE AUTOMOBILE,INCORPORATION,2026-01-07,2027-01-06,2026-01-05,2026-01-06,2026-01-06,,38400,36000,4000,1100,43500,15,5800,0,0,2026,2026-01,,DATE DE PAIEMENT NON RENSEIGNEE,OK,1,2026Q1,364.0,,False,False,False,False
OP_02000,CLIENT_0050,PERSONNE MORALE,COMPAGNIE_06,POLICE_00050,193,AUTOMOBILE,FLOTTE AUTOMOBILE,INCORPORATION,2026-01-07,2027-01-06,2026-01-05,2026-01-05,2026-01-05,2026-02-11,44200,41700,4600,1100,49800,15,6600,0,0,2026,2026-01,37.0,DATE DE PAIEMENT RENSEIGNEE,OK,1,2026Q1,364.0,37.0,False,False,False,True
OP_02001,CLIENT_0050,PERSONNE MORALE,COMPAGNIE_06,POLICE_00050,194,AUTOMOBILE,FLOTTE AUTOMOBILE,INCORPORATION,2026-01-07,2027-01-06,2026-01-05,2026-01-04,2026-01-05,2026-02-11,32300,30200,3300,900,36500,15,4800,0,0,2026,2026-01,37.0,DATE DE PAIEMENT RENSEIGNEE,OK,1,2026Q1,364.0,37.0,False,False,False,True
OP_02002,CLIENT_0050,PERSONNE MORALE,COMPAGNIE_06,POLICE_00050,195,AUTOMOBILE,FLOTTE AUTOMOBILE,INCORPORATION,2026-01-07,2027-01-06,2026-01-05,2026-01-04,2026-01-05,2026-02-11,52000,49700,5300,1100,58400,15,7800,0,0,2026,2026-01,37.0,DATE DE PAIEMENT RENSEIGNEE,OK,1,2026Q1,364.0,37.0,False,False,False,True
OP_02003,CLIENT_0050,PERSONNE MORALE,COMPAGNIE_06,POLICE_00050,0,AUTOMOBILE,FLOTTE AUTOMOBILE,INCORPORATION,2026-01-07,2027-01-06,2026-01-06,2026-01-06,2026-01-06,,53000,0,5400,1100,59500,15,8000,0,0,2026,2026-01,,DATE DE PAIEMENT NON RENSEIGNEE,OK,1,2026Q1,364.0,,False,False,False,False
OP_02004,CLIENT_0050,PERSONNE MORALE,COMPAGNIE_06,POLICE_00050,0,AUTOMOBILE,FLOTTE AUTOMOBILE,INCORPORATION,2026-01-07,2027-01-06,2026-01-06,2026-01-06,2026-01-16,,43900,0,4500,900,49300,15,6600,0,0,2026,2026-01,,DATE DE PAIEMENT NON RENSEIGNEE,OK,1,2026Q1,364.0,,False,False,False,False
OP_02005,CLIENT_0050,PERSONNE MORALE,COMPAGNIE_06,POLICE_00050,199,AUTOMOBILE,FLOTTE AUTOMOBILE,INCORPORATION,2026-01-07,2027-01-06,2026-01-06,2026-01-06,2026-01-06,2026-02-11,48600,46500,5000,1000,54600,15,7300,0,0,2026,2026-01,36.0,DATE DE PAIEMENT RENSEIGNEE,OK,1,2026Q1,364.0,36.0,False,False,False,True
OP_02006,CLIENT_0050,PERSONNE MORALE,COMPAGNIE_06,POLICE_00050,200,AUTOMOBILE,FLOTTE AUTOMOBILE,INCORPORATION,2026-01-07,2027-01-06,2026-01-06,2026-02-11,2026-02-11,2026-02-11,33300,31200,3400,1000,37700,15,5000,0,0,2026,2026-01,0.0,DATE DE PAIEMENT RENSEIGNEE,OK,1,2026Q1,364.0,0.0,False,False,False,True
OP_02007,CLIENT_0050,PERSONNE MORALE,COMPAGNIE_06,POLICE_00050,201,AUTOMOBILE,FLOTTE AUTOMOBILE,INCORPORATION,2026-01-07,2027-01-06,2026-01-06,2026-01-11,2026-01-16,,32000,0,3300,900,36300,15,4800,0,0,2026,2026-01,,DATE DE PAIEMENT NON RENSEIGNEE,OK,1,2026Q1,364.0,,False,False,False,False
OP_02008,CLIENT_0050,PERSONNE MORALE,COMPAGNIE_06,POLICE_00050,207,AUTOMOBILE,FLOTTE AUTOMOBILE,INCORPORATION,2026-01-07,2027-01-06,2026-01-06,2026-01-11,2026-01-16,2026-02-11,33300,0,3400,900,37600,15,5000,0,0,2026,2026-01,26.0,DATE DE PAIEMENT RENSEIGNEE,OK,1,2026Q1,364.0,26.0,False,False,False,True
OP_02009,CLIENT_0084,PERSONNE MORALE,COMPAGNIE_01,POLICE_01178,8,AUTOMOBILE,MONO AUTO,RENOUVELLEMENT,2026-01-08,2026-07-07,2026-01-06,2026-01-06,2026-01-15,2026-02-07,37600,0,5100,4700,47500,15,5600,0,0,2026,2026-01,23.0,DATE DE PAIEMENT RENSEIGNEE,OK,1,2026Q1,180.0,23.0,False,False,False,True
OP_02010,CLIENT_0758,PERSONNE PHYSIQUE,COMPAGNIE_06,POLICE_01163,0,AUTOMOBILE,MONO AUTO,AFFAIRE NOUVELLE,2026-01-04,2026-04-03,2026-01-06,2026-01-04,2026-01-06,2026-01-30,9000,16900,1400,5200,15700,15,1400,0,0,2026,2026-01,24.0,DATE DE PAIEMENT RENSEIGNEE,OK,1,2026Q1,89.0,24.0,False,False,False,True
OP_02011,CLIENT_0067,PERSONNE MORALE,COMPAGNIE_02,POLICE_00069,1,AUTOMOBILE,FLOTTE AUTOMOBILE,RENOUVELLEMENT,2026-01-06,2027-01-05,2026-01-07,2026-01-21,2026-01-21,2026-02-28,607900,291200,73500,4600,686000,15,91200,0,0,2026,2026-01,38.0,DATE DE PAIEMENT RENSEIGNEE,OK,1,2026Q1,364.0,38.0,False,False,False,True
OP_02012,CLIENT_0157,PERSONNE MORALE,COMPAGNIE_09,POLICE_00812,2,AUTOMOBILE,FLOTTE AUTOMOBILE,INCORPORATION,2025-07-07,2025-12-17,2026-01-07,2026-01-07,2026-01-07,2026-01-07,79300,0,10000,4400,93600,15,11900,0,0,2026,2026-01,0.0,DATE DE PAIEMENT RENSEIGNEE,OK,1,2026Q1,163.0,0.0,False,False,False,True
OP_02013,CLIENT_0506,PERSONNE PHYSIQUE,COMPAGNIE_02,POLICE_01141,0,TRAVEL ASSURANCE,0,AFFAIRE NOUVELLE,2026-01-11,2026-01-24,2026-01-07,2026-01-07,2026-01-07,2026-01-19,10700,0,2000,5600,18300,10,1100,0,0,2026,2026-01,12.0,DATE DE PAIEMENT RENSEIGNEE,OK,1,2026Q1,13.0,12.0,False,False,False,True
OP_02014,CLIENT_0749,PERSONNE MORALE,COMPAGNIE_01,POLICE_01143,0,GLOBALE DE BANQUE,DOMMAGES AUX BIENS,AFFAIRE NOUVELLE,2026-01-06,2027-01-05,2026-01-07,2026-01-25,2026-01-25,2026-02-25,6838400,0,821200,5300,7665000,17,1162500,0,0,2026,2026-01,31.0,DATE DE PAIEMENT RENSEIGNEE,OK,1,2026Q1,364.0,31.0,False,False,False,True
OP_02015,CLIENT_0753,PERSONNE PHYSIQUE,COMPAGNIE_01,POLICE_01153,0,AUTOMOBILE,MONO AUTO,AFFAIRE NOUVELLE,2026-01-06,2027-01-05,2026-01-07,2026-01-07,2026-01-07,2026-01-21,159700,0,16500,5600,181800,15,24000,0,0,2026,2026-01,14.0,DATE DE PAIEMENT RENSEIGNEE,OK,1,2026Q1,364.0,14.0,False,False,False,True
OP_02016,CLIENT_0194,PERSONNE PHYSIQUE,COMPAGNIE_01,POLICE_01161,5,AUTOMOBILE,MONO AUTO,RENOUVELLEMENT,2026-01-08,2026-04-07,2026-01-08,2026-03-28,2026-03-28,2026-03-28,37800,0,5100,4800,47700,15,5700,0,0,2026,2026-01,0.0,DATE DE PAIEMENT RENSEIGNEE,OK,1,2026Q1,89.0,0.0,False,False,False,True
OP_02017,CLIENT_0619,PERSONNE PHYSIQUE,COMPAGNIE_02,POLICE_01142,0,TRAVEL ASSURANCE,0,AFFAIRE NOUVELLE,2026-01-12,2026-01-25,2026-01-08,2026-01-08,2026-01-08,2026-01-20,9500,0,1700,5000,16200,10,900,0,0,2026,2026-01,12.0,DATE DE PAIEMENT RENSEIGNEE,OK,1,2026Q1,13.0,12.0,False,False,False,True
OP_02018,CLIENT_0013,PERSONNE PHYSIQUE,COMPAGNIE_01,POLICE_01184,7,AUTOMOBILE,MONO AUTO,RENOUVELLEMENT,2026-01-10,2026-07-09,2026-01-09,2026-01-09,2026-01-09,2026-02-06,21100,0,2600,5100,28800,15,3200,0,0,2026,2026-01,28.0,DATE DE PAIEMENT RENSEIGNEE,OK,1,2026Q1,180.0,28.0,False,False,False,True
OP_02019,CLIENT_0279,PERSONNE PHYSIQUE,COMPAGNIE_08,POLICE_01139,19,RETRAITE COMPLEMENTAIRE,ASSURANCE DE PERSONNES,RÉGULARISATION,2024-05-15,2032-05-14,2026-01-09,2026-01-08,2026-01-09,,5400,0,0,0,5400,10,500,0,0,2026,2026-01,,DATE DE PAIEMENT NON RENSEIGNEE,OK,1,2026Q1,2921.0,,False,False,False,False
OP_02020,CLIENT_0289,PERSONNE MORALE,COMPAGNIE_07,POLICE_00352,3,ASSURANCE SANTE,ASSURANCE MALADIE GROUPE,INCORPORATION,2025-11-27,2026-04-26,2026-01-09,2026-01-26,2026-01-26,,63000,0,0,6700,69700,10,6300,0,0,2026,2026-01,,DATE DE PAIEMENT NON RENSEIGNEE,OK,1,2026Q1,150.0,,False,False,False,False
OP_02021,CLIENT_0468,PERSONNE PHYSIQUE,COMPAGNIE_02,POLICE_00620,5,AUTOMOBILE,MONO AUTO,RENOUVELLEMENT,2026-01-11,2026-04-10,2026-01-09,2026-01-11,2026-01-11,2026-02-18,13700,12300,1500,1600,16800,15,2100,0,0,2026,2026-01,38.0,DATE DE PAIEMENT RENSEIGNEE,OK,1,2026Q1,89.0,38.0,False,False,False,True
OP_02022,CLIENT_0748,PERSONNE PHYSIQUE,COMPAGNIE_09,POLICE_01137,0,AUTOMOBILE,MONO AUTO,AFFAIRE NOUVELLE,2026-01-09,2026-04-10,2026-01-09,2026-06-26,2026-06-26,2026-08-04,14900,18900,1700,2500,19100,15,2200,0,0,2026,2026-01,39.0,DATE DE PAIEMENT RENSEIGNEE,OK,1,2026Q1,91.0,39.0,False,False,False,True
OP_02023,CLIENT_0756,PERSONNE PHYSIQUE,COMPAGNIE_09,POLICE_01159,0,AUTOMOBILE,MONO AUTO,AFFAIRE NOUVELLE,2026-01-09,2026-04-10,2026-01-09,2026-01-09,2026-01-09,,15900,20200,1900,2700,20400,15,2400,0,0,2026,2026-01,,DATE DE PAIEMENT NON RENSEIGNEE,OK,1,2026Q1,91.0,,False,False,False,False
OP_02024,CLIENT_0757,PERSONNE PHYSIQUE,COMPAGNIE_02,POLICE_01160,0,TRAVEL ASSURANCE,0,AFFAIRE NOUVELLE,2026-01-11,2026-01-18,2026-01-10,2026-01-10,2026-01-10,2026-02-24,7100,0,1500,5200,13800,10,700,0,0,2026,2026-01,45.0,DATE DE PAIEMENT RENSEIGNEE,OK,1,2026Q1,7.0,45.0,False,False,False,True
OP_02025,CLIENT_0759,PERSONNE PHYSIQUE,COMPAGNIE_03,POLICE_01164,0,AUTOMOBILE,MONO AUTO,AFFAIRE NOUVELLE,2025-12-09,2026-12-08,2026-01-10,2026-01-10,2026-01-10,2026-01-10,62700,0,5900,4300,72900,15,9400,0,0,2026,2026-01,0.0,DATE DE PAIEMENT RENSEIGNEE,OK,1,2026Q1,364.0,0.0,False,False,False,True
OP_02026,CLIENT_0463,PERSONNE PHYSIQUE,COMPAGNIE_04,POLICE_00612,6,AUTOMOBILE,MONO AUTO,RENOUVELLEMENT,2026-01-11,2027-01-10,2026-01-11,2026-01-11,2026-01-11,,41000,39600,4500,4000,49500,15,6100,0,0,2026,2026-01,,DATE DE PAIEMENT NON RENSEIGNEE,OK,1,2026Q1,364.0,,False,False,False,False
OP_02027,CLIENT_0469,PERSONNE PHYSIQUE,COMPAGNIE_03,POLICE_01181,0,AUTOMOBILE,MONO AUTO,AFFAIRE NOUVELLE,2026-01-10,2026-07-09,2026-01-11,2026-01-11,2026-01-11,2026-01-31,29000,28600,3400,5300,37700,15,4400,0,0,2026,2026-01,20.0,DATE DE PAIEMENT RENSEIGNEE,OK,1,2026Q1,180.0,20.0,False,False,False,True
OP_02028,CLIENT_0682,PERSONNE PHYSIQUE,COMPAGNIE_01,POLICE_01147,4,AUTOMOBILE,MONO AUTO,RENOUVELLEMENT,2026-01-09,2027-01-08,2026-01-11,2026-01-11,2026-01-16,2026-01-30,48400,0,5400,5700,59500,15,7300,0,0,2026,2026-01,14.0,DATE DE PAIEMENT RENSEIGNEE,OK,1,2026Q1,364.0,14.0,False,False,False,True
OP_02029,CLIENT_0035,PERSONNE PHYSIQUE,COMPAGNIE_03,POLICE_00035,6,AUTOMOBILE,MONO AUTO,RENOUVELLEMENT,2026-01-10,2026-07-09,2026-01-12,2026-01-12,2026-01-12,2026-02-13,26000,25800,3100,4700,33800,15,3900,0,0,2026,2026-01,32.0,DATE DE PAIEMENT RENSEIGNEE,OK,1,2026Q1,180.0,32.0,False,False,False,True
OP_02030,CLIENT_0157,PERSONNE MORALE,COMPAGNIE_09,POLICE_00812,3,AUTOMOBILE,FLOTTE AUTOMOBILE,INCORPORATION,2026-01-02,2026-12-17,2026-01-12,2026-03-31,2026-03-31,2026-03-31,218200,135200,26600,3400,248200,15,32700,0,0,2026,2026-01,0.0,DATE DE PAIEMENT RENSEIGNEE,OK,1,2026Q1,349.0,0.0,False,False,False,True
OP_02031,CLIENT_0157,PERSONNE MORALE,COMPAGNIE_09,POLICE_01155,1,AUTOMOBILE,FLOTTE AUTOMOBILE,INCORPORATION,2025-12-18,2026-12-17,2026-01-12,2026-03-31,2026-03-31,2026-03-31,561800,346800,67900,4500,634200,15,84300,0,0,2026,2026-01,0.0,DATE DE PAIEMENT RENSEIGNEE,OK,1,2026Q1,364.0,0.0,False,False,False,True
OP_02032,CLIENT_0580,PERSONNE PHYSIQUE,COMPAGNIE_03,POLICE_00811,2,AUTOMOBILE,MONO AUTO,RENOUVELLEMENT,2026-01-13,2026-07-13,2026-01-12,2026-01-12,2026-01-12,2026-01-25,107500,29800,11300,5200,123900,15,16100,0,0,2026,2026-01,13.0,DATE DE PAIEMENT RENSEIGNEE,OK,1,2026Q1,181.0,13.0,False,False,False,True
OP_02033,CLIENT_0750,PERSONNE PHYSIQUE,COMPAGNIE_03,POLICE_01148,0,AUTOMOBILE,MONO AUTO,AFFAIRE NOUVELLE,2026-01-07,2026-04-07,2026-01-12,2026-01-12,2026-01-12,2026-01-17,22600,22300,2600,3100,28200,15,3400,0,0,2026,2026-01,5.0,DATE DE PAIEMENT RENSEIGNEE,OK,1,2026Q1,90.0,5.0,False,False,False,True
OP_02034,CLIENT_0078,PERSONNE PHYSIQUE,COMPAGNIE_06,POLICE_00083,12,AUTOMOBILE,FLOTTE MOTO,RENOUVELLEMENT,2026-01-13,2027-01-12,2026-01-13,2026-01-16,2026-01-16,2026-02-08,380400,317000,38700,5600,424700,15,57100,0,0,2026,2026-01,23.0,DATE DE PAIEMENT RENSEIGNEE,OK,1,2026Q1,364.0,23.0,False,False,False,True
OP_02035,CLIENT_0763,PERSONNE PHYSIQUE,COMPAGNIE_02,POLICE_01174,0,TRAVEL ASSURANCE,0,AFFAIRE NOUVELLE,2026-01-21,2026-01-30,2026-01-13,2026-01-20,2026-01-20,2026-02-22,6500,0,1300,4300,12100,10,700,0,0,2026,2026-01,33.0,DATE DE PAIEMENT RENSEIGNEE,OK,1,2026Q1,9.0,33.0,False,False,False,True
OP_02036,CLIENT_0085,PERSONNE MORALE,COMPAGNIE_01,POLICE_01179,9,AUTOMOBILE,MONO AUTO,RENOUVELLEMENT,2026-01-14,2026-07-13,2026-01-14,2026-01-14,2026-01-23,2026-02-15,41200,0,5600,5200,51900,15,6200,0,0,2026,2026-01,23.0,DATE DE PAIEMENT RENSEIGNEE,OK,1,2026Q1,180.0,23.0,False,False,False,True
OP_02037,CLIENT_0213,PERSONNE MORALE,COMPAGNIE_04,POLICE_00835,1,AUTOMOBILE,MONO AUTO,RENOUVELLEMENT,2026-01-14,2027-01-13,2026-01-14,2026-01-14,2026-01-14,,24500,8900,3000,5400,32900,15,3700,0,0,2026,2026-01,,DATE DE PAIEMENT NON RENSEIGNEE,OK,1,2026Q1,364.0,,False,False,False,False
OP_02038,CLIENT_0755,PERSONNE PHYSIQUE,COMPAGNIE_02,POLICE_01158,0,TRAVEL ASSURANCE,0,AFFAIRE NOUVELLE,2026-01-15,2026-01-22,2026-01-14,2026-01-14,2026-01-14,2026-02-28,7700,0,1600,5600,14900,10,800,0,0,2026,2026-01,45.0,DATE DE PAIEMENT RENSEIGNEE,OK,1,2026Q1,7.0,45.0,False,False,False,True
OP_02039,CLIENT_0050,PERSONNE MORALE,COMPAGNIE_06,POLICE_00050,219,AUTOMOBILE,FLOTTE AUTOMOBILE,INCORPORATION,2026-01-13,2027-01-06,2026-01-15,2026-01-15,2026-01-15,2026-02-11,34700,32800,3600,900,39200,15,5200,0,0,2026,2026-01,27.0,DATE DE PAIEMENT RENSEIGNEE,OK,1,2026Q1,358.0,27.0,False,False,False,True
OP_02040,CLIENT_0201,PERSONNE PHYSIQUE,COMPAGNIE_02,POLICE_01182,0,TRAVEL ASSURANCE,0,AFFAIRE NOUVELLE,2026-05-24,2026-06-23,2026-01-15,2026-01-15,2026-01-15,2026-02-17,20000,0,2400,0,22400,10,2000,0,0,2026,2026-01,33.0,DATE DE PAIEMENT RENSEIGNEE,OK,1,2026Q1,30.0,33.0,False,False,False,True
OP_02041,CLIENT_0532,PERSONNE PHYSIQUE,COMPAGNIE_03,POLICE_01038,1,AUTOMOBILE,FLOTTE MOTO,RENOUVELLEMENT,2026-01-14,2026-07-13,2026-01-15,2026-01-15,2026-01-15,2026-02-01,48100,47700,4900,1000,54000,15,7200,0,0,2026,2026-01,17.0,DATE DE PAIEMENT RENSEIGNEE,OK,1,2026Q1,180.0,17.0,False,False,False,True
OP_02042,CLIENT_0008,PERSONNE PHYSIQUE,COMPAGNIE_03,POLICE_00008,6,AUTOMOBILE,FLOTTE AUTOMOBILE,RENOUVELLEMENT,2026-01-19,2027-01-18,2026-01-16,2026-01-16,2026-01-16,2026-02-18,195100,192000,22800,4500,222500,15,29300,0,0,2026,2026-01,33.0,DATE DE PAIEMENT RENSEIGNEE,OK,1,2026Q1,364.0,33.0,False,False,False,True
OP_02043,CLIENT_0050,PERSONNE MORALE,COMPAGNIE_06,POLICE_00050,208,AUTOMOBILE,FLOTTE AUTOMOBILE,INCORPORATION,2026-01-11,2027-01-06,2026-01-16,2026-01-11,2026-01-16,2026-02-11,40500,38300,4200,1000,45700,15,6100,0,0,2026,2026-01,26.0,DATE DE PAIEMENT RENSEIGNEE,OK,1,2026Q1,360.0,26.0,False,False,False,True
OP_02044,CLIENT_0050,PERSONNE MORALE,COMPAGNIE_06,POLICE_00050,209,AUTOMOBILE,FLOTTE AUTOMOBILE,INCORPORATION,2026-01-11,2027-01-06,2026-01-16,2026-01-11,2026-01-16,2026-02-11,49300,47200,5100,1000,55400,15,7400,0,0,2026,2026-01,26.0,DATE DE PAIEMENT RENSEIGNEE,OK,1,2026Q1,360.0,26.0,False,False,False,True
OP_02045,CLIENT_0050,PERSONNE MORALE,COMPAGNIE_06,POLICE_00050,211,AUTOMOBILE,FLOTTE AUTOMOBILE,INCORPORATION,2026-01-11,2027-01-05,2026-01-16,2026-01-11,2026-01-16,2026-02-11,84900,80300,8600,1100,94600,15,12700,0,0,2026,2026-01,26.0,DATE DE PAIEMENT RENSEIGNEE,OK,1,2026Q1,359.0,26.0,False,False,False,True
OP_02046,CLIENT_0050,PERSONNE MORALE,COMPAGNIE_06,POLICE_00050,212,AUTOMOBILE,FLOTTE AUTOMOBILE,INCORPORATION,2026-01-11,2027-01-06,2026-01-16,2026-01-11,2026-01-16,,44400,41900,4600,1100,50100,15,6700,0,0,2026,2026-01,,DATE DE PAIEMENT NON RENSEIGNEE,OK,1,2026Q1,360.0,,False,False,False,False
OP_02047,CLIENT_0050,PERSONNE MORALE,COMPAGNIE_06,POLICE_00050,215,AUTOMOBILE,FLOTTE AUTOMOBILE,INCORPORATION,,2027-01-06,2026-01-16,2026-01-22,2026-01-16,2026-02-11,31600,29600,3300,900,35800,15,4700,0,0,2026,2026-01,26.0,DATE DE PAIEMENT RENSEIGNEE,DATE_INVALIDE,1,2026Q1,,26.0,False,False,False,True
OP_02048,CLIENT_0050,PERSONNE MORALE,COMPAGNIE_06,POLICE_00050,216,AUTOMOBILE,FLOTTE AUTOMOBILE,INCORPORATION,2026-01-12,2027-01-06,2026-01-16,2026-01-12,2026-01-16,2026-02-11,40400,38200,4200,1000,45700,15,6100,0,0,2026,2026-01,26.0,DATE DE PAIEMENT RENSEIGNEE,OK,1,2026Q1,359.0,26.0,False,False,False,True
OP_02049,CLIENT_0050,PERSONNE MORALE,COMPAGNIE_06,POLICE_00050,217,AUTOMOBILE,FLOTTE AUTOMOBILE,INCORPORATION,2026-01-12,2027-01-06,2026-01-16,2026-01-13,2026-01-16,2026-02-11,55100,52700,5600,1100,61800,15,8300,0,0,2026,2026-01,26.0,DATE DE PAIEMENT RENSEIGNEE,OK,1,2026Q1,359.0,26.0,False,False,False,True
OP_02050,CLIENT_0050,PERSONNE MORALE,COMPAGNIE_06,POLICE_00050,218,AUTOMOBILE,FLOTTE AUTOMOBILE,INCORPORATION,2026-01-12,2027-01-06,2026-01-16,2026-01-13,2026-01-16,2026-02-11,32100,30000,3300,900,36300,15,4800,0,0,2026,2026-01,26.0,DATE DE PAIEMENT RENSEIGNEE,OK,1,2026Q1,359.0,26.0,False,False,False,True
OP_02051,CLIENT_0050,PERSONNE MORALE,COMPAGNIE_06,POLICE_00050,220,AUTOMOBILE,FLOTTE AUTOMOBILE,INCORPORATION,2026-01-14,2027-01-06,2026-01-16,2026-01-14,2026-01-16,2026-02-11,37700,0,3900,1000,42600,15,5700,0,0,2026,2026-01,26.0,DATE DE PAIEMENT RENSEIGNEE,OK,1,2026Q1,357.0,26.0,False,False,False,True
OP_02052,CLIENT_0060,PERSONNE MORALE,COMPAGNIE_07,POLICE_00097,3,AUTOMOBILE,FLOTTE AUTOMOBILE,RENOUVELLEMENT,2026-02-09,2027-02-08,2026-01-16,2026-02-06,2026-02-06,,7939200,3260600,956000,27200,8922400,15,1190900,0,0,2026,2026-01,,DATE DE PAIEMENT NON RENSEIGNEE,OK,1,2026Q1,364.0,,False,False,False,False
OP_02053,CLIENT_0060,PERSONNE MORALE,COMPAGNIE_07,POLICE_01177,3,AUTOMOBILE,FLOTTE MOTO,RENOUVELLEMENT,2026-02-09,2027-02-08,2026-01-16,2026-02-06,2026-02-06,,1358000,872700,137200,13600,1508800,15,203700,0,0,2026,2026-01,,DATE DE PAIEMENT NON RENSEIGNEE,OK,1,2026Q1,364.0,,False,False,False,False
OP_02054,CLIENT_0096,PERSONNE PHYSIQUE,COMPAGNIE_03,POLICE_01186,1,AUTOMOBILE,MONO AUTO,RENOUVELLEMENT,2026-01-14,2026-04-13,2026-01-16,2026-01-16,2026-01-16,2026-01-30,18200,18100,1900,900,21100,15,2700,0,0,2026,2026-01,14.0,DATE DE PAIEMENT RENSEIGNEE,OK,1,2026Q1,89.0,14.0,False,False,False,True
OP_02055,CLIENT_0381,PERSONNE PHYSIQUE,COMPAGNIE_09,POLICE_01192,1,AUTOMOBILE,MONO AUTO,RENOUVELLEMENT,2026-01-20,2026-07-21,2026-01-16,2026-01-16,2026-01-16,,28700,34100,3100,2300,34100,15,4300,0,0,2026,2026-01,,DATE DE PAIEMENT NON RENSEIGNEE,OK,1,2026Q1,182.0,,False,False,False,False
OP_02056,CLIENT_0511,PERSONNE PHYSIQUE,COMPAGNIE_05,POLICE_00683,3,AUTOMOBILE,MONO AUTO,RENOUVELLEMENT,2026-01-16,2027-01-15,2026-01-16,2026-01-16,2026-01-16,,54800,49900,5700,2100,62600,15,8200,0,0,2026,2026-01,,DATE DE PAIEMENT NON RENSEIGNEE,OK,1,2026Q1,364.0,,False,False,False,False
OP_02057,CLIENT_0523,PERSONNE PHYSIQUE,COMPAGNIE_03,POLICE_00933,3,AUTOMOBILE,MONO AUTO,RENOUVELLEMENT,2026-01-18,2026-04-17,2026-01-16,2026-01-16,2026-01-16,2026-01-30,13300,13100,1400,1100,15900,15,2000,0,0,2026,2026-01,14.0,DATE DE PAIEMENT RENSEIGNEE,OK,1,2026Q1,89.0,14.0,False,False,False,True
OP_02058,CLIENT_0092,PERSONNE PHYSIQUE,COMPAGNIE_01,POLICE_01183,3,AUTOMOBILE,MONO AUTO,RENOUVELLEMENT,2026-02-06,2027-02-05,2026-01-17,2026-01-17,2026-01-17,2026-02-15,36300,35400,4100,4400,44700,15,5400,0,0,2026,2026-01,29.0,DATE DE PAIEMENT RENSEIGNEE,OK,1,2026Q1,364.0,29.0,False,False,False,True
OP_02059,CLIENT_0374,PERSONNE PHYSIQUE,COMPAGNIE_05,POLICE_00833,1,AUTOMOBILE,MONO AUTO,RENOUVELLEMENT,2026-01-11,2027-01-10,2026-01-17,2026-01-08,2026-01-17,,48400,43500,5100,3000,56500,15,7300,0,0,2026,2026-01,,DATE DE PAIEMENT NON RENSEIGNEE,OK,1,2026Q1,364.0,,False,False,False,False
OP_02060,CLIENT_0760,PERSONNE PHYSIQUE,COMPAGNIE_02,POLICE_01169,0,TRAVEL ASSURANCE,0,AFFAIRE NOUVELLE,2026-01-20,2026-01-28,2026-01-17,2026-01-17,2026-01-17,2026-02-27,6200,0,1300,4500,12000,10,600,0,0,2026,2026-01,41.0,DATE DE PAIEMENT RENSEIGNEE,OK,1,2026Q1,8.0,41.0,False,False,False,True
OP_02061,CLIENT_0050,PERSONNE MORALE,COMPAGNIE_06,POLICE_00050,115,AUTOMOBILE,FLOTTE MOTO,INCORPORATION,2025-01-07,2026-01-06,2026-01-18,2026-01-18,2026-01-18,2026-01-18,38100,0,3900,1100,43200,15,5700,0,0,2026,2026-01,0.0,DATE DE PAIEMENT RENSEIGNEE,OK,1,2026Q1,364.0,0.0,False,False,False,True
OP_02062,CLIENT_0050,PERSONNE MORALE,COMPAGNIE_06,POLICE_00050,162,AUTOMOBILE,FLOTTE MOTO,INCORPORATION,2025-12-21,2026-01-06,2026-01-18,2026-01-18,2026-01-18,2026-01-18,8200,6700,900,1000,10100,15,1200,0,0,2026,2026-01,0.0,DATE DE PAIEMENT RENSEIGNEE,OK,1,2026Q1,16.0,0.0,False,False,False,True
OP_02063,CLIENT_0067,PERSONNE MORALE,COMPAGNIE_01,POLICE_01168,6,AUTOMOBILE,FLOTTE AUTOMOBILE,RENOUVELLEMENT,2025-07-24,,2026-01-18,2026-01-18,2026-01-18,2026-01-18,148600,0,15900,4400,168900,15,22300,0,0,2026,2026-01,0.0,DATE DE PAIEMENT RENSEIGNEE,OK,1,2026Q1,,0.0,False,False,False,True
OP_02064,CLIENT_0046,PERSONNE PHYSIQUE,COMPAGNIE_01,POLICE_01189,3,AUTOMOBILE,MONO AUTO,RENOUVELLEMENT,2026-01-19,2027-01-18,2026-01-19,2026-04-08,2026-04-08,2026-06-04,44000,0,4900,4600,53400,15,6600,0,0,2026,2026-01,57.0,DATE DE PAIEMENT RENSEIGNEE,OK,1,2026Q1,364.0,57.0,False,False,False,True
OP_02065,CLIENT_0157,PERSONNE MORALE,COMPAGNIE_09,POLICE_01155,0,AUTOMOBILE,FLOTTE AUTOMOBILE,PRECISION,2026-01-16,2026-12-17,2026-01-19,2026-03-31,2026-03-31,2026-03-31,0,0,200,1900,2100,15,0,0,0,2026,2026-01,0.0,DATE DE PAIEMENT RENSEIGNEE,OK,1,2026Q1,335.0,0.0,False,False,False,True
OP_02066,CLIENT_0190,PERSONNE MORALE,COMPAGNIE_11,POLICE_00911,8,ASSURANCE SANTE,ASSURANCE MALADIE GROUPE,INCORPORATION,2025-03-27,2026-03-26,2026-01-19,2026-02-28,2026-02-28,,81600,0,0,7100,88700,10,8200,0,0,2026,2026-01,,DATE DE PAIEMENT NON RENSEIGNEE,OK,1,2026Q1,364.0,,False,False,False,False
OP_02067,CLIENT_0289,PERSONNE MORALE,COMPAGNIE_07,POLICE_00352,4,ASSURANCE SANTE,ASSURANCE MALADIE GROUPE,INCORPORATION,2026-01-12,2026-04-26,2026-01-19,2026-02-27,2026-02-27,,161700,0,0,12200,173900,10,16200,0,0,2026,2026-01,,DATE DE PAIEMENT NON RENSEIGNEE,OK,1,2026Q1,104.0,,False,False,False,False
OP_02068,CLIENT_0362,PERSONNE PHYSIQUE,COMPAGNIE_01,POLICE_01187,2,AUTOMOBILE,MONO AUTO,RENOUVELLEMENT,2026-01-17,2026-07-16,2026-01-19,2026-01-19,2026-01-19,2026-02-13,21700,0,2600,4300,28600,15,3300,0,0,2026,2026-01,25.0,DATE DE PAIEMENT RENSEIGNEE,OK,1,2026Q1,180.0,25.0,False,False,False,True
OP_02069,CLIENT_0691,PERSONNE PHYSIQUE,COMPAGNIE_04,POLICE_01173,0,AUTOMOBILE,MONO AUTO,AFFAIRE NOUVELLE,2026-01-19,2026-07-18,2026-01-19,2026-01-19,2026-01-19,,21900,21200,2500,2800,27100,15,3300,0,0,2026,2026-01,,DATE DE PAIEMENT NON RENSEIGNEE,OK,1,2026Q1,180.0,,False,False,False,False
OP_02070,CLIENT_0004,PERSONNE MORALE,COMPAGNIE_09,POLICE_01157,0,AUTOMOBILE,MONO AUTO,AFFAIRE NOUVELLE,2026-01-19,2027-01-18,2026-01-20,2026-01-20,2026-01-20,,57300,72900,6000,2500,65700,15,8600,0,0,2026,2026-01,,DATE DE PAIEMENT NON RENSEIGNEE,OK,1,2026Q1,364.0,,False,False,False,False
OP_02071,CLIENT_0050,PERSONNE MORALE,COMPAGNIE_06,POLICE_00050,222,AUTOMOBILE,FLOTTE MOTO,INCORPORATION,2026-01-18,2027-01-06,2026-01-20,2026-02-02,2026-02-03,2026-03-10,36500,34500,3800,900,41200,15,5500,0,0,2026,2026-01,35.0,DATE DE PAIEMENT RENSEIGNEE,OK,1,2026Q1,353.0,35.0,False,False,False,True
OP_02072,CLIENT_0099,PERSONNE PHYSIQUE,COMPAGNIE_01,POLICE_01171,1,AUTOMOBILE,MONO AUTO,RENOUVELLEMENT,2026-01-20,2027-01-19,2026-01-20,2026-01-20,2026-01-20,2026-02-26,37800,0,4200,4400,46400,0,0,0,0,2026,2026-01,37.0,DATE DE PAIEMENT RENSEIGNEE,OK,1,2026Q1,364.0,37.0,False,False,False,True
OP_02073,CLIENT_0396,PERSONNE PHYSIQUE,COMPAGNIE_03,POLICE_00695,0,AUTOMOBILE,MONO AUTO,AFFAIRE NOUVELLE,2026-01-20,2027-01-19,2026-01-20,2026-01-20,2026-01-20,2026-02-10,15600,14900,2000,4500,22200,15,2300,0,0,2026,2026-01,21.0,DATE DE PAIEMENT RENSEIGNEE,OK,1,2026Q1,364.0,21.0,False,False,False,True
OP_02074,CLIENT_0701,PERSONNE PHYSIQUE,COMPAGNIE_02,POLICE_01196,0,TRAVEL ASSURANCE,0,AFFAIRE NOUVELLE,2026-01-20,2026-02-18,2026-01-20,2026-02-13,2026-02-13,2026-02-13,17800,0,2100,0,19900,10,1800,0,0,2026,2026-01,0.0,DATE DE PAIEMENT RENSEIGNEE,OK,1,2026Q1,29.0,0.0,False,False,False,True
OP_02075,CLIENT_0765,PERSONNE MORALE,COMPAGNIE_01,POLICE_01190,1,RC CHEF D'ENTREPRISE,RESPONSABILITE,RENOUVELLEMENT,2026-01-20,2027-01-19,2026-01-20,2026-01-20,2026-01-20,2026-02-13,90000,0,11300,4500,105800,17,15300,0,0,2026,2026-01,24.0,DATE DE PAIEMENT RENSEIGNEE,OK,1,2026Q1,364.0,24.0,False,False,False,True
OP_02076,CLIENT_0040,PERSONNE PHYSIQUE,COMPAGNIE_03,POLICE_01180,0,AUTOMOBILE,MONO AUTO,AFFAIRE NOUVELLE,2026-01-21,2027-01-20,2026-01-21,2026-01-21,2026-01-21,2026-02-11,34200,33500,3800,3400,41400,15,5100,0,0,2026,2026-01,21.0,DATE DE PAIEMENT RENSEIGNEE,OK,1,2026Q1,364.0,21.0,False,False,False,True
OP_02077,CLIENT_0067,PERSONNE MORALE,COMPAGNIE_02,POLICE_00069,2,AUTOMOBILE,FLOTTE AUTOMOBILE,RETRAIT,2026-01-06,2027-01-05,2026-01-21,2026-01-21,2026-01-21,2026-02-28,-177600,-89800,-21300,0,-199000,15,-26600,0,0,2026,2026-01,38.0,DATE DE PAIEMENT RENSEIGNEE,OK,1,2026Q1,364.0,38.0,False,False,True,True
OP_02078,CLIENT_0761,PERSONNE PHYSIQUE,COMPAGNIE_02,POLICE_01170,0,TRAVEL ASSURANCE,0,AFFAIRE NOUVELLE,2026-01-24,2026-02-01,2026-01-21,2026-01-21,2026-01-21,2026-03-03,6800,0,1400,4900,13200,10,700,0,0,2026,2026-01,41.0,DATE DE PAIEMENT RENSEIGNEE,OK,1,2026Q1,8.0,41.0,False,False,False,True
OP_02079,CLIENT_0105,PERSONNE PHYSIQUE,COMPAGNIE_03,POLICE_00116,2,AUTOMOBILE,MONO AUTO,RENOUVELLEMENT,2026-02-06,2027-02-05,2026-01-22,2026-01-22,2026-01-22,2026-02-05,52200,51500,5700,4600,62500,15,7800,0,0,2026,2026-01,14.0,DATE DE PAIEMENT RENSEIGNEE,OK,1,2026Q1,364.0,14.0,False,False,False,True
OP_02080,CLIENT_0157,PERSONNE MORALE,COMPAGNIE_01,POLICE_01205,0,ASSURANCE CAUTION,DOMMAGES AUX BIENS,AFFAIRE NOUVELLE,2026-01-16,2027-01-16,2026-01-22,2026-01-22,2026-01-22,2026-03-16,2220800,0,234900,127900,2583500,10,222100,0,0,2026,2026-01,53.0,DATE DE PAIEMENT RENSEIGNEE,OK,1,2026Q1,365.0,53.0,False,False,False,True
OP_02081,CLIENT_0212,PERSONNE PHYSIQUE,COMPAGNIE_01,POLICE_01167,7,AUTOMOBILE,MONO AUTO,RENOUVELLEMENT,2025-11-13,2026-02-12,2026-01-22,2026-01-22,2026-01-22,2026-01-22,9700,0,1500,5600,16900,15,1500,0,0,2026,2026-01,0.0,DATE DE PAIEMENT RENSEIGNEE,OK,1,2026Q1,91.0,0.0,False,False,False,True
OP_02082,CLIENT_0584,PERSONNE MORALE,COMPAGNIE_01,POLICE_01165,1,AUTOMOBILE,MONO AUTO,RENOUVELLEMENT,2026-01-18,2027-01-17,2026-01-22,2026-01-29,2026-01-29,2026-03-01,484800,0,58700,4500,548000,15,72700,0,0,2026,2026-01,31.0,DATE DE PAIEMENT RENSEIGNEE,OK,1,2026Q1,364.0,31.0,False,False,False,True
OP_02083,CLIENT_0064,PERSONNE PHYSIQUE,COMPAGNIE_04,POLICE_00065,26,AUTOMOBILE,MONO AUTO,RENOUVELLEMENT,2026-01-23,2026-04-22,2026-01-23,2026-01-23,2026-01-23,,19000,18600,2200,2800,24000,15,2800,0,0,2026,2026-01,,DATE DE PAIEMENT NON RENSEIGNEE,OK,1,2026Q1,89.0,,False,False,False,False
OP_02084,CLIENT_0089,PERSONNE PHYSIQUE,COMPAGNIE_04,POLICE_00096,3,AUTOMOBILE,MONO AUTO,RENOUVELLEMENT,2026-01-25,2027-01-24,2026-01-23,2026-01-23,2026-01-23,,9500,7300,1300,3200,14000,15,1400,0,0,2026,2026-01,,DATE DE PAIEMENT NON RENSEIGNEE,OK,1,2026Q1,364.0,,False,False,False,False
OP_02085,CLIENT_0157,PERSONNE MORALE,COMPAGNIE_04,POLICE_01206,0,ASSURANCE CAUTION,DOMMAGES AUX BIENS,AFFAIRE NOUVELLE,2026-01-15,2026-08-12,2026-01-23,2026-01-23,2026-01-23,,821200,0,88700,66200,976200,10,82100,0,0,2026,2026-01,,DATE DE PAIEMENT NON RENSEIGNEE,OK,1,2026Q1,209.0,,False,False,False,False
OP_02086,CLIENT_0279,PERSONNE PHYSIQUE,COMPAGNIE_08,POLICE_00340,0,RETRAITE COMPLEMENTAIRE,ASSURANCE DE PERSONNES,RÉGULARISATION,2024-05-15,2032-05-14,2026-01-23,2026-01-23,2026-01-23,,5000,0,0,0,5000,10,500,0,0,2026,2026-01,,DATE DE PAIEMENT NON RENSEIGNEE,OK,1,2026Q1,2921.0,,False,False,False,False
OP_02087,CLIENT_0599,PERSONNE PHYSIQUE,COMPAGNIE_03,POLICE_00851,1,AUTOMOBILE,MONO AUTO,RENOUVELLEMENT,2026-01-20,2027-01-19,2026-01-23,2026-01-23,2026-01-23,2026-01-30,123000,52300,12700,4400,140200,15,18500,0,0,2026,2026-01,7.0,DATE DE PAIEMENT RENSEIGNEE,OK,1,2026Q1,364.0,7.0,False,False,False,True
OP_02088,CLIENT_0767,PERSONNE PHYSIQUE,COMPAGNIE_02,POLICE_01194,0,TRAVEL ASSURANCE,0,AFFAIRE NOUVELLE,2026-02-13,2026-03-13,2026-01-23,2026-01-23,2026-01-23,2026-02-16,12300,0,2000,4700,19000,10,1200,0,0,2026,2026-01,24.0,DATE DE PAIEMENT RENSEIGNEE,OK,1,2026Q1,28.0,24.0,False,False,False,True
OP_02089,CLIENT_0554,PERSONNE MORALE,COMPAGNIE_06,POLICE_01204,0,TOUS RISQUES MONTAGE,0,AFFAIRE NOUVELLE,2025-09-14,2025-12-19,2026-01-24,2026-01-24,2026-01-24,2026-01-24,137200,0,17100,5400,159700,17,23300,0,0,2026,2026-01,0.0,DATE DE PAIEMENT RENSEIGNEE,OK,1,2026Q1,96.0,0.0,False,False,False,True
OP_02090,CLIENT_0595,PERSONNE PHYSIQUE,COMPAGNIE_07,POLICE_01188,0,AUTOMOBILE,MONO AUTO,AFFAIRE NOUVELLE,2026-01-24,2027-01-23,2026-01-24,2026-01-24,2026-01-24,,154100,0,16000,5500,175500,15,23100,0,0,2026,2026-01,,DATE DE PAIEMENT NON RENSEIGNEE,OK,1,2026Q1,364.0,,False,False,False,False
OP_02091,CLIENT_0703,PERSONNE PHYSIQUE,COMPAGNIE_03,POLICE_01028,1,AUTOMOBILE,MONO AUTO,RENOUVELLEMENT,2026-02-12,2026-08-11,2026-01-24,2026-01-24,2026-01-24,2026-02-05,24900,24500,2600,1100,28600,15,3700,0,0,2026,2026-01,12.0,DATE DE PAIEMENT RENSEIGNEE,OK,1,2026Q1,180.0,12.0,False,False,False,True
OP_02092,CLIENT_0760,PERSONNE PHYSIQUE,COMPAGNIE_02,POLICE_01169,1,TRAVEL ASSURANCE,0,MODIFICATION,2026-01-25,2026-02-01,2026-01-24,2026-01-24,2026-01-24,,0,0,0,0,0,15,0,0,0,2026,2026-01,,DATE DE PAIEMENT NON RENSEIGNEE,OK,1,2026Q1,7.0,,False,False,False,False
OP_02093,CLIENT_0764,PERSONNE PHYSIQUE,COMPAGNIE_02,POLICE_01175,0,TRAVEL ASSURANCE,0,AFFAIRE NOUVELLE,2026-02-01,2026-02-10,2026-01-24,2026-01-31,2026-01-31,2026-03-05,7100,0,1400,4600,13100,10,700,0,0,2026,2026-01,33.0,DATE DE PAIEMENT RENSEIGNEE,OK,1,2026Q1,9.0,33.0,False,False,False,True
OP_02094,CLIENT_0768,PERSONNE PHYSIQUE,COMPAGNIE_02,POLICE_01195,0,TRAVEL ASSURANCE,0,AFFAIRE NOUVELLE,2026-02-14,2026-03-14,2026-01-24,2026-01-24,2026-01-24,2026-02-17,11600,0,1900,4400,18000,10,1200,0,0,2026,2026-01,24.0,DATE DE PAIEMENT RENSEIGNEE,OK,1,2026Q1,28.0,24.0,False,False,False,True
OP_02095,CLIENT_0059,PERSONNE PHYSIQUE,COMPAGNIE_04,POLICE_00535,6,AUTOMOBILE,MONO AUTO,RENOUVELLEMENT,2026-01-25,2026-04-27,2026-01-25,2026-01-25,2026-01-25,2026-05-17,91200,90700,11300,2600,105000,15,13700,0,0,2026,2026-01,112.0,DATE DE PAIEMENT RENSEIGNEE,OK,1,2026Q1,92.0,112.0,False,False,False,True
OP_02096,CLIENT_0167,PERSONNE MORALE,COMPAGNIE_03,POLICE_00820,17,AUTOMOBILE,FLOTTE AUTOMOBILE,INCORPORATION,2026-01-24,2026-12-31,2026-01-25,2026-01-25,2026-01-25,2026-02-04,65900,58300,8200,2600,76600,15,9900,0,0,2026,2026-01,10.0,DATE DE PAIEMENT RENSEIGNEE,OK,1,2026Q1,341.0,10.0,False,False,False,True
OP_02097,CLIENT_0017,PERSONNE PHYSIQUE,COMPAGNIE_04,POLICE_00017,6,AUTOMOBILE,MONO AUTO,RENOUVELLEMENT,2026-03-14,2027-03-13,2026-01-26,2026-01-26,2026-01-26,,48400,46800,5300,4900,58600,15,7300,0,0,2026,2026-01,,DATE DE PAIEMENT NON RENSEIGNEE,OK,1,2026Q1,364.0,,False,False,False,False
OP_02098,CLIENT_0022,PERSONNE PHYSIQUE,COMPAGNIE_03,POLICE_01166,0,AUTOMOBILE,MONO AUTO,AFFAIRE NOUVELLE,2026-02-01,2027-01-31,2026-01-26,2026-01-26,2026-01-26,2026-02-22,35500,34700,3900,3600,43000,15,5300,0,0,2026,2026-01,27.0,DATE DE PAIEMENT RENSEIGNEE,OK,1,2026Q1,364.0,27.0,False,False,False,True
OP_02099,CLIENT_0074,PERSONNE PHYSIQUE,COMPAGNIE_04,POLICE_00079,18,AUTOMOBILE,MONO AUTO,PROROGATION,2026-01-28,2026-04-26,2026-01-26,2026-01-26,2026-01-26,2026-05-16,10000,9700,1000,0,11000,15,1500,0,0,2026,2026-01,110.0,DATE DE PAIEMENT RENSEIGNEE,OK,1,2026Q1,88.0,110.0,False,False,False,True
OP_02100,CLIENT_0518,PERSONNE PHYSIQUE,COMPAGNIE_03,POLICE_01062,1,AUTOMOBILE,MONO AUTO,RENOUVELLEMENT,2026-01-27,2026-04-26,2026-01-27,2026-01-27,2026-01-27,2026-02-24,24200,23900,3500,5000,32700,15,3600,0,0,2026,2026-01,28.0,DATE DE PAIEMENT RENSEIGNEE,OK,1,2026Q1,89.0,28.0,False,False,False,True
OP_02101,CLIENT_0766,PERSONNE PHYSIQUE,COMPAGNIE_03,POLICE_01193,0,AUTOMOBILE,MONO AUTO,AFFAIRE NOUVELLE,2026-01-26,2026-04-25,2026-01-27,2026-01-27,2026-01-27,2026-02-07,18200,18000,2100,2500,22700,15,2700,0,0,2026,2026-01,11.0,DATE DE PAIEMENT RENSEIGNEE,OK,1,2026Q1,89.0,11.0,False,False,False,True
OP_02102,CLIENT_0045,PERSONNE PHYSIQUE,COMPAGNIE_06,POLICE_01176,0,AUTOMOBILE,MONO AUTO,AFFAIRE NOUVELLE,2026-01-28,2027-01-27,2026-01-28,2026-01-28,2026-01-28,2026-02-18,148600,154300,18400,5100,172200,15,22300,0,0,2026,2026-01,21.0,DATE DE PAIEMENT RENSEIGNEE,OK,1,2026Q1,364.0,21.0,False,False,False,True
OP_02103,CLIENT_0594,PERSONNE PHYSIQUE,COMPAGNIE_04,POLICE_00845,1,AUTOMOBILE,MONO AUTO,RENOUVELLEMENT,2026-01-28,2026-07-27,2026-01-28,2026-01-28,2026-01-28,,32600,31500,3500,2600,38700,15,4900,0,0,2026,2026-01,,DATE DE PAIEMENT NON RENSEIGNEE,OK,1,2026Q1,180.0,,False,False,False,False
OP_02104,CLIENT_0761,PERSONNE PHYSIQUE,COMPAGNIE_02,POLICE_01170,1,TRAVEL ASSURANCE,0,MODIFICATION,2026-01-29,2026-02-05,2026-01-28,2026-01-28,2026-01-28,,0,0,0,0,0,15,0,0,0,2026,2026-01,,DATE DE PAIEMENT NON RENSEIGNEE,OK,1,2026Q1,7.0,,False,False,False,False
OP_02105,CLIENT_0773,PERSONNE PHYSIQUE,COMPAGNIE_03,POLICE_01207,0,AUTOMOBILE,MONO AUTO,AFFAIRE NOUVELLE,2026-01-28,2027-01-27,2026-01-28,2026-01-28,2026-01-28,2026-02-20,142600,36200,14700,4500,161800,15,21400,0,0,2026,2026-01,23.0,DATE DE PAIEMENT RENSEIGNEE,OK,1,2026Q1,364.0,23.0,False,False,False,True
OP_02106,CLIENT_0774,PERSONNE PHYSIQUE,COMPAGNIE_06,POLICE_01208,0,AUTOMOBILE,MONO AUTO,AFFAIRE NOUVELLE,2026-01-27,2026-01-26,2026-01-29,2026-01-27,2026-01-29,2026-02-21,120100,148100,15100,5600,140800,15,18000,0,0,2026,2026-01,23.0,DATE DE PAIEMENT RENSEIGNEE,EFFET_APRES_ECHEANCE,1,2026Q1,-1.0,23.0,True,False,False,True
OP_02107,CLIENT_0047,PERSONNE PHYSIQUE,COMPAGNIE_04,POLICE_00047,6,AUTOMOBILE,MONO AUTO,RENOUVELLEMENT,2026-02-01,2027-01-31,2026-01-30,2026-01-30,2026-01-30,,90300,88600,9500,4300,104000,15,13500,0,0,2026,2026-01,,DATE DE PAIEMENT NON RENSEIGNEE,OK,1,2026Q1,364.0,,False,False,False,False
OP_02108,CLIENT_0082,PERSONNE PHYSIQUE,COMPAGNIE_02,POLICE_00087,4,AUTOMOBILE,MONO AUTO,RENOUVELLEMENT,2026-01-23,2026-07-22,2026-01-30,2026-01-23,2026-01-30,2026-02-25,17900,0,2000,1700,21600,15,2700,0,0,2026,2026-01,26.0,DATE DE PAIEMENT RENSEIGNEE,OK,1,2026Q1,180.0,26.0,False,False,False,True
OP_02109,CLIENT_0289,PERSONNE MORALE,COMPAGNIE_07,POLICE_00352,0,ASSURANCE SANTE,ASSURANCE MALADIE GROUPE,INCORPORATION,2025-10-28,2026-04-26,2026-01-30,2026-01-30,2026-01-30,,277700,0,0,13000,290700,10,27800,0,0,2026,2026-01,,DATE DE PAIEMENT NON RENSEIGNEE,OK,1,2026Q1,180.0,,False,False,False,False
OP_02110,CLIENT_0770,PERSONNE PHYSIQUE,COMPAGNIE_02,POLICE_01199,0,TRAVEL ASSURANCE,0,AFFAIRE NOUVELLE,2026-01-30,2026-02-05,2026-01-31,2026-03-09,2026-03-09,2026-03-09,10000,0,1200,0,11200,10,1000,0,0,2026,2026-01,0.0,DATE DE PAIEMENT RENSEIGNEE,OK,1,2026Q1,6.0,0.0,False,False,False,True
OP_02111,CLIENT_0771,PERSONNE PHYSIQUE,COMPAGNIE_02,POLICE_01200,0,TRAVEL ASSURANCE,0,AFFAIRE NOUVELLE,2026-01-30,2026-02-05,2026-01-31,2026-03-09,2026-03-09,2026-03-09,10200,0,1200,0,11400,10,1000,0,0,2026,2026-01,0.0,DATE DE PAIEMENT RENSEIGNEE,OK,1,2026Q1,6.0,0.0,False,False,False,True
OP_02112,CLIENT_0775,PERSONNE PHYSIQUE,COMPAGNIE_02,POLICE_01211,0,TRAVEL ASSURANCE,0,AFFAIRE NOUVELLE,2026-02-28,2026-03-11,2026-02-01,2026-02-01,2026-02-01,2026-02-28,16300,0,2000,0,18200,10,1600,0,0,2026,2026-02,27.0,DATE DE PAIEMENT RENSEIGNEE,OK,2,2026Q1,11.0,27.0,False,False,False,True
OP_02113,CLIENT_0056,PERSONNE PHYSIQUE,COMPAGNIE_03,POLICE_00853,1,AUTOMOBILE,MONO AUTO,RENOUVELLEMENT,2026-02-02,2026-08-01,2026-02-02,2026-02-02,2026-02-02,2026-02-12,25600,25300,3000,4600,33300,30,7700,0,0,2026,2026-02,10.0,DATE DE PAIEMENT RENSEIGNEE,OK,2,2026Q1,180.0,10.0,False,False,False,True
OP_02114,CLIENT_0364,PERSONNE PHYSIQUE,COMPAGNIE_03,POLICE_00472,1,AUTOMOBILE,MONO AUTO,RENOUVELLEMENT,2026-02-02,2026-05-03,2026-02-03,2026-02-03,2026-02-03,2026-02-13,12600,12400,1700,4200,18600,15,1900,0,0,2026,2026-02,10.0,DATE DE PAIEMENT RENSEIGNEE,OK,2,2026Q1,90.0,10.0,False,False,False,True
OP_02115,CLIENT_0517,PERSONNE PHYSIQUE,COMPAGNIE_02,POLICE_00690,10,RC CHEF D'ENTREPRISE,RESPONSABILITE,RENOUVELLEMENT,2026-02-02,2027-02-01,2026-02-03,2026-02-03,2026-02-03,2026-03-06,95900,91100,12100,4800,112800,17,16300,0,0,2026,2026-02,31.0,DATE DE PAIEMENT RENSEIGNEE,OK,2,2026Q1,364.0,31.0,False,False,False,True
OP_02116,CLIENT_0570,PERSONNE PHYSIQUE,COMPAGNIE_03,POLICE_00797,2,AUTOMOBILE,MONO AUTO,RENOUVELLEMENT,2026-02-02,2026-08-01,2026-02-03,2026-02-03,2026-02-03,2026-02-20,19800,19500,2100,900,22800,15,3000,0,0,2026,2026-02,17.0,DATE DE PAIEMENT RENSEIGNEE,OK,2,2026Q1,180.0,17.0,False,False,False,True
OP_02117,CLIENT_0063,PERSONNE PHYSIQUE,COMPAGNIE_01,POLICE_01202,2,AUTOMOBILE,MONO AUTO,RENOUVELLEMENT,2026-02-05,2027-02-04,2026-02-04,2026-02-04,2026-02-04,2026-02-22,44900,0,5000,4800,54600,15,6700,0,0,2026,2026-02,18.0,DATE DE PAIEMENT RENSEIGNEE,OK,2,2026Q1,364.0,18.0,False,False,False,True
OP_02118,CLIENT_0085,PERSONNE MORALE,COMPAGNIE_01,POLICE_01209,9,AUTOMOBILE,MONO AUTO,RENOUVELLEMENT,2026-02-07,2026-08-06,2026-02-04,2026-02-04,2026-02-04,2026-03-22,66100,0,8400,4200,78700,0,0,0,0,2026,2026-02,46.0,DATE DE PAIEMENT RENSEIGNEE,OK,2,2026Q1,180.0,46.0,False,False,False,True
OP_02119,CLIENT_0050,PERSONNE MORALE,COMPAGNIE_06,POLICE_00050,225,AUTOMOBILE,FLOTTE AUTOMOBILE,INCORPORATION,2026-02-05,2027-01-06,2026-02-05,2026-02-05,2026-03-10,2026-03-10,39900,37700,4100,1000,45000,15,6000,0,0,2026,2026-02,0.0,DATE DE PAIEMENT RENSEIGNEE,OK,2,2026Q1,335.0,0.0,False,False,False,True
OP_02120,CLIENT_0157,PERSONNE MORALE,COMPAGNIE_09,POLICE_01155,5,AUTOMOBILE,FLOTTE AUTOMOBILE,INCORPORATION,2026-02-06,2026-12-17,2026-02-06,2026-03-31,2026-03-31,2026-03-31,119400,134000,14700,3400,137600,15,17900,0,0,2026,2026-02,0.0,DATE DE PAIEMENT RENSEIGNEE,OK,2,2026Q1,314.0,0.0,False,False,False,True
OP_02121,CLIENT_0268,PERSONNE PHYSIQUE,COMPAGNIE_09,POLICE_01216,0,AUTOMOBILE,MONO MOTO,AFFAIRE NOUVELLE,2026-02-06,2027-02-05,2026-02-06,2026-02-06,2026-02-06,2026-02-26,94300,25700,11600,2300,108200,15,14100,0,0,2026,2026-02,20.0,DATE DE PAIEMENT RENSEIGNEE,OK,2,2026Q1,364.0,20.0,False,False,False,True
OP_02122,CLIENT_0411,PERSONNE PHYSIQUE,COMPAGNIE_04,POLICE_00092,13,AUTOMOBILE,MONO AUTO,RENOUVELLEMENT,2026-02-04,2026-08-03,2026-02-06,2026-01-30,2026-02-06,,24200,21100,2600,1900,28700,15,3600,0,0,2026,2026-02,,DATE DE PAIEMENT NON RENSEIGNEE,OK,2,2026Q1,180.0,,False,False,False,False
OP_02123,CLIENT_0111,PERSONNE MORALE,COMPAGNIE_06,POLICE_00122,80,AUTOMOBILE,FLOTTE AUTOMOBILE,RENOUVELLEMENT,2026-02-11,2027-02-10,2026-02-07,2026-03-05,2026-03-05,2026-03-14,757400,510500,85900,9300,852600,15,113600,0,0,2026,2026-02,9.0,DATE DE PAIEMENT RENSEIGNEE,OK,2,2026Q1,364.0,9.0,False,False,False,True
OP_02124,CLIENT_0623,PERSONNE PHYSIQUE,COMPAGNIE_05,POLICE_01185,0,AUTOMOBILE,MONO AUTO,PROROGATION,2026-04-06,2026-07-06,2026-02-07,2026-02-07,2026-02-07,,12600,8900,1500,2300,16400,15,1900,0,0,2026,2026-02,,DATE DE PAIEMENT NON RENSEIGNEE,OK,2,2026Q1,91.0,,False,False,False,False
OP_02125,CLIENT_0584,PERSONNE MORALE,COMPAGNIE_09,POLICE_01197,0,ASSURANCE SANTE,ASSURANCE MALADIE GROUPE,AFFAIRE NOUVELLE,2026-01-15,2027-01-14,2026-02-08,2026-07-29,2026-07-29,,2769200,0,0,79600,2769200,10,276900,0,0,2026,2026-02,,DATE DE PAIEMENT NON RENSEIGNEE,OK,2,2026Q1,364.0,,False,False,False,False
OP_02126,CLIENT_0596,PERSONNE PHYSIQUE,COMPAGNIE_03,POLICE_00848,2,AUTOMOBILE,MONO AUTO,RENOUVELLEMENT,2026-02-08,2026-08-08,2026-02-08,2026-02-08,2026-02-08,2026-02-22,23400,23000,2900,5700,32000,15,3500,0,0,2026,2026-02,14.0,DATE DE PAIEMENT RENSEIGNEE,OK,2,2026Q1,181.0,14.0,False,False,False,True
OP_02127,CLIENT_0769,PERSONNE MORALE,COMPAGNIE_01,POLICE_01198,0,ASSURANCE SANTE,ASSURANCE MALADIE GROUPE,AFFAIRE NOUVELLE,2026-02-07,2027-02-06,2026-02-08,2026-02-25,2026-02-25,2026-04-02,1287000,0,0,17400,1304400,10,128700,0,0,2026,2026-02,36.0,DATE DE PAIEMENT RENSEIGNEE,OK,2,2026Q1,364.0,36.0,False,False,False,True
OP_02128,CLIENT_0051,PERSONNE MORALE,COMPAGNIE_06,POLICE_00242,56,AUTOMOBILE,FLOTTE AUTOMOBILE,RENOUVELLEMENT,2026-02-13,2027-02-12,2026-02-09,2026-03-01,2026-03-01,2026-03-16,1894100,1062000,208900,15400,2118400,15,284100,0,0,2026,2026-02,15.0,DATE DE PAIEMENT RENSEIGNEE,OK,2,2026Q1,364.0,15.0,False,False,False,True
OP_02129,CLIENT_0072,PERSONNE PHYSIQUE,COMPAGNIE_03,POLICE_01191,0,AUTOMOBILE,MONO AUTO,AFFAIRE NOUVELLE,2026-02-09,2027-02-08,2026-02-09,2026-02-09,2026-02-09,2026-02-22,100300,98900,12600,4600,117500,15,15000,0,0,2026,2026-02,13.0,DATE DE PAIEMENT RENSEIGNEE,OK,2,2026Q1,364.0,13.0,False,False,False,True
OP_02130,CLIENT_0157,PERSONNE MORALE,COMPAGNIE_02,POLICE_01219,0,ASSURANCES TRANSPORTS,AERIEN,AFFAIRE NOUVELLE,2025-12-18,,2026-02-09,2026-02-09,2026-02-09,2026-02-09,138600,0,11200,1000,150700,15,20800,0,0,2026,2026-02,0.0,DATE DE PAIEMENT RENSEIGNEE,OK,2,2026Q1,,0.0,False,False,False,True
OP_02131,CLIENT_0157,PERSONNE MORALE,COMPAGNIE_02,POLICE_01220,0,ASSURANCES TRANSPORTS,AERIEN,AFFAIRE NOUVELLE,2025-12-18,,2026-02-09,2026-02-09,2026-02-09,2026-02-09,945300,0,75700,1000,1022000,15,141800,0,0,2026,2026-02,0.0,DATE DE PAIEMENT RENSEIGNEE,OK,2,2026Q1,,0.0,False,False,False,True
OP_02132,CLIENT_0157,PERSONNE MORALE,COMPAGNIE_02,POLICE_01221,0,ASSURANCES TRANSPORTS,AERIEN,AFFAIRE NOUVELLE,2026-02-24,,2026-02-09,2026-02-09,2026-02-09,2026-02-09,92500,0,7500,900,100900,15,13900,0,0,2026,2026-02,0.0,DATE DE PAIEMENT RENSEIGNEE,OK,2,2026Q1,,0.0,False,False,False,True
OP_02133,CLIENT_0312,PERSONNE PHYSIQUE,COMPAGNIE_01,POLICE_01217,0,AUTOMOBILE,MONO AUTO,RENOUVELLEMENT,2025-11-02,2026-05-01,2026-02-09,2026-02-09,2026-02-09,2026-02-09,43000,0,5500,4700,53100,15,6500,0,0,2026,2026-02,0.0,DATE DE PAIEMENT RENSEIGNEE,OK,2,2026Q1,180.0,0.0,False,False,False,True
OP_02134,CLIENT_0157,PERSONNE MORALE,COMPAGNIE_09,POLICE_01224,0,ASSURANCE CAUTION,0,AFFAIRE NOUVELLE,2026-02-12,2027-02-11,2026-02-12,2026-02-12,2026-02-12,2026-02-26,3682000,0,485200,361100,4528300,17,625900,0,0,2026,2026-02,14.0,DATE DE PAIEMENT RENSEIGNEE,OK,2,2026Q1,364.0,14.0,False,False,False,True
OP_02135,CLIENT_0289,PERSONNE MORALE,COMPAGNIE_07,POLICE_00352,5,ASSURANCE SANTE,ASSURANCE MALADIE GROUPE,INCORPORATION,2026-02-05,2026-04-26,2026-02-12,2026-03-19,2026-03-19,,61300,0,0,7300,68700,10,6100,0,0,2026,2026-02,,DATE DE PAIEMENT NON RENSEIGNEE,OK,2,2026Q1,80.0,,False,False,False,False
OP_02136,CLIENT_0387,PERSONNE PHYSIQUE,COMPAGNIE_04,POLICE_00507,18,AUTOMOBILE,MONO AUTO,RENOUVELLEMENT,2026-02-12,2027-02-11,2026-02-12,2026-02-12,2026-02-12,2026-05-15,49200,40900,5100,2100,56400,15,7400,0,0,2026,2026-02,92.0,DATE DE PAIEMENT RENSEIGNEE,OK,2,2026Q1,364.0,92.0,False,False,False,True
OP_02137,CLIENT_0678,PERSONNE PHYSIQUE,COMPAGNIE_02,POLICE_00990,1,AUTOMOBILE,MONO AUTO,PROROGATION,2025-12-21,2026-07-20,2026-02-12,2026-02-12,2026-02-12,2026-02-12,103100,0,10300,0,113400,15,15500,0,0,2026,2026-02,0.0,DATE DE PAIEMENT RENSEIGNEE,OK,2,2026Q1,211.0,0.0,False,False,False,True
OP_02138,CLIENT_0527,PERSONNE PHYSIQUE,COMPAGNIE_08,POLICE_00714,0,RETRAITE COMPLEMENTAIRE,ASSURANCE DE PERSONNES,RÉGULARISATION,2024-11-10,2046-11-09,2026-02-13,2026-02-13,2026-02-13,,5200,0,0,0,5200,10,500,0,0,2026,2026-02,,DATE DE PAIEMENT NON RENSEIGNEE,OK,2,2026Q1,8034.0,,False,False,False,False
OP_02139,CLIENT_0112,PERSONNE PHYSIQUE,COMPAGNIE_01,POLICE_01201,8,AUTOMOBILE,MONO AUTO,RENOUVELLEMENT,2026-02-16,2027-02-15,2026-02-14,2026-02-14,2026-02-14,2026-03-04,222000,0,22700,5000,249700,15,33300,0,0,2026,2026-02,18.0,DATE DE PAIEMENT RENSEIGNEE,OK,2,2026Q1,364.0,18.0,False,False,False,True
OP_02140,CLIENT_0342,PERSONNE PHYSIQUE,COMPAGNIE_01,POLICE_01072,4,AUTOMOBILE,MONO AUTO,RENOUVELLEMENT,2026-02-14,2026-05-13,2026-02-14,2026-02-14,2026-02-14,2026-03-04,18900,0,2400,5300,26600,15,2800,0,0,2026,2026-02,18.0,DATE DE PAIEMENT RENSEIGNEE,OK,2,2026Q1,88.0,18.0,False,False,False,True
OP_02141,CLIENT_0072,PERSONNE PHYSIQUE,COMPAGNIE_05,POLICE_01203,0,AUTOMOBILE,MONO AUTO,AFFAIRE NOUVELLE,2026-02-15,2027-02-14,2026-02-15,2026-02-15,2026-02-15,,72500,67700,9200,3800,85500,15,10900,0,0,2026,2026-02,,DATE DE PAIEMENT NON RENSEIGNEE,OK,2,2026Q1,364.0,,False,False,False,False
OP_02142,CLIENT_0734,PERSONNE PHYSIQUE,COMPAGNIE_09,POLICE_01212,1,AUTOMOBILE,MONO AUTO,PROROGATION,2026-02-16,2026-11-15,2026-02-15,2026-02-15,2026-02-15,2026-03-14,33900,39900,3400,0,37300,15,5100,0,0,2026,2026-02,27.0,DATE DE PAIEMENT RENSEIGNEE,OK,2,2026Q1,272.0,27.0,False,False,False,True
OP_02143,CLIENT_0760,PERSONNE PHYSIQUE,COMPAGNIE_02,POLICE_01169,0,TRAVEL ASSURANCE,0,RENOUVELLEMENT,2026-03-16,2026-04-15,2026-02-16,2026-02-16,2026-02-16,2026-03-15,15800,0,1900,0,17700,10,1600,0,0,2026,2026-02,27.0,DATE DE PAIEMENT RENSEIGNEE,OK,2,2026Q1,30.0,27.0,False,False,False,True
OP_02144,CLIENT_0061,PERSONNE PHYSIQUE,COMPAGNIE_02,POLICE_00061,9,AUTOMOBILE,MONO AUTO,RENOUVELLEMENT,2026-02-26,2026-05-25,2026-02-19,2026-02-19,2026-02-19,2026-03-20,45500,16100,4800,2600,53000,15,6800,0,0,2026,2026-02,29.0,DATE DE PAIEMENT RENSEIGNEE,OK,2,2026Q1,88.0,29.0,False,False,False,True
OP_02145,CLIENT_0297,PERSONNE PHYSIQUE,COMPAGNIE_03,POLICE_00361,11,AUTOMOBILE,MONO AUTO,PROROGATION,2026-02-21,2026-05-21,2026-02-19,2026-02-19,2026-02-19,2026-02-28,12600,12200,1400,1200,15200,15,1900,0,0,2026,2026-02,9.0,DATE DE PAIEMENT RENSEIGNEE,OK,2,2026Q1,89.0,9.0,False,False,False,True
OP_02146,CLIENT_0772,PERSONNE PHYSIQUE,COMPAGNIE_03,POLICE_00586,1,AUTOMOBILE,MONO AUTO,RENOUVELLEMENT,2026-02-19,2027-02-18,2026-02-19,2026-02-19,2026-02-19,2026-03-14,47900,47000,5300,5100,58200,15,7200,0,0,2026,2026-02,23.0,DATE DE PAIEMENT RENSEIGNEE,OK,2,2026Q1,364.0,23.0,False,False,False,True
OP_02147,CLIENT_0039,PERSONNE MORALE,COMPAGNIE_09,POLICE_00953,2,ASSURANCE SANTE,ASSURANCE MALADIE GROUPE,INCORPORATION,,,2026-02-20,2026-02-20,2026-02-20,,0,0,0,0,0,10,0,0,0,2026,2026-02,,DATE DE PAIEMENT NON RENSEIGNEE,OK,2,2026Q1,,,False,False,False,False
OP_02148,CLIENT_0039,PERSONNE MORALE,COMPAGNIE_09,POLICE_00953,2,ASSURANCE SANTE,ASSURANCE MALADIE GROUPE,INCORPORATION,,,2026-02-20,2026-02-20,2026-02-20,,0,0,0,0,0,10,0,0,0,2026,2026-02,,DATE DE PAIEMENT NON RENSEIGNEE,OK,2,2026Q1,,,False,False,False,False
OP_02149,CLIENT_0289,PERSONNE MORALE,COMPAGNIE_07,POLICE_00551,2,AUTOMOBILE,FLOTTE AUTOMOBILE,INCORPORATION,2026-02-19,2026-08-16,2026-02-20,2026-03-19,2026-03-19,,184500,42200,19000,5400,208800,15,27700,0,0,2026,2026-02,,DATE DE PAIEMENT NON RENSEIGNEE,OK,2,2026Q1,178.0,,False,False,False,False
OP_02150,CLIENT_0444,PERSONNE MORALE,COMPAGNIE_01,POLICE_01230,1,AUTOMOBILE,MONO AUTO,RENOUVELLEMENT,2026-02-17,2027-02-16,2026-02-20,2026-02-26,2026-02-26,2026-05-30,560200,0,56500,4600,621300,15,84000,0,0,2026,2026-02,93.0,DATE DE PAIEMENT RENSEIGNEE,OK,2,2026Q1,364.0,93.0,False,False,False,True
OP_02151,CLIENT_0761,PERSONNE PHYSIQUE,COMPAGNIE_02,POLICE_01210,0,TRAVEL ASSURANCE,0,RENOUVELLEMENT,2026-03-20,2026-04-19,2026-02-20,2026-02-20,2026-02-20,2026-03-19,20200,0,2400,0,22600,10,2000,0,0,2026,2026-02,27.0,DATE DE PAIEMENT RENSEIGNEE,OK,2,2026Q1,30.0,27.0,False,False,False,True
OP_02152,CLIENT_0778,PERSONNE PHYSIQUE,COMPAGNIE_06,POLICE_01228,0,AUTOMOBILE,MONO AUTO,AFFAIRE NOUVELLE,2026-02-06,,2026-02-20,2026-02-20,2026-02-20,2026-02-20,43400,0,4900,5400,53700,15,6500,0,0,2026,2026-02,0.0,DATE DE PAIEMENT RENSEIGNEE,OK,2,2026Q1,,0.0,False,False,False,True
OP_02153,CLIENT_0070,PERSONNE PHYSIQUE,COMPAGNIE_03,POLICE_01022,1,AUTOMOBILE,MONO AUTO,RENOUVELLEMENT,2026-02-21,2026-08-20,2026-02-21,2026-02-21,2026-02-21,2026-03-13,24200,23900,2500,900,27600,15,3600,0,0,2026,2026-02,20.0,DATE DE PAIEMENT RENSEIGNEE,OK,2,2026Q1,180.0,20.0,False,False,False,True
OP_02154,CLIENT_0135,PERSONNE PHYSIQUE,COMPAGNIE_03,POLICE_00154,2,AUTOMOBILE,MONO AUTO,RENOUVELLEMENT,2026-02-25,2027-02-24,2026-02-21,2026-02-21,2026-02-21,2026-03-06,189300,78900,19300,3200,211800,15,28400,0,0,2026,2026-02,13.0,DATE DE PAIEMENT RENSEIGNEE,OK,2,2026Q1,364.0,13.0,False,False,False,True
OP_02155,CLIENT_0304,PERSONNE PHYSIQUE,COMPAGNIE_03,POLICE_00370,8,AUTOMOBILE,MONO AUTO,PROROGATION,2026-02-20,2026-08-22,2026-02-21,2026-02-21,2026-02-21,2026-02-23,31700,31300,3300,1100,36100,15,4800,0,0,2026,2026-02,2.0,DATE DE PAIEMENT RENSEIGNEE,OK,2,2026Q1,183.0,2.0,False,False,False,True
OP_02156,CLIENT_0355,PERSONNE PHYSIQUE,COMPAGNIE_03,POLICE_00867,4,AUTOMOBILE,MONO AUTO,RENOUVELLEMENT,2026-02-23,2026-08-23,2026-02-23,2026-02-23,2026-02-23,2026-03-16,19500,19100,2400,4700,26700,15,2900,0,0,2026,2026-02,21.0,DATE DE PAIEMENT RENSEIGNEE,OK,2,2026Q1,181.0,21.0,False,False,False,True
OP_02157,CLIENT_0101,PERSONNE PHYSIQUE,COMPAGNIE_02,POLICE_00112,9,AUTOMOBILE,MONO AUTO,PROROGATION,2026-02-25,2026-08-27,2026-02-24,2026-02-24,2026-02-24,2026-04-01,64100,24700,6400,0,70500,15,9600,0,0,2026,2026-02,36.0,DATE DE PAIEMENT RENSEIGNEE,OK,2,2026Q1,183.0,36.0,False,False,False,True
OP_02158,CLIENT_0116,PERSONNE PHYSIQUE,COMPAGNIE_03,POLICE_01234,1,AUTOMOBILE,MONO AUTO,RENOUVELLEMENT,2026-02-24,2026-05-26,2026-02-24,2026-02-24,2026-02-24,2026-07-15,12900,12700,1600,2700,17100,15,1900,0,0,2026,2026-02,141.0,DATE DE PAIEMENT RENSEIGNEE,OK,2,2026Q1,91.0,141.0,False,False,False,True
OP_02159,CLIENT_0268,PERSONNE PHYSIQUE,COMPAGNIE_12,POLICE_01237,0,ASSURANCE RENTE EDUCATION,0,AFFAIRE NOUVELLE,2025-11-17,2025-12-17,2026-02-25,2026-02-25,2026-02-25,2026-02-25,13600,0,0,0,13600,24,3300,0,0,2026,2026-02,0.0,DATE DE PAIEMENT RENSEIGNEE,OK,2,2026Q1,30.0,0.0,False,False,False,True
OP_02160,CLIENT_0268,PERSONNE PHYSIQUE,COMPAGNIE_12,POLICE_01238,0,ASSURANCE RENTE EDUCATION,0,AFFAIRE NOUVELLE,2025-11-17,2025-12-17,2026-02-25,2026-02-25,2026-02-25,2026-02-25,18300,0,0,0,18300,19,3500,0,0,2026,2026-02,0.0,DATE DE PAIEMENT RENSEIGNEE,OK,2,2026Q1,30.0,0.0,False,False,False,True
OP_02161,CLIENT_0394,PERSONNE PHYSIQUE,COMPAGNIE_04,POLICE_00515,3,AUTOMOBILE,MONO AUTO,RENOUVELLEMENT,2026-02-24,2026-08-23,2026-02-25,2026-02-25,2026-02-25,2026-06-09,38700,35700,4100,2300,45100,15,5800,0,0,2026,2026-02,104.0,DATE DE PAIEMENT RENSEIGNEE,OK,2,2026Q1,180.0,104.0,False,False,False,True
OP_02162,CLIENT_0707,PERSONNE PHYSIQUE,COMPAGNIE_03,POLICE_01039,2,AUTOMOBILE,MONO AUTO,RENOUVELLEMENT,2026-02-25,2026-05-25,2026-02-25,2026-02-25,2026-02-25,2026-07-23,16200,15900,1700,1100,19000,15,2400,0,0,2026,2026-02,148.0,DATE DE PAIEMENT RENSEIGNEE,OK,2,2026Q1,89.0,148.0,False,False,False,True
OP_02163,CLIENT_0777,PERSONNE PHYSIQUE,COMPAGNIE_03,POLICE_01218,0,AUTOMOBILE,MONO AUTO,AFFAIRE NOUVELLE,2026-02-23,2026-05-22,2026-02-25,2026-02-25,2026-02-25,2026-03-06,13300,13100,1900,5700,20900,15,2000,0,0,2026,2026-02,9.0,DATE DE PAIEMENT RENSEIGNEE,OK,2,2026Q1,88.0,9.0,False,False,False,True
OP_02164,CLIENT_0075,PERSONNE PHYSIQUE,COMPAGNIE_01,POLICE_01235,2,AUTOMOBILE,MONO AUTO,RENOUVELLEMENT,2026-02-26,2027-02-25,2026-02-26,2026-02-26,2026-02-26,2026-03-15,220900,0,22600,5500,249100,15,33100,0,0,2026,2026-02,17.0,DATE DE PAIEMENT RENSEIGNEE,OK,2,2026Q1,364.0,17.0,False,False,False,True
OP_02165,CLIENT_0141,PERSONNE PHYSIQUE,COMPAGNIE_01,POLICE_01227,7,AUTOMOBILE,MONO AUTO,RENOUVELLEMENT,2026-02-25,2026-08-27,2026-02-26,2026-07-11,2026-07-11,,32700,0,3700,4500,40900,15,4900,0,0,2026,2026-02,,DATE DE PAIEMENT NON RENSEIGNEE,OK,2,2026Q1,183.0,,False,False,False,False
OP_02166,CLIENT_0176,PERSONNE PHYSIQUE,COMPAGNIE_01,POLICE_01232,5,AUTOMOBILE,MONO AUTO,RENOUVELLEMENT,2026-03-04,2027-03-03,2026-02-26,2026-02-26,2026-02-26,2026-03-16,41300,0,4600,4800,50700,15,6200,0,0,2026,2026-02,18.0,DATE DE PAIEMENT RENSEIGNEE,OK,2,2026Q1,364.0,18.0,False,False,False,True
OP_02167,CLIENT_0776,PERSONNE PHYSIQUE,COMPAGNIE_09,POLICE_01214,0,AUTOMOBILE,MONO AUTO,AFFAIRE NOUVELLE,2026-02-26,2026-08-27,2026-02-26,2026-02-26,2026-02-26,2026-03-19,19100,23100,2200,2500,23700,15,2900,0,0,2026,2026-02,21.0,DATE DE PAIEMENT RENSEIGNEE,OK,2,2026Q1,182.0,21.0,False,False,False,True
OP_02168,CLIENT_0157,PERSONNE MORALE,COMPAGNIE_09,POLICE_01155,6,AUTOMOBILE,FLOTTE AUTOMOBILE,INCORPORATION,2026-02-27,2026-12-17,2026-02-27,2026-05-19,2026-05-19,,164700,57900,20100,2700,187500,15,24700,0,0,2026,2026-02,,DATE DE PAIEMENT NON RENSEIGNEE,OK,2,2026Q1,293.0,,False,False,False,False
OP_02169,CLIENT_0620,PERSONNE PHYSIQUE,COMPAGNIE_03,POLICE_00896,4,AUTOMOBILE,MONO AUTO,RENOUVELLEMENT,2026-03-03,2026-06-01,2026-02-27,2026-02-27,2026-02-27,2026-07-16,12200,12000,1700,5200,19200,15,1800,0,0,2026,2026-02,139.0,DATE DE PAIEMENT RENSEIGNEE,OK,2,2026Q1,90.0,139.0,False,False,False,True
OP_02170,CLIENT_0704,PERSONNE PHYSIQUE,COMPAGNIE_03,POLICE_01034,1,AUTOMOBILE,MONO AUTO,PROROGATION,2026-02-28,2026-08-27,2026-02-27,2026-02-27,2026-02-27,2026-03-07,52100,51400,6400,1100,59600,15,7800,0,0,2026,2026-02,8.0,DATE DE PAIEMENT RENSEIGNEE,OK,2,2026Q1,180.0,8.0,False,False,False,True
OP_02171,CLIENT_0111,PERSONNE MORALE,COMPAGNIE_06,POLICE_01081,1,AUTOMOBILE,MONO AUTO,RENOUVELLEMENT,2026-02-27,2026-08-26,2026-02-28,2026-03-20,2026-03-20,2026-04-16,75400,72800,9700,5000,90100,15,11300,0,0,2026,2026-02,27.0,DATE DE PAIEMENT RENSEIGNEE,OK,2,2026Q1,180.0,27.0,False,False,False,True
OP_02172,CLIENT_0387,PERSONNE PHYSIQUE,COMPAGNIE_05,POLICE_01236,0,AUTOMOBILE,MONO AUTO,AFFAIRE NOUVELLE,2026-02-28,2027-02-27,2026-02-28,2026-02-28,2026-02-28,,587200,44900,59200,4900,651300,15,88100,0,0,2026,2026-02,,DATE DE PAIEMENT NON RENSEIGNEE,OK,2,2026Q1,364.0,,False,False,False,False
OP_02173,CLIENT_0125,PERSONNE PHYSIQUE,COMPAGNIE_03,POLICE_00143,5,AUTOMOBILE,MONO AUTO,RENOUVELLEMENT,2026-03-01,2027-02-28,2026-03-01,2026-03-01,2026-03-01,2026-03-15,60000,59100,6500,5300,71800,15,9000,0,0,2026,2026-03,14.0,DATE DE PAIEMENT RENSEIGNEE,OK,3,2026Q1,364.0,14.0,False,False,False,True
OP_02174,CLIENT_0268,PERSONNE PHYSIQUE,COMPAGNIE_12,POLICE_01237,1,ASSURANCE RENTE EDUCATION,0,RENOUVELLEMENT,2025-12-18,2026-01-17,2026-03-02,2026-03-02,2026-03-02,2026-03-02,18400,0,0,0,18400,24,4400,0,0,2026,2026-03,0.0,DATE DE PAIEMENT RENSEIGNEE,OK,3,2026Q1,30.0,0.0,False,False,False,True
OP_02175,CLIENT_0268,PERSONNE PHYSIQUE,COMPAGNIE_12,POLICE_01238,1,ASSURANCE RENTE EDUCATION,0,RENOUVELLEMENT,2025-12-18,2026-01-17,2026-03-02,2026-03-02,2026-03-02,2026-03-02,23300,0,0,0,23300,19,4400,0,0,2026,2026-03,0.0,DATE DE PAIEMENT RENSEIGNEE,OK,3,2026Q1,30.0,0.0,False,False,False,True
OP_02176,CLIENT_0507,PERSONNE PHYSIQUE,COMPAGNIE_02,POLICE_01213,0,TRAVEL ASSURANCE,0,AFFAIRE NOUVELLE,2026-03-05,2026-03-13,2026-03-02,2026-03-02,2026-03-02,2026-03-23,6400,0,1300,4600,12400,10,600,0,0,2026,2026-03,21.0,DATE DE PAIEMENT RENSEIGNEE,OK,3,2026Q1,8.0,21.0,False,False,False,True
OP_02177,CLIENT_0029,PERSONNE PHYSIQUE,COMPAGNIE_01,POLICE_01215,6,AUTOMOBILE,MONO AUTO,RENOUVELLEMENT,2026-03-04,2026-07-31,2026-03-04,2026-03-04,2026-03-04,2026-04-09,23600,0,2900,5300,31800,15,3500,0,0,2026,2026-03,36.0,DATE DE PAIEMENT RENSEIGNEE,OK,3,2026Q1,149.0,36.0,False,False,False,True
OP_02178,CLIENT_0153,PERSONNE PHYSIQUE,COMPAGNIE_06,POLICE_00179,5,AUTOMOBILE,MONO AUTO,RENOUVELLEMENT,2026-03-04,2027-03-03,2026-03-04,2026-03-04,2026-03-04,2026-04-08,245100,57800,25000,5200,275400,15,36800,0,0,2026,2026-03,35.0,DATE DE PAIEMENT RENSEIGNEE,OK,3,2026Q1,364.0,35.0,False,False,False,True
OP_02179,CLIENT_0157,PERSONNE MORALE,COMPAGNIE_09,POLICE_01224,0,ASSURANCE CAUTION,DOMMAGES AUX BIENS,AFFAIRE NOUVELLE,2026-02-19,2027-02-18,2026-03-05,2026-03-31,2026-03-31,2026-03-31,23000,0,5000,18700,46700,10,2300,0,0,2026,2026-03,0.0,DATE DE PAIEMENT RENSEIGNEE,OK,3,2026Q1,364.0,0.0,False,False,False,True
OP_02180,CLIENT_0157,PERSONNE MORALE,COMPAGNIE_09,POLICE_01224,0,ASSURANCE CAUTION,DOMMAGES AUX BIENS,AFFAIRE NOUVELLE,2026-02-19,2026-12-16,2026-03-05,2026-03-31,2026-03-31,2026-03-31,4331100,0,745900,10000,5087100,10,433100,0,0,2026,2026-03,0.0,DATE DE PAIEMENT RENSEIGNEE,OK,3,2026Q1,300.0,0.0,False,False,False,True
OP_02181,CLIENT_0157,PERSONNE MORALE,COMPAGNIE_01,POLICE_01245,0,TOUS RISQUES CHANTIER,DOMMAGES AUX BIENS,AFFAIRE NOUVELLE,2025-12-15,2027-06-14,2026-03-05,2026-03-05,2026-03-05,2026-03-13,3042900,0,365700,4600,3413200,17,517300,0,0,2026,2026-03,8.0,DATE DE PAIEMENT RENSEIGNEE,OK,3,2026Q1,546.0,8.0,False,False,False,True
OP_02182,CLIENT_0446,PERSONNE PHYSIQUE,COMPAGNIE_01,POLICE_01225,4,AUTOMOBILE,MONO AUTO,PROROGATION,2026-03-02,2026-08-29,2026-03-06,2026-03-06,2026-03-06,2026-03-31,26900,0,2700,0,29600,15,4000,0,0,2026,2026-03,25.0,DATE DE PAIEMENT RENSEIGNEE,OK,3,2026Q1,180.0,25.0,False,False,False,True
OP_02183,CLIENT_0059,PERSONNE PHYSIQUE,COMPAGNIE_09,POLICE_01242,0,AUTOMOBILE,MONO AUTO,AFFAIRE NOUVELLE,2026-03-05,2026-06-04,2026-03-07,2026-03-07,2026-03-07,,80700,159100,10000,2500,93200,15,12100,0,0,2026,2026-03,,DATE DE PAIEMENT NON RENSEIGNEE,OK,3,2026Q1,91.0,,False,False,False,False
OP_02184,CLIENT_0352,PERSONNE PHYSIQUE,COMPAGNIE_03,POLICE_00520,3,AUTOMOBILE,MONO AUTO,RENOUVELLEMENT,2026-03-08,2026-09-07,2026-03-07,2026-03-07,2026-03-07,2026-08-01,29800,29400,3300,3000,36100,15,4500,0,0,2026,2026-03,147.0,DATE DE PAIEMENT RENSEIGNEE,OK,3,2026Q1,183.0,147.0,False,False,False,True
OP_02185,CLIENT_0072,PERSONNE PHYSIQUE,COMPAGNIE_03,POLICE_00868,1,AUTOMOBILE,MONO AUTO,RENOUVELLEMENT,2026-03-08,2027-03-07,2026-03-08,2026-03-08,2026-03-08,2026-03-17,129000,127600,15900,3900,148900,15,19300,0,0,2026,2026-03,9.0,DATE DE PAIEMENT RENSEIGNEE,OK,3,2026Q1,364.0,9.0,False,False,False,True
OP_02186,CLIENT_0143,PERSONNE PHYSIQUE,COMPAGNIE_01,POLICE_01223,8,AUTOMOBILE,MONO AUTO,RENOUVELLEMENT,2026-03-08,2026-06-04,2026-03-08,2026-03-08,2026-03-08,2026-04-08,12000,0,1700,4600,18200,15,1800,0,0,2026,2026-03,31.0,DATE DE PAIEMENT RENSEIGNEE,OK,3,2026Q1,88.0,31.0,False,False,False,True
OP_02187,CLIENT_0208,PERSONNE PHYSIQUE,COMPAGNIE_04,POLICE_00244,6,AUTOMOBILE,MONO AUTO,RENOUVELLEMENT,2026-04-08,2027-04-07,2026-03-08,2026-03-08,2026-03-08,2026-06-01,49700,42500,5300,3400,58500,15,7500,0,0,2026,2026-03,85.0,DATE DE PAIEMENT RENSEIGNEE,OK,3,2026Q1,364.0,85.0,False,False,False,True
OP_02188,CLIENT_0233,PERSONNE PHYSIQUE,COMPAGNIE_02,POLICE_00283,12,AUTOMOBILE,MONO AUTO,RENOUVELLEMENT,2026-03-08,2026-09-07,2026-03-08,2026-03-08,2026-03-08,2026-04-04,28300,25900,3100,2700,34100,15,4200,0,0,2026,2026-03,27.0,DATE DE PAIEMENT RENSEIGNEE,OK,3,2026Q1,183.0,27.0,False,False,False,True
OP_02189,CLIENT_0674,PERSONNE PHYSIQUE,COMPAGNIE_01,POLICE_01231,2,AUTOMOBILE,MONO AUTO,RENOUVELLEMENT,2026-03-04,2027-03-03,2026-03-08,2026-03-08,2026-03-08,2026-03-26,113500,0,11800,4600,129900,15,17000,0,0,2026,2026-03,18.0,DATE DE PAIEMENT RENSEIGNEE,OK,3,2026Q1,364.0,18.0,False,False,False,True
OP_02190,CLIENT_0007,PERSONNE PHYSIQUE,COMPAGNIE_03,POLICE_00007,6,AUTOMOBILE,MONO AUTO,RENOUVELLEMENT,2026-03-09,2026-09-05,2026-03-09,2026-03-09,2026-03-09,2026-08-03,24200,23400,2600,2000,28900,15,3600,0,0,2026,2026-03,147.0,DATE DE PAIEMENT RENSEIGNEE,OK,3,2026Q1,180.0,147.0,False,False,False,True
OP_02191,CLIENT_0043,PERSONNE MORALE,COMPAGNIE_03,POLICE_00897,0,ASSURANCE SANTE,ASSURANCE MALADIE GROUPE,RENOUVELLEMENT,2026-01-25,2027-01-24,2026-03-09,2026-07-21,2026-07-21,2026-07-21,108077000,0,0,2442300,110519200,10,10807700,0,0,2026,2026-03,0.0,DATE DE PAIEMENT RENSEIGNEE,OK,3,2026Q1,364.0,0.0,False,False,False,True
OP_02192,CLIENT_0130,PERSONNE PHYSIQUE,COMPAGNIE_01,POLICE_01222,3,AUTOMOBILE,MONO AUTO,RENOUVELLEMENT,2026-03-09,2026-09-05,2026-03-09,2026-03-10,2026-03-10,2026-04-10,31600,0,3200,0,34800,15,4700,0,0,2026,2026-03,31.0,DATE DE PAIEMENT RENSEIGNEE,OK,3,2026Q1,180.0,31.0,False,False,False,True
OP_02193,CLIENT_0318,PERSONNE MORALE,COMPAGNIE_01,POLICE_01240,0,TOUS RISQUES CHANTIER,DOMMAGES AUX BIENS,AFFAIRE NOUVELLE,2026-03-09,2026-06-08,2026-03-09,2026-03-12,2026-03-12,2026-03-23,94400,0,11900,4700,111000,15,14200,0,0,2026,2026-03,11.0,DATE DE PAIEMENT RENSEIGNEE,OK,3,2026Q1,91.0,11.0,False,False,False,True
OP_02194,CLIENT_0050,PERSONNE MORALE,COMPAGNIE_06,POLICE_00050,226,AUTOMOBILE,FLOTTE AUTOMOBILE,INCORPORATION,2026-02-08,,2026-03-10,2026-03-10,2026-03-10,2026-03-10,29100,0,3000,900,33000,15,4400,0,0,2026,2026-03,0.0,DATE DE PAIEMENT RENSEIGNEE,OK,3,2026Q1,,0.0,False,False,False,True
OP_02195,CLIENT_0146,PERSONNE PHYSIQUE,COMPAGNIE_03,POLICE_00878,1,AUTOMOBILE,MONO AUTO,RENOUVELLEMENT,2026-03-09,2026-09-05,2026-03-10,2026-03-10,2026-03-10,2026-03-18,30900,30400,3500,3700,38000,15,4600,0,0,2026,2026-03,8.0,DATE DE PAIEMENT RENSEIGNEE,OK,3,2026Q1,180.0,8.0,False,False,False,True
OP_02196,CLIENT_0156,PERSONNE PHYSIQUE,COMPAGNIE_03,POLICE_00183,5,AUTOMOBILE,MONO AUTO,RENOUVELLEMENT,2026-03-10,2026-09-09,2026-03-10,2026-03-10,2026-03-10,2026-07-21,24500,24100,2600,1000,28100,15,3700,0,0,2026,2026-03,133.0,DATE DE PAIEMENT RENSEIGNEE,OK,3,2026Q1,183.0,133.0,False,False,False,True
OP_02197,CLIENT_0170,PERSONNE PHYSIQUE,COMPAGNIE_03,POLICE_00201,5,AUTOMOBILE,MONO AUTO,RENOUVELLEMENT,2026-03-14,2026-09-10,2026-03-11,2026-03-11,2026-03-11,2026-07-27,25500,25200,2900,3100,31500,15,3800,0,0,2026,2026-03,138.0,DATE DE PAIEMENT RENSEIGNEE,OK,3,2026Q1,180.0,138.0,False,False,False,True
OP_02198,CLIENT_0490,PERSONNE PHYSIQUE,COMPAGNIE_05,POLICE_01226,0,AUTOMOBILE,MONO AUTO,AFFAIRE NOUVELLE,2026-03-07,2026-09-03,2026-03-11,2026-03-11,2026-03-11,,80300,23900,8500,5100,93900,15,12000,0,0,2026,2026-03,,DATE DE PAIEMENT NON RENSEIGNEE,OK,3,2026Q1,180.0,,False,False,False,False
OP_02199,CLIENT_0225,PERSONNE PHYSIQUE,COMPAGNIE_03,POLICE_01255,0,AUTOMOBILE,MONO AUTO,AFFAIRE NOUVELLE,2026-03-12,2026-09-11,2026-03-12,2026-03-12,2026-03-12,2026-07-14,41800,41400,4600,3900,50300,15,6300,0,0,2026,2026-03,124.0,DATE DE PAIEMENT RENSEIGNEE,OK,3,2026Q1,183.0,124.0,False,False,False,True
OP_02200,CLIENT_0157,PERSONNE MORALE,COMPAGNIE_09,POLICE_01155,7,AUTOMOBILE,FLOTTE AUTOMOBILE,INCORPORATION,2026-03-13,2026-12-17,2026-03-13,2026-06-02,2026-06-02,2026-06-02,392100,217600,47500,3400,443000,15,58800,0,0,2026,2026-03,0.0,DATE DE PAIEMENT RENSEIGNEE,OK,3,2026Q1,279.0,0.0,False,False,False,True
OP_02201,CLIENT_0525,PERSONNE PHYSIQUE,COMPAGNIE_01,POLICE_01239,2,RC CHEF D'ENTREPRISE,RESPONSABILITE,RENOUVELLEMENT,2026-03-14,2027-03-13,2026-03-13,2026-03-16,2026-03-16,2026-03-27,103600,0,13100,5200,121800,17,17600,0,0,2026,2026-03,11.0,DATE DE PAIEMENT RENSEIGNEE,OK,3,2026Q1,364.0,11.0,False,False,False,True
OP_02202,CLIENT_0037,PERSONNE PHYSIQUE,COMPAGNIE_03,POLICE_00899,1,AUTOMOBILE,MONO AUTO,RENOUVELLEMENT,2026-03-15,2027-03-14,2026-03-14,2026-03-14,2026-03-14,2026-07-31,226500,63500,23100,4500,254100,15,34000,0,0,2026,2026-03,139.0,DATE DE PAIEMENT RENSEIGNEE,OK,3,2026Q1,364.0,139.0,False,False,False,True
OP_02203,CLIENT_0781,PERSONNE PHYSIQUE,COMPAGNIE_03,POLICE_01244,0,AUTOMOBILE,MONO AUTO,AFFAIRE NOUVELLE,2026-03-18,2027-03-17,2026-03-15,2026-03-15,2026-03-15,2026-07-24,61400,60500,6700,5400,73500,15,9200,0,0,2026,2026-03,131.0,DATE DE PAIEMENT RENSEIGNEE,OK,3,2026Q1,364.0,131.0,False,False,False,True
OP_02204,CLIENT_0785,PERSONNE PHYSIQUE,COMPAGNIE_03,POLICE_01253,0,AUTOMOBILE,MONO AUTO,AFFAIRE NOUVELLE,2026-03-15,2026-06-14,2026-03-16,2026-03-16,2026-03-16,2026-07-18,16500,16300,2100,4300,22900,15,2500,0,0,2026,2026-03,124.0,DATE DE PAIEMENT RENSEIGNEE,OK,3,2026Q1,91.0,124.0,False,False,False,True
OP_02205,CLIENT_0009,PERSONNE PHYSIQUE,COMPAGNIE_04,POLICE_00009,9,AUTOMOBILE,MONO AUTO,RENOUVELLEMENT,2026-03-17,2026-06-16,2026-03-17,2026-03-17,2026-03-17,2026-05-13,11900,11400,1500,3000,16400,15,1800,0,0,2026,2026-03,57.0,DATE DE PAIEMENT RENSEIGNEE,OK,3,2026Q1,91.0,57.0,False,False,False,True
OP_02206,CLIENT_0051,PERSONNE MORALE,COMPAGNIE_07,POLICE_01229,0,ASSURANCE SANTE,ASSURANCE MALADIE GROUPE,RENOUVELLEMENT,,2027-02-12,2026-03-17,2026-04-27,2026-04-27,,2996800,0,0,60300,3057100,10,299700,0,0,2026,2026-03,,DATE DE PAIEMENT NON RENSEIGNEE,DATE_INVALIDE,3,2026Q1,,,False,False,False,False
OP_02207,CLIENT_0138,PERSONNE PHYSIQUE,COMPAGNIE_03,POLICE_00157,3,AUTOMOBILE,MONO AUTO,RENOUVELLEMENT,2026-03-17,2027-03-16,2026-03-17,2026-03-17,2026-03-17,2026-07-20,46800,45600,4800,1100,52700,15,7000,0,0,2026,2026-03,125.0,DATE DE PAIEMENT RENSEIGNEE,OK,3,2026Q1,364.0,125.0,False,False,False,True
OP_02208,CLIENT_0780,PERSONNE PHYSIQUE,COMPAGNIE_03,POLICE_00461,0,AUTOMOBILE,MONO AUTO,AFFAIRE NOUVELLE,2026-03-17,2026-09-16,2026-03-17,2026-03-17,2026-03-17,2026-08-04,21200,122700,2600,4900,28600,15,3200,0,0,2026,2026-03,140.0,DATE DE PAIEMENT RENSEIGNEE,OK,3,2026Q1,183.0,140.0,False,False,False,True
OP_02209,CLIENT_0779,PERSONNE PHYSIQUE,COMPAGNIE_05,POLICE_01233,0,AUTOMOBILE,MONO AUTO,AFFAIRE NOUVELLE,2026-03-19,2027-03-18,2026-03-18,2026-04-13,2026-03-18,,52400,47600,5600,3600,61700,15,7900,0,0,2026,2026-03,,DATE DE PAIEMENT NON RENSEIGNEE,OK,3,2026Q1,364.0,,False,False,False,False
OP_02210,CLIENT_0216,PERSONNE PHYSIQUE,COMPAGNIE_01,POLICE_01257,3,AUTOMOBILE,MONO AUTO,RENOUVELLEMENT,2026-03-23,2027-03-22,2026-03-19,2026-03-19,2026-03-19,2026-04-26,207300,0,21200,4400,232900,15,31100,0,0,2026,2026-03,38.0,DATE DE PAIEMENT RENSEIGNEE,OK,3,2026Q1,364.0,38.0,False,False,False,True
OP_02211,CLIENT_0359,PERSONNE PHYSIQUE,COMPAGNIE_09,POLICE_01250,0,AUTOMOBILE,MONO AUTO,AFFAIRE NOUVELLE,2026-03-29,2027-03-28,2026-03-19,2026-03-19,2026-03-19,,58800,75000,6100,2500,67400,15,8800,0,0,2026,2026-03,,DATE DE PAIEMENT NON RENSEIGNEE,OK,3,2026Q1,364.0,,False,False,False,False
OP_02212,CLIENT_0175,PERSONNE PHYSIQUE,COMPAGNIE_01,POLICE_01241,3,AUTOMOBILE,MONO AUTO,RENOUVELLEMENT,2026-03-21,2027-03-20,2026-03-21,2026-03-21,2026-03-21,2026-04-01,148400,0,15300,4500,168200,15,22300,0,0,2026,2026-03,11.0,DATE DE PAIEMENT RENSEIGNEE,OK,3,2026Q1,364.0,11.0,False,False,False,True
OP_02213,CLIENT_0354,PERSONNE PHYSIQUE,COMPAGNIE_03,POLICE_00615,3,AUTOMOBILE,MONO AUTO,RENOUVELLEMENT,2026-03-19,2026-09-16,2026-03-22,2026-03-22,2026-03-22,2026-07-20,17900,17600,1900,1100,20900,15,2700,0,0,2026,2026-03,120.0,DATE DE PAIEMENT RENSEIGNEE,OK,3,2026Q1,181.0,120.0,False,False,False,True
OP_02214,CLIENT_0784,PERSONNE PHYSIQUE,COMPAGNIE_09,POLICE_01251,0,AUTOMOBILE,MONO AUTO,AFFAIRE NOUVELLE,2026-03-21,2026-09-20,2026-03-22,2026-03-22,2026-03-22,,2900,34700,5400,51400,59600,15,400,0,0,2026,2026-03,,DATE DE PAIEMENT NON RENSEIGNEE,OK,3,2026Q1,183.0,,False,False,False,False
OP_02215,CLIENT_0624,PERSONNE PHYSIQUE,COMPAGNIE_01,POLICE_01248,2,AUTOMOBILE,MONO AUTO,RENOUVELLEMENT,2026-03-23,2026-09-22,2026-03-23,2026-03-23,2026-03-23,2026-05-05,57000,0,7400,4600,69000,15,8600,0,0,2026,2026-03,43.0,DATE DE PAIEMENT RENSEIGNEE,OK,3,2026Q1,183.0,43.0,False,False,False,True
OP_02216,CLIENT_0709,PERSONNE PHYSIQUE,COMPAGNIE_01,POLICE_01106,2,AUTOMOBILE,MONO AUTO,RENOUVELLEMENT,2026-02-23,2026-05-25,2026-03-23,2026-03-23,2026-03-23,2026-03-23,38000,0,5100,4800,48000,15,5700,0,0,2026,2026-03,0.0,DATE DE PAIEMENT RENSEIGNEE,OK,3,2026Q1,91.0,0.0,False,False,False,True
OP_02217,CLIENT_0783,PERSONNE PHYSIQUE,COMPAGNIE_01,POLICE_01247,0,AUTOMOBILE,MONO AUTO,AFFAIRE NOUVELLE,2026-03-23,2027-03-22,2026-03-23,2026-03-23,2026-03-23,2026-05-05,289100,0,29400,4700,323200,15,43400,0,0,2026,2026-03,43.0,DATE DE PAIEMENT RENSEIGNEE,OK,3,2026Q1,364.0,43.0,False,False,False,True
OP_02218,CLIENT_0482,PERSONNE PHYSIQUE,COMPAGNIE_01,POLICE_01249,4,AUTOMOBILE,MONO AUTO,PROROGATION,2026-03-25,2026-09-24,2026-03-24,2026-03-24,2026-03-24,2026-05-05,54000,0,5400,0,59400,15,8100,0,0,2026,2026-03,42.0,DATE DE PAIEMENT RENSEIGNEE,OK,3,2026Q1,183.0,42.0,False,False,False,True
OP_02219,CLIENT_0167,PERSONNE MORALE,COMPAGNIE_01,POLICE_01256,0,ASSURANCE CAUTION,DOMMAGES AUX BIENS,AFFAIRE NOUVELLE,2024-05-16,,2026-03-25,2026-03-25,2026-03-25,2026-03-25,16400,0,900,900,18200,10,1600,0,0,2026,2026-03,0.0,DATE DE PAIEMENT RENSEIGNEE,OK,3,2026Q1,,0.0,False,False,False,True
OP_02220,CLIENT_0431,PERSONNE PHYSIQUE,COMPAGNIE_02,POLICE_00590,10,AUTOMOBILE,MONO AUTO,RENOUVELLEMENT,2026-03-25,2026-09-24,2026-03-25,2026-03-25,2026-03-25,2026-04-23,96800,28500,9900,1900,108600,15,14500,0,0,2026,2026-03,29.0,DATE DE PAIEMENT RENSEIGNEE,OK,3,2026Q1,183.0,29.0,False,False,False,True
OP_02221,CLIENT_0782,PERSONNE MORALE,COMPAGNIE_04,POLICE_01246,0,AUTOMOBILE,MONO AUTO,AFFAIRE NOUVELLE,2026-03-25,2027-03-24,2026-03-25,2026-03-25,2026-03-25,2026-05-28,91300,90000,9500,3300,104100,15,13700,0,0,2026,2026-03,64.0,DATE DE PAIEMENT RENSEIGNEE,OK,3,2026Q1,364.0,64.0,False,False,False,True
OP_02222,CLIENT_0791,PERSONNE PHYSIQUE,COMPAGNIE_09,POLICE_01262,0,AUTOMOBILE,MONO AUTO,AFFAIRE NOUVELLE,2026-03-25,2027-03-24,2026-03-25,2026-03-25,2026-03-25,,319800,105700,32300,2800,354800,15,48000,0,0,2026,2026-03,,DATE DE PAIEMENT NON RENSEIGNEE,OK,3,2026Q1,364.0,,False,False,False,False
OP_02223,CLIENT_0369,PERSONNE PHYSIQUE,COMPAGNIE_04,POLICE_00478,13,AUTOMOBILE,MONO AUTO,RENOUVELLEMENT,2026-03-30,2026-09-28,2026-03-26,2026-03-26,2026-03-26,2026-05-25,20500,19700,2300,2900,25700,15,3100,0,0,2026,2026-03,60.0,DATE DE PAIEMENT RENSEIGNEE,OK,3,2026Q1,182.0,60.0,False,False,False,True
OP_02224,CLIENT_0525,PERSONNE PHYSIQUE,COMPAGNIE_03,POLICE_01252,0,AUTOMOBILE,FLOTTE AUTOMOBILE,AFFAIRE NOUVELLE,2026-03-28,2026-06-27,2026-03-26,2026-03-26,2026-03-26,2026-07-28,37100,36300,4900,3600,45500,15,5600,0,0,2026,2026-03,124.0,DATE DE PAIEMENT RENSEIGNEE,OK,3,2026Q1,91.0,124.0,False,False,False,True
OP_02225,CLIENT_0793,PERSONNE PHYSIQUE,COMPAGNIE_06,POLICE_01265,0,AUTOMOBILE,MONO AUTO,AFFAIRE NOUVELLE,2026-03-14,,2026-03-26,2026-03-26,2026-03-26,2026-03-26,103000,0,13000,5300,121200,15,15400,0,0,2026,2026-03,0.0,DATE DE PAIEMENT RENSEIGNEE,OK,3,2026Q1,,0.0,False,False,False,True
OP_02226,CLIENT_0075,PERSONNE PHYSIQUE,COMPAGNIE_01,POLICE_01271,4,AUTOMOBILE,MONO AUTO,RENOUVELLEMENT,2026-03-27,2026-09-25,2026-03-27,2026-04-01,2026-04-01,2026-05-28,61200,0,7900,4900,74000,15,9200,0,0,2026,2026-03,57.0,DATE DE PAIEMENT RENSEIGNEE,OK,3,2026Q1,182.0,57.0,False,False,False,True
OP_02227,CLIENT_0157,PERSONNE MORALE,COMPAGNIE_09,POLICE_01155,8,AUTOMOBILE,FLOTTE AUTOMOBILE,INCORPORATION,2026-03-27,2026-12-17,2026-03-27,2026-05-19,2026-05-19,,77300,102700,9600,2600,89500,15,11600,0,0,2026,2026-03,,DATE DE PAIEMENT NON RENSEIGNEE,OK,3,2026Q1,265.0,,False,False,False,False
OP_02228,CLIENT_0578,PERSONNE PHYSIQUE,COMPAGNIE_03,POLICE_00807,2,AUTOMOBILE,MONO AUTO,RENOUVELLEMENT,2026-03-27,2026-06-25,2026-03-27,2026-03-27,2026-03-27,2026-07-21,11100,10900,1200,900,13300,15,1700,0,0,2026,2026-03,116.0,DATE DE PAIEMENT RENSEIGNEE,OK,3,2026Q1,90.0,116.0,False,False,False,True
OP_02229,CLIENT_0178,PERSONNE PHYSIQUE,COMPAGNIE_01,POLICE_01243,7,AUTOMOBILE,MONO AUTO,PROROGATION,2026-03-27,2026-09-26,2026-03-28,2026-03-28,2026-03-28,2026-04-08,25600,0,2600,0,28100,15,3800,0,0,2026,2026-03,11.0,DATE DE PAIEMENT RENSEIGNEE,OK,3,2026Q1,183.0,11.0,False,False,False,True
OP_02230,CLIENT_0799,PERSONNE PHYSIQUE,COMPAGNIE_01,POLICE_01273,1,AUTOMOBILE,MONO AUTO,RENOUVELLEMENT,2026-03-29,2027-03-28,2026-03-28,2026-03-28,2026-03-28,2026-05-27,51000,0,5600,5300,61900,15,7600,0,0,2026,2026-03,60.0,DATE DE PAIEMENT RENSEIGNEE,OK,3,2026Q1,364.0,60.0,False,False,False,True
OP_02231,CLIENT_0075,PERSONNE PHYSIQUE,COMPAGNIE_02,POLICE_01274,0,AUTOMOBILE,MONO MOTO,AFFAIRE NOUVELLE,2026-03-29,2027-03-28,2026-03-29,2026-03-29,2026-03-29,2026-05-06,246400,50500,24900,2800,274100,15,37000,0,0,2026,2026-03,38.0,DATE DE PAIEMENT RENSEIGNEE,OK,3,2026Q1,364.0,38.0,False,False,False,True
OP_02232,CLIENT_0095,PERSONNE PHYSIQUE,COMPAGNIE_02,POLICE_00103,10,AUTOMOBILE,MONO AUTO,PROROGATION,2026-04-01,2026-10-01,2026-03-30,2026-03-30,2026-03-30,2026-04-19,61700,24100,6200,0,67800,15,9300,0,0,2026,2026-03,20.0,DATE DE PAIEMENT RENSEIGNEE,OK,3,2026Q1,183.0,20.0,False,False,False,True
OP_02233,CLIENT_0798,PERSONNE PHYSIQUE,COMPAGNIE_02,POLICE_01272,0,TRAVEL ASSURANCE,0,AFFAIRE NOUVELLE,2026-05-28,2026-06-11,2026-03-30,2026-03-30,2026-03-30,2026-05-09,11000,0,1300,0,12400,10,1100,0,0,2026,2026-03,40.0,DATE DE PAIEMENT RENSEIGNEE,OK,3,2026Q1,14.0,40.0,False,False,False,True
OP_02234,CLIENT_0157,PERSONNE MORALE,COMPAGNIE_09,POLICE_00837,0,AUTOMOBILE,FLOTTE AUTOMOBILE,INCORPORATION,2025-01-03,2025-12-17,2026-03-31,2026-03-31,2026-03-31,2026-03-31,184500,0,25200,2500,212200,15,27700,0,0,2026,2026-03,0.0,DATE DE PAIEMENT RENSEIGNEE,OK,3,2026Q1,348.0,0.0,False,False,False,True
OP_02235,CLIENT_0157,PERSONNE MORALE,COMPAGNIE_09,POLICE_01155,0,AUTOMOBILE,FLOTTE AUTOMOBILE,INCORPORATION,2025-12-18,2026-12-17,2026-03-31,2026-03-31,2026-03-31,2026-03-31,325900,0,39700,5000,370600,15,48900,0,0,2026,2026-03,0.0,DATE DE PAIEMENT RENSEIGNEE,OK,3,2026Q1,364.0,0.0,False,False,False,True
OP_02236,CLIENT_0157,PERSONNE MORALE,COMPAGNIE_02,POLICE_01277,0,ASSURANCES TRANSPORTS,TERRESTRE,AFFAIRE NOUVELLE,2025-09-11,2026-03-13,2026-03-31,2026-03-31,2026-03-31,2026-03-31,2073500,0,157700,9100,2240300,15,311000,0,0,2026,2026-03,0.0,DATE DE PAIEMENT RENSEIGNEE,OK,3,2026Q1,183.0,0.0,False,False,False,True
OP_02237,CLIENT_0157,PERSONNE MORALE,COMPAGNIE_02,POLICE_01278,0,ASSURANCES TRANSPORTS,MARITIME,AFFAIRE NOUVELLE,2025-09-11,2026-03-13,2026-03-31,2026-03-31,2026-03-31,2026-03-31,3075200,0,247200,21100,3343500,15,461300,0,0,2026,2026-03,0.0,DATE DE PAIEMENT RENSEIGNEE,OK,3,2026Q1,183.0,0.0,False,False,False,True
OP_02238,CLIENT_0787,PERSONNE PHYSIQUE,COMPAGNIE_03,POLICE_01258,0,AUTOMOBILE,MONO AUTO,AFFAIRE NOUVELLE,2026-04-01,2027-03-31,2026-03-31,2026-03-31,2026-03-31,2026-07-29,41400,40500,4400,2800,48600,15,6200,0,0,2026,2026-03,120.0,DATE DE PAIEMENT RENSEIGNEE,OK,3,2026Q1,364.0,120.0,False,False,False,True
OP_02239,CLIENT_0227,PERSONNE PHYSIQUE,COMPAGNIE_02,POLICE_00276,7,AUTOMOBILE,MONO AUTO,RENOUVELLEMENT,2026-04-03,2027-04-02,2026-04-02,2026-04-02,2026-04-02,2026-05-10,141800,44100,14500,3300,159600,15,21300,0,0,2026,2026-04,38.0,DATE DE PAIEMENT RENSEIGNEE,OK,4,2026Q2,364.0,38.0,False,False,False,True
OP_02240,CLIENT_0024,PERSONNE PHYSIQUE,COMPAGNIE_03,POLICE_00024,10,AUTOMOBILE,MONO AUTO,RENOUVELLEMENT,2026-04-20,2026-10-18,2026-04-03,2026-04-03,2026-04-03,2026-07-31,24600,24200,2600,1000,28200,15,3700,0,0,2026,2026-04,119.0,DATE DE PAIEMENT RENSEIGNEE,OK,4,2026Q2,181.0,119.0,False,False,False,True
OP_02241,CLIENT_0802,PERSONNE PHYSIQUE,COMPAGNIE_03,POLICE_01282,0,AUTOMOBILE,MONO AUTO,AFFAIRE NOUVELLE,2026-04-03,2027-04-02,2026-04-03,2026-04-07,2026-04-07,2026-07-15,158700,48600,16300,3900,178900,15,23800,0,0,2026,2026-04,99.0,DATE DE PAIEMENT RENSEIGNEE,OK,4,2026Q2,364.0,99.0,False,False,False,True
OP_02242,CLIENT_0224,PERSONNE PHYSIQUE,COMPAGNIE_01,POLICE_01261,3,AUTOMOBILE,MONO AUTO,RENOUVELLEMENT,2026-04-10,2027-04-09,2026-04-05,2026-04-05,2026-04-05,2026-05-09,131900,0,13700,5100,150700,15,19800,0,0,2026,2026-04,34.0,DATE DE PAIEMENT RENSEIGNEE,OK,4,2026Q2,364.0,34.0,False,False,False,True
OP_02243,CLIENT_0786,PERSONNE PHYSIQUE,COMPAGNIE_01,POLICE_01254,0,ASSURANCE CAUTION,DOMMAGES AUX BIENS,AFFAIRE NOUVELLE,2026-04-05,2026-07-03,2026-04-05,2026-04-05,2026-04-05,2026-05-17,142500,0,21400,71200,235100,10,14200,0,0,2026,2026-04,42.0,DATE DE PAIEMENT RENSEIGNEE,OK,4,2026Q2,89.0,42.0,False,False,False,True
OP_02244,CLIENT_0200,PERSONNE PHYSIQUE,COMPAGNIE_07,POLICE_00235,3,MULTIRISQUE PROFESSIONNELLE,INCENDIE,RENOUVELLEMENT,2026-04-10,2027-04-09,2026-04-07,2026-04-07,2026-04-07,,138200,0,0,0,138200,17,23500,0,0,2026,2026-04,,DATE DE PAIEMENT NON RENSEIGNEE,OK,4,2026Q2,364.0,,False,False,False,False
OP_02245,CLIENT_0268,PERSONNE PHYSIQUE,COMPAGNIE_12,POLICE_01237,2,ASSURANCE RENTE EDUCATION,0,RENOUVELLEMENT,2026-01-18,2026-02-14,2026-04-07,2026-04-07,2026-04-07,2026-04-07,14100,0,0,0,14100,24,3400,0,0,2026,2026-04,0.0,DATE DE PAIEMENT RENSEIGNEE,OK,4,2026Q2,27.0,0.0,False,False,False,True
OP_02246,CLIENT_0268,PERSONNE PHYSIQUE,COMPAGNIE_12,POLICE_01238,2,ASSURANCE RENTE EDUCATION,0,RENOUVELLEMENT,2026-01-18,2026-02-14,2026-04-07,2026-04-07,2026-04-07,2026-04-07,20200,0,0,0,20200,19,3800,0,0,2026,2026-04,0.0,DATE DE PAIEMENT RENSEIGNEE,OK,4,2026Q2,27.0,0.0,False,False,False,True
OP_02247,CLIENT_0750,PERSONNE PHYSIQUE,COMPAGNIE_03,POLICE_01148,1,AUTOMOBILE,MONO AUTO,RENOUVELLEMENT,2026-04-08,2026-10-06,2026-04-07,2026-04-07,2026-04-07,2026-08-02,39100,38700,4000,1000,44100,15,5900,0,0,2026,2026-04,117.0,DATE DE PAIEMENT RENSEIGNEE,OK,4,2026Q2,181.0,117.0,False,False,False,True
OP_02248,CLIENT_0803,PERSONNE PHYSIQUE,COMPAGNIE_03,POLICE_01283,0,AUTOMOBILE,MONO AUTO,AFFAIRE NOUVELLE,2026-04-12,2027-04-11,2026-04-08,2026-04-08,2026-04-08,2026-07-16,57200,56400,6200,5000,68500,15,8600,0,0,2026,2026-04,99.0,DATE DE PAIEMENT RENSEIGNEE,OK,4,2026Q2,364.0,99.0,False,False,False,True
OP_02249,CLIENT_0201,PERSONNE PHYSIQUE,COMPAGNIE_02,POLICE_00663,7,AUTOMOBILE,MONO AUTO,RENOUVELLEMENT,2026-04-16,2027-04-15,2026-04-09,2026-04-09,2026-04-09,2026-05-12,150500,46300,15400,3200,169100,15,22600,0,0,2026,2026-04,33.0,DATE DE PAIEMENT RENSEIGNEE,OK,4,2026Q2,364.0,33.0,False,False,False,True
OP_02250,CLIENT_0250,PERSONNE PHYSIQUE,COMPAGNIE_04,POLICE_00308,6,AUTOMOBILE,MONO AUTO,RENOUVELLEMENT,2026-04-26,2027-04-25,2026-04-09,2026-04-09,2026-04-09,2026-06-04,41700,40100,4500,3000,49100,15,6300,0,0,2026,2026-04,56.0,DATE DE PAIEMENT RENSEIGNEE,OK,4,2026Q2,364.0,56.0,False,False,False,True
OP_02251,CLIENT_0789,PERSONNE PHYSIQUE,COMPAGNIE_01,POLICE_01111,5,AUTOMOBILE,MONO AUTO,PROROGATION,2026-04-10,2026-10-09,2026-04-09,2026-04-09,2026-04-09,2026-05-16,50600,0,5100,0,55700,15,7600,0,0,2026,2026-04,37.0,DATE DE PAIEMENT RENSEIGNEE,OK,4,2026Q2,182.0,37.0,False,False,False,True
OP_02252,CLIENT_0050,PERSONNE MORALE,COMPAGNIE_06,POLICE_00050,227,AUTOMOBILE,FLOTTE AUTOMOBILE,INCORPORATION,2026-03-04,,2026-04-12,2026-04-12,2026-04-12,2026-04-12,40000,0,4100,1100,45300,15,6000,0,0,2026,2026-04,0.0,DATE DE PAIEMENT RENSEIGNEE,OK,4,2026Q2,,0.0,False,False,False,True
OP_02253,CLIENT_0050,PERSONNE MORALE,COMPAGNIE_06,POLICE_00050,228,AUTOMOBILE,FLOTTE AUTOMOBILE,INCORPORATION,2026-03-31,,2026-04-12,2026-04-12,2026-04-12,2026-04-12,35100,0,3600,1100,39900,15,5300,0,0,2026,2026-04,0.0,DATE DE PAIEMENT RENSEIGNEE,OK,4,2026Q2,,0.0,False,False,False,True
OP_02254,CLIENT_0792,PERSONNE PHYSIQUE,COMPAGNIE_06,POLICE_01264,0,AUTOMOBILE,MONO AUTO,AFFAIRE NOUVELLE,2026-03-24,,2026-04-12,2026-04-12,2026-04-12,2026-04-12,9400,0,5800,1100,16300,15,1400,0,0,2026,2026-04,0.0,DATE DE PAIEMENT RENSEIGNEE,OK,4,2026Q2,,0.0,False,False,False,True
OP_02255,CLIENT_0794,PERSONNE PHYSIQUE,COMPAGNIE_02,POLICE_01267,0,TRAVEL ASSURANCE,0,AFFAIRE NOUVELLE,2026-05-30,2026-06-03,2026-04-12,2026-04-12,2026-04-12,2026-05-23,5600,0,1300,5100,12100,10,600,0,0,2026,2026-04,41.0,DATE DE PAIEMENT RENSEIGNEE,OK,4,2026Q2,4.0,41.0,False,False,False,True
OP_02256,CLIENT_0788,PERSONNE PHYSIQUE,COMPAGNIE_03,POLICE_01259,0,AUTOMOBILE,MONO AUTO,AFFAIRE NOUVELLE,2026-04-13,2026-07-13,2026-04-13,2026-04-13,2026-04-13,2026-08-10,16800,16500,2200,5600,24600,15,2500,0,0,2026,2026-04,119.0,DATE DE PAIEMENT RENSEIGNEE,OK,4,2026Q2,91.0,119.0,False,False,False,True
OP_02257,CLIENT_0790,PERSONNE MORALE,COMPAGNIE_09,POLICE_01260,0,ASSURANCES TRANSPORTS,TERRESTRE,AFFAIRE NOUVELLE,2026-04-04,2027-04-03,2026-04-13,2026-04-25,2026-04-25,2026-04-25,1757400,0,140700,1100,1899200,17,298800,0,0,2026,2026-04,0.0,DATE DE PAIEMENT RENSEIGNEE,OK,4,2026Q2,364.0,0.0,False,False,False,True
OP_02258,CLIENT_0157,PERSONNE MORALE,COMPAGNIE_09,POLICE_01155,9,AUTOMOBILE,FLOTTE AUTOMOBILE,INCORPORATION,2026-04-08,2026-12-17,2026-04-14,2026-05-19,2026-05-19,,142100,59600,17400,2800,162300,15,21300,0,0,2026,2026-04,,DATE DE PAIEMENT NON RENSEIGNEE,OK,4,2026Q2,253.0,,False,False,False,False
OP_02259,CLIENT_0054,PERSONNE PHYSIQUE,COMPAGNIE_02,POLICE_01266,0,TRAVEL ASSURANCE,0,RENOUVELLEMENT,2026-06-15,2026-06-23,2026-04-16,2026-04-16,2026-04-16,2026-05-27,7700,0,1600,5500,14800,10,800,0,0,2026,2026-04,41.0,DATE DE PAIEMENT RENSEIGNEE,OK,4,2026Q2,8.0,41.0,False,False,False,True
OP_02260,CLIENT_0242,PERSONNE PHYSIQUE,COMPAGNIE_02,POLICE_00300,20,AUTOMOBILE,MONO AUTO,PROROGATION,2026-04-12,2026-10-11,2026-04-16,2026-04-16,2026-04-16,2026-05-06,73400,33300,7300,0,80700,15,11000,0,0,2026,2026-04,20.0,DATE DE PAIEMENT RENSEIGNEE,OK,4,2026Q2,182.0,20.0,False,False,False,True
OP_02261,CLIENT_0786,PERSONNE PHYSIQUE,COMPAGNIE_01,POLICE_01263,0,ASSURANCE CAUTION,DOMMAGES AUX BIENS,AFFAIRE NOUVELLE,2026-04-17,2026-07-16,2026-04-16,2026-04-16,2026-04-16,2026-06-19,20100,0,3900,18600,42600,10,2000,0,0,2026,2026-04,64.0,DATE DE PAIEMENT RENSEIGNEE,OK,4,2026Q2,90.0,64.0,False,False,False,True
OP_02262,CLIENT_0797,PERSONNE PHYSIQUE,COMPAGNIE_02,POLICE_01270,0,TRAVEL ASSURANCE,0,AFFAIRE NOUVELLE,2026-07-10,2026-08-09,2026-04-16,2026-04-16,2026-04-16,2026-05-27,27400,0,3300,0,30600,10,2700,0,0,2026,2026-04,41.0,DATE DE PAIEMENT RENSEIGNEE,OK,4,2026Q2,30.0,41.0,False,False,False,True
OP_02263,CLIENT_0096,PERSONNE PHYSIQUE,COMPAGNIE_03,POLICE_01186,2,AUTOMOBILE,MONO AUTO,RENOUVELLEMENT,2026-04-14,2026-07-12,2026-04-18,2026-04-18,2026-04-18,2026-07-19,21400,21200,2200,1100,24700,15,3200,0,0,2026,2026-04,92.0,DATE DE PAIEMENT RENSEIGNEE,OK,4,2026Q2,89.0,92.0,False,False,False,True
OP_02264,CLIENT_0233,PERSONNE PHYSIQUE,COMPAGNIE_03,POLICE_01284,0,AUTOMOBILE,MONO AUTO,AFFAIRE NOUVELLE,2026-04-12,2027-04-11,2026-04-18,2026-04-18,2026-04-18,2026-07-19,115100,40900,12000,4400,131500,15,17300,0,0,2026,2026-04,92.0,DATE DE PAIEMENT RENSEIGNEE,OK,4,2026Q2,364.0,92.0,False,False,False,True
OP_02265,CLIENT_0243,PERSONNE PHYSIQUE,COMPAGNIE_01,POLICE_01280,4,AUTOMOBILE,MONO AUTO,RENOUVELLEMENT,2026-04-19,2027-04-18,2026-04-18,2026-04-18,2026-04-18,2026-06-11,54200,0,5900,4500,64600,15,8100,0,0,2026,2026-04,54.0,DATE DE PAIEMENT RENSEIGNEE,OK,4,2026Q2,364.0,54.0,False,False,False,True
OP_02266,CLIENT_0249,PERSONNE PHYSIQUE,COMPAGNIE_05,POLICE_00307,3,AUTOMOBILE,MONO AUTO,RENOUVELLEMENT,2026-04-25,2027-04-24,2026-04-18,2026-04-18,2026-04-18,,78000,52200,8300,5200,91600,15,11700,0,0,2026,2026-04,,DATE DE PAIEMENT NON RENSEIGNEE,OK,4,2026Q2,364.0,,False,False,False,False
OP_02267,CLIENT_0795,PERSONNE PHYSIQUE,COMPAGNIE_02,POLICE_01268,0,TRAVEL ASSURANCE,0,AFFAIRE NOUVELLE,2026-07-12,2026-08-11,2026-04-18,2026-04-18,2026-04-18,2026-05-29,20900,0,2500,0,23400,10,2100,0,0,2026,2026-04,41.0,DATE DE PAIEMENT RENSEIGNEE,OK,4,2026Q2,30.0,41.0,False,False,False,True
OP_02268,CLIENT_0523,PERSONNE PHYSIQUE,COMPAGNIE_03,POLICE_00933,4,AUTOMOBILE,MONO AUTO,RENOUVELLEMENT,2026-04-18,2026-07-16,2026-04-19,2026-04-19,2026-04-19,2026-07-19,12400,12200,1300,1100,14800,15,1900,0,0,2026,2026-04,91.0,DATE DE PAIEMENT RENSEIGNEE,OK,4,2026Q2,89.0,91.0,False,False,False,True
OP_02269,CLIENT_0796,PERSONNE PHYSIQUE,COMPAGNIE_02,POLICE_01269,0,TRAVEL ASSURANCE,0,AFFAIRE NOUVELLE,2026-07-13,2026-08-12,2026-04-19,2026-04-19,2026-04-19,2026-05-30,19400,0,2300,0,21700,10,1900,0,0,2026,2026-04,41.0,DATE DE PAIEMENT RENSEIGNEE,OK,4,2026Q2,30.0,41.0,False,False,False,True
OP_02270,CLIENT_0074,PERSONNE PHYSIQUE,COMPAGNIE_04,POLICE_00079,19,AUTOMOBILE,MONO AUTO,RENOUVELLEMENT,2026-04-27,2026-07-27,2026-04-20,2026-04-20,2026-04-20,2026-05-16,8000,7700,1100,2700,11800,15,1200,0,0,2026,2026-04,26.0,DATE DE PAIEMENT RENSEIGNEE,OK,4,2026Q2,91.0,26.0,False,False,False,True
OP_02271,CLIENT_0263,PERSONNE PHYSIQUE,COMPAGNIE_01,POLICE_01275,0,AUTOMOBILE,MONO AUTO,AFFAIRE NOUVELLE,2026-04-20,2027-04-19,2026-04-20,2026-04-20,2026-04-20,2026-06-15,289400,0,29400,5100,323900,15,43400,0,0,2026,2026-04,56.0,DATE DE PAIEMENT RENSEIGNEE,OK,4,2026Q2,364.0,56.0,False,False,False,True
OP_02272,CLIENT_0064,PERSONNE PHYSIQUE,COMPAGNIE_04,POLICE_00065,27,AUTOMOBILE,MONO AUTO,RENOUVELLEMENT,2026-04-23,2026-07-22,2026-04-21,2026-04-21,2026-04-21,2026-06-03,22000,21600,2200,0,24200,15,3300,0,0,2026,2026-04,43.0,DATE DE PAIEMENT RENSEIGNEE,OK,4,2026Q2,90.0,43.0,False,False,False,True
OP_02273,CLIENT_0252,PERSONNE PHYSIQUE,COMPAGNIE_03,POLICE_00310,4,AUTOMOBILE,FLOTTE AUTOMOBILE,RENOUVELLEMENT,2026-04-26,2027-04-25,2026-04-21,2026-04-21,2026-04-21,2026-07-16,114900,113700,14300,4500,133700,15,17200,0,0,2026,2026-04,86.0,DATE DE PAIEMENT RENSEIGNEE,OK,4,2026Q2,364.0,86.0,False,False,False,True
OP_02274,CLIENT_0256,PERSONNE PHYSIQUE,COMPAGNIE_02,POLICE_00315,10,AUTOMOBILE,MONO AUTO,RENOUVELLEMENT,2026-04-18,2027-04-17,2026-04-21,2026-04-21,2026-04-21,2026-05-11,48500,44200,5200,3100,56800,15,7300,0,0,2026,2026-04,20.0,DATE DE PAIEMENT RENSEIGNEE,OK,4,2026Q2,364.0,20.0,False,False,False,True
OP_02275,CLIENT_0268,PERSONNE PHYSIQUE,COMPAGNIE_01,POLICE_01083,5,AUTOMOBILE,MONO AUTO,PROROGATION,2026-05-03,2026-11-02,2026-04-21,2026-04-21,2026-04-21,2026-05-30,25000,0,2500,0,27500,15,3800,0,0,2026,2026-04,39.0,DATE DE PAIEMENT RENSEIGNEE,OK,4,2026Q2,183.0,39.0,False,False,False,True
OP_02276,CLIENT_0340,PERSONNE PHYSIQUE,COMPAGNIE_02,POLICE_00436,3,AUTOMOBILE,MONO AUTO,RENOUVELLEMENT,2026-03-31,2026-09-30,2026-04-21,2026-04-21,2026-04-21,2026-04-21,56900,0,8700,0,65600,15,8500,0,0,2026,2026-04,0.0,DATE DE PAIEMENT RENSEIGNEE,OK,4,2026Q2,183.0,0.0,False,False,False,True
OP_02277,CLIENT_0800,PERSONNE PHYSIQUE,COMPAGNIE_02,POLICE_01276,0,AUTOMOBILE,MONO AUTO,AFFAIRE NOUVELLE,2026-04-03,2027-04-02,2026-04-21,2026-04-21,2026-04-21,2026-04-21,116000,0,14300,3100,133400,15,17400,0,0,2026,2026-04,0.0,DATE DE PAIEMENT RENSEIGNEE,OK,4,2026Q2,364.0,0.0,False,False,False,True
OP_02278,CLIENT_0204,PERSONNE PHYSIQUE,COMPAGNIE_03,POLICE_00239,3,AUTOMOBILE,MONO AUTO,RENOUVELLEMENT,2026-04-22,2027-04-21,2026-04-22,2026-04-22,2026-04-22,2026-07-22,53100,52300,5800,4700,63600,15,8000,0,0,2026,2026-04,91.0,DATE DE PAIEMENT RENSEIGNEE,OK,4,2026Q2,364.0,91.0,False,False,False,True
OP_02279,CLIENT_0073,PERSONNE PHYSIQUE,COMPAGNIE_01,POLICE_01084,6,AUTOMOBILE,MONO AUTO,PROROGATION,2026-04-29,2026-10-29,2026-04-24,2026-04-24,2026-04-24,2026-06-05,20900,0,2100,0,23000,15,3100,0,0,2026,2026-04,42.0,DATE DE PAIEMENT RENSEIGNEE,OK,4,2026Q2,183.0,42.0,False,False,False,True
OP_02280,CLIENT_0157,PERSONNE MORALE,COMPAGNIE_01,POLICE_01205,1,ASSURANCE CAUTION,DOMMAGES AUX BIENS,RESILIATION,2026-01-16,2027-01-16,2026-04-24,2026-04-24,2026-04-24,2026-04-24,-2662800,0,-121300,-145000,-2929100,10,-266300,0,0,2026,2026-04,0.0,DATE DE PAIEMENT RENSEIGNEE,OK,4,2026Q2,365.0,0.0,False,False,True,True
OP_02281,CLIENT_0606,PERSONNE MORALE,COMPAGNIE_02,POLICE_00862,1,AUTOMOBILE,MONO AUTO,RENOUVELLEMENT,2026-04-09,2027-04-08,2026-04-24,2026-04-24,2026-04-24,2026-04-24,44400,0,4800,3100,52300,15,6700,0,0,2026,2026-04,0.0,DATE DE PAIEMENT RENSEIGNEE,OK,4,2026Q2,364.0,0.0,False,False,False,True
OP_02282,CLIENT_0808,PERSONNE PHYSIQUE,COMPAGNIE_02,POLICE_01292,0,TRAVEL ASSURANCE,0,AFFAIRE NOUVELLE,2026-05-22,2026-06-21,2026-04-24,2026-04-24,2026-04-24,2026-05-13,12100,0,2000,4600,18600,10,1200,0,0,2026,2026-04,19.0,DATE DE PAIEMENT RENSEIGNEE,OK,4,2026Q2,30.0,19.0,False,False,False,True
OP_02283,CLIENT_0785,PERSONNE PHYSIQUE,COMPAGNIE_03,POLICE_01297,0,AUTOMOBILE,MONO AUTO,AFFAIRE NOUVELLE,2026-04-24,2026-07-24,2026-04-25,2026-04-25,2026-04-25,2026-07-19,18000,17800,2000,2400,22500,15,2700,0,0,2026,2026-04,85.0,DATE DE PAIEMENT RENSEIGNEE,OK,4,2026Q2,91.0,85.0,False,False,False,True
OP_02284,CLIENT_0023,PERSONNE PHYSIQUE,COMPAGNIE_01,POLICE_01281,11,AUTOMOBILE,MONO AUTO,RENOUVELLEMENT,2026-04-26,2027-04-25,2026-04-26,2026-04-26,2026-04-26,2026-06-19,132100,128500,13800,5700,151600,15,19800,0,0,2026,2026-04,54.0,DATE DE PAIEMENT RENSEIGNEE,OK,4,2026Q2,364.0,54.0,False,False,False,True
OP_02285,CLIENT_0801,PERSONNE PHYSIQUE,COMPAGNIE_03,POLICE_01279,0,AUTOMOBILE,MONO AUTO,AFFAIRE NOUVELLE,2026-04-26,2027-04-25,2026-04-26,2026-04-26,2026-04-26,2026-08-08,42900,41800,4800,4800,52400,15,6400,0,0,2026,2026-04,104.0,DATE DE PAIEMENT RENSEIGNEE,OK,4,2026Q2,364.0,104.0,False,False,False,True
OP_02286,CLIENT_0811,PERSONNE PHYSIQUE,COMPAGNIE_06,POLICE_01301,0,AUTOMOBILE,MONO AUTO,AFFAIRE NOUVELLE,2026-04-26,2027-04-25,2026-04-26,2026-04-26,2026-04-26,2026-05-13,106700,107800,11200,5600,123600,15,16000,0,0,2026,2026-04,17.0,DATE DE PAIEMENT RENSEIGNEE,OK,4,2026Q2,364.0,17.0,False,False,False,True
OP_02287,CLIENT_0059,PERSONNE PHYSIQUE,COMPAGNIE_09,POLICE_01298,0,AUTOMOBILE,MONO AUTO,AFFAIRE NOUVELLE,2026-04-28,2026-07-28,2026-04-27,2026-05-04,2026-05-04,2026-06-07,75100,148000,9300,2300,86700,15,11300,0,0,2026,2026-04,34.0,DATE DE PAIEMENT RENSEIGNEE,OK,4,2026Q2,91.0,34.0,False,False,False,True
OP_02288,CLIENT_0221,PERSONNE PHYSIQUE,COMPAGNIE_03,POLICE_01285,0,AUTOMOBILE,MONO AUTO,AFFAIRE NOUVELLE,2026-04-22,2026-10-21,2026-04-27,2026-04-27,2026-04-27,2026-07-27,21100,20700,2600,4600,28200,15,3200,0,0,2026,2026-04,91.0,DATE DE PAIEMENT RENSEIGNEE,OK,4,2026Q2,182.0,91.0,False,False,False,True
OP_02289,CLIENT_0636,PERSONNE PHYSIQUE,COMPAGNIE_01,POLICE_01287,2,AUTOMOBILE,MONO AUTO,RENOUVELLEMENT,2026-04-22,2027-04-21,2026-04-27,2026-06-01,2026-06-01,2026-07-15,72600,0,9300,4600,86500,15,10900,0,0,2026,2026-04,44.0,DATE DE PAIEMENT RENSEIGNEE,OK,4,2026Q2,364.0,44.0,False,False,False,True
OP_02290,CLIENT_0139,PERSONNE PHYSIQUE,COMPAGNIE_03,POLICE_00295,2,AUTOMOBILE,MONO AUTO,RENOUVELLEMENT,2026-04-27,2027-04-26,2026-04-28,2026-04-28,2026-04-28,2026-08-09,49500,48800,5400,4400,59300,15,7400,0,0,2026,2026-04,103.0,DATE DE PAIEMENT RENSEIGNEE,OK,4,2026Q2,364.0,103.0,False,False,False,True
OP_02291,CLIENT_0428,PERSONNE PHYSIQUE,COMPAGNIE_05,POLICE_00562,3,AUTOMOBILE,MONO AUTO,RENOUVELLEMENT,2026-04-23,2026-07-22,2026-04-28,2026-04-28,2026-04-28,,13500,12100,1800,4300,19500,15,2000,0,0,2026,2026-04,,DATE DE PAIEMENT NON RENSEIGNEE,OK,4,2026Q2,90.0,,False,False,False,False
OP_02292,CLIENT_0721,PERSONNE PHYSIQUE,COMPAGNIE_03,POLICE_01063,1,AUTOMOBILE,MONO AUTO,RENOUVELLEMENT,2026-04-29,2026-10-27,2026-04-28,2026-04-28,2026-04-28,,22200,21800,2300,900,25500,15,3300,0,0,2026,2026-04,,DATE DE PAIEMENT NON RENSEIGNEE,OK,4,2026Q2,181.0,,False,False,False,False
OP_02293,CLIENT_0134,PERSONNE PHYSIQUE,COMPAGNIE_03,POLICE_00347,4,AUTOMOBILE,MONO AUTO,RENOUVELLEMENT,2026-05-01,2027-04-30,2026-04-29,2026-04-29,2026-04-29,2026-07-16,51700,51000,5600,4500,61800,15,7800,0,0,2026,2026-04,78.0,DATE DE PAIEMENT RENSEIGNEE,OK,4,2026Q2,364.0,78.0,False,False,False,True
OP_02294,CLIENT_0193,PERSONNE PHYSIQUE,COMPAGNIE_04,POLICE_00323,10,AUTOMOBILE,FLOTTE MOTO,RENOUVELLEMENT,2026-05-01,2027-04-30,2026-04-29,2026-04-29,2026-04-29,,388900,376200,45100,3000,437000,15,58300,0,0,2026,2026-04,,DATE DE PAIEMENT NON RENSEIGNEE,OK,4,2026Q2,364.0,,False,False,False,False
OP_02295,CLIENT_0513,PERSONNE PHYSIQUE,COMPAGNIE_01,POLICE_01087,4,AUTOMOBILE,MONO AUTO,PROROGATION,2026-04-28,2026-10-28,2026-04-29,2026-04-29,2026-04-29,2026-06-07,17000,0,1700,0,18800,15,2600,0,0,2026,2026-04,39.0,DATE DE PAIEMENT RENSEIGNEE,OK,4,2026Q2,183.0,39.0,False,False,False,True
OP_02296,CLIENT_0804,PERSONNE PHYSIQUE,COMPAGNIE_03,POLICE_01288,0,AUTOMOBILE,MONO AUTO,AFFAIRE NOUVELLE,2026-04-27,2026-07-27,2026-04-29,2026-04-29,2026-04-29,2026-07-29,13000,12700,1800,5500,20300,15,1900,0,0,2026,2026-04,91.0,DATE DE PAIEMENT RENSEIGNEE,OK,4,2026Q2,91.0,91.0,False,False,False,True
OP_02297,CLIENT_0167,PERSONNE MORALE,COMPAGNIE_03,POLICE_00820,18,AUTOMOBILE,FLOTTE AUTOMOBILE,INCORPORATION,2026-04-30,2026-12-31,2026-04-30,2026-04-30,2026-04-30,2026-07-24,65500,59600,6900,3100,75500,15,9800,0,0,2026,2026-04,85.0,DATE DE PAIEMENT RENSEIGNEE,OK,4,2026Q2,245.0,85.0,False,False,False,True
OP_02298,CLIENT_0418,PERSONNE PHYSIQUE,COMPAGNIE_03,POLICE_00960,1,AUTOMOBILE,MONO AUTO,RENOUVELLEMENT,2025-05-30,2026-05-29,2026-04-30,2026-05-01,2026-05-01,,100,0,0,0,100,15,8600,0,0,2026,2026-04,,DATE DE PAIEMENT NON RENSEIGNEE,OK,4,2026Q2,364.0,,False,False,False,False
OP_02299,CLIENT_0291,PERSONNE MORALE,COMPAGNIE_04,POLICE_00354,11,MULTIRISQUE PROFESSIONNELLE,INCENDIE,RENOUVELLEMENT,2026-04-30,2027-04-29,2026-05-01,2026-05-07,2026-05-07,,200500,0,36300,5300,242100,17,34100,0,0,2026,2026-05,,DATE DE PAIEMENT NON RENSEIGNEE,OK,5,2026Q2,364.0,,False,False,False,False
OP_02300,CLIENT_0758,PERSONNE PHYSIQUE,COMPAGNIE_06,POLICE_01163,1,AUTOMOBILE,MONO AUTO,PROROGATION,2026-04-04,2026-07-03,2026-05-01,2026-05-01,2026-05-01,2026-05-01,14700,17400,1500,0,16100,15,2200,0,0,2026,2026-05,0.0,DATE DE PAIEMENT RENSEIGNEE,OK,5,2026Q2,90.0,0.0,False,False,False,True
OP_02301,CLIENT_0808,PERSONNE PHYSIQUE,COMPAGNIE_02,POLICE_01292,1,TRAVEL ASSURANCE,0,PROROGATION,2026-04-30,2026-08-21,2026-05-01,2026-05-01,2026-05-01,2026-06-03,10900,0,1300,0,12200,10,1100,0,0,2026,2026-05,33.0,DATE DE PAIEMENT RENSEIGNEE,OK,5,2026Q2,113.0,33.0,False,False,False,True
OP_02302,CLIENT_0809,PERSONNE PHYSIQUE,COMPAGNIE_03,POLICE_01295,0,AUTOMOBILE,MONO AUTO,AFFAIRE NOUVELLE,2026-04-26,2027-04-25,2026-05-01,2026-05-30,2026-05-30,2026-07-25,201800,44600,20700,5400,227900,15,30300,0,0,2026,2026-05,56.0,DATE DE PAIEMENT RENSEIGNEE,OK,5,2026Q2,364.0,56.0,False,False,False,True
OP_02303,CLIENT_0133,PERSONNE PHYSIQUE,COMPAGNIE_04,POLICE_00151,2,AUTOMOBILE,MONO AUTO,RENOUVELLEMENT,2026-04-28,2026-07-27,2026-05-02,2026-05-02,2026-05-02,2026-05-30,11500,11100,1500,3000,16000,15,1700,0,0,2026,2026-05,28.0,DATE DE PAIEMENT RENSEIGNEE,OK,5,2026Q2,90.0,28.0,False,False,False,True
OP_02304,CLIENT_0251,PERSONNE PHYSIQUE,COMPAGNIE_03,POLICE_00309,3,AUTOMOBILE,MONO AUTO,RENOUVELLEMENT,2026-05-03,2026-08-01,2026-05-02,2026-05-02,2026-05-02,2026-08-09,11600,11400,1700,5600,19000,15,1700,0,0,2026,2026-05,99.0,DATE DE PAIEMENT RENSEIGNEE,OK,5,2026Q2,90.0,99.0,False,False,False,True
OP_02305,CLIENT_0810,PERSONNE PHYSIQUE,COMPAGNIE_03,POLICE_01300,0,AUTOMOBILE,MONO AUTO,AFFAIRE NOUVELLE,2026-05-03,2027-05-02,2026-05-03,2026-05-03,2026-05-03,2026-07-25,149200,46400,15300,3800,168300,15,22400,0,0,2026,2026-05,83.0,DATE DE PAIEMENT RENSEIGNEE,OK,5,2026Q2,364.0,83.0,False,False,False,True
OP_02306,CLIENT_0157,PERSONNE MORALE,COMPAGNIE_02,POLICE_01305,0,ASSURANCES TRANSPORTS,MARITIME,AFFAIRE NOUVELLE,2026-05-10,,2026-05-04,2026-05-04,2026-05-04,2026-05-04,171400,0,13800,1000,186200,15,25700,0,0,2026,2026-05,0.0,DATE DE PAIEMENT RENSEIGNEE,OK,5,2026Q2,,0.0,False,False,False,True
OP_02307,CLIENT_0157,PERSONNE MORALE,COMPAGNIE_02,POLICE_01306,0,ASSURANCES TRANSPORTS,MARITIME,AFFAIRE NOUVELLE,2026-05-16,,2026-05-04,2026-05-04,2026-05-04,2026-05-04,286100,0,23000,1100,310200,15,42900,0,0,2026,2026-05,0.0,DATE DE PAIEMENT RENSEIGNEE,OK,5,2026Q2,,0.0,False,False,False,True
OP_02308,CLIENT_0268,PERSONNE PHYSIQUE,COMPAGNIE_12,POLICE_01237,3,ASSURANCE RENTE EDUCATION,0,RENOUVELLEMENT,2026-02-15,2026-03-17,2026-05-04,2026-05-04,2026-05-04,2026-05-04,18400,0,0,0,18400,24,4400,0,0,2026,2026-05,0.0,DATE DE PAIEMENT RENSEIGNEE,OK,5,2026Q2,30.0,0.0,False,False,False,True
OP_02309,CLIENT_0268,PERSONNE PHYSIQUE,COMPAGNIE_12,POLICE_01238,3,ASSURANCE RENTE EDUCATION,0,RENOUVELLEMENT,2026-02-15,2026-03-17,2026-05-04,2026-05-04,2026-05-04,2026-05-04,21900,0,0,0,21900,19,4200,0,0,2026,2026-05,0.0,DATE DE PAIEMENT RENSEIGNEE,OK,5,2026Q2,30.0,0.0,False,False,False,True
OP_02310,CLIENT_0635,PERSONNE PHYSIQUE,COMPAGNIE_03,POLICE_00926,2,AUTOMOBILE,MONO AUTO,RENOUVELLEMENT,2026-04-29,2027-04-28,2026-05-04,2026-05-04,2026-05-04,2026-08-04,35800,35100,3900,3700,43400,15,5400,0,0,2026,2026-05,92.0,DATE DE PAIEMENT RENSEIGNEE,OK,5,2026Q2,364.0,92.0,False,False,False,True
OP_02311,CLIENT_0640,PERSONNE PHYSIQUE,COMPAGNIE_02,POLICE_00936,1,AUTOMOBILE,MONO AUTO,RENOUVELLEMENT,2026-05-04,2027-05-03,2026-05-04,2026-05-04,2026-05-04,2026-05-23,85200,79700,8800,3200,97200,15,12800,0,0,2026,2026-05,19.0,DATE DE PAIEMENT RENSEIGNEE,OK,5,2026Q2,364.0,19.0,False,False,False,True
OP_02312,CLIENT_0813,PERSONNE PHYSIQUE,COMPAGNIE_12,POLICE_01303,0,ASSURANCE CREDIT BANCAIRE,0,AFFAIRE NOUVELLE,2026-03-06,,2026-05-04,2026-05-04,2026-05-04,2026-05-04,2105800,0,0,0,2105800,13,273800,0,0,2026,2026-05,0.0,DATE DE PAIEMENT RENSEIGNEE,OK,5,2026Q2,,0.0,False,False,False,True
OP_02313,CLIENT_0755,PERSONNE PHYSIQUE,COMPAGNIE_02,POLICE_01293,0,TRAVEL ASSURANCE,0,AFFAIRE NOUVELLE,2026-05-10,2026-05-13,2026-05-05,2026-05-05,2026-05-05,2026-05-23,8800,0,1100,0,9900,10,900,0,0,2026,2026-05,18.0,DATE DE PAIEMENT RENSEIGNEE,OK,5,2026Q2,3.0,18.0,False,False,False,True
OP_02314,CLIENT_0807,PERSONNE PHYSIQUE,COMPAGNIE_02,POLICE_01291,0,TRAVEL ASSURANCE,0,AFFAIRE NOUVELLE,2026-06-02,2026-07-02,2026-05-05,2026-05-05,2026-05-05,,9900,0,1800,4900,16600,10,1000,0,0,2026,2026-05,,DATE DE PAIEMENT NON RENSEIGNEE,OK,5,2026Q2,30.0,,False,False,False,False
OP_02315,CLIENT_0568,PERSONNE PHYSIQUE,COMPAGNIE_03,POLICE_01307,0,AUTOMOBILE,MONO AUTO,AFFAIRE NOUVELLE,2026-05-11,2027-05-10,2026-05-06,2026-05-06,2026-05-06,2026-07-17,61400,59500,6700,5300,73400,15,9200,0,0,2026,2026-05,72.0,DATE DE PAIEMENT RENSEIGNEE,OK,5,2026Q2,364.0,72.0,False,False,False,True
OP_02316,CLIENT_0293,PERSONNE PHYSIQUE,COMPAGNIE_06,POLICE_00356,5,AUTOMOBILE,MONO AUTO,RENOUVELLEMENT,2026-05-07,2027-05-06,2026-05-07,2026-05-07,2026-05-07,2026-06-17,421600,67100,42700,5600,470000,15,63200,0,0,2026,2026-05,41.0,DATE DE PAIEMENT RENSEIGNEE,OK,5,2026Q2,364.0,41.0,False,False,False,True
OP_02317,CLIENT_0485,PERSONNE PHYSIQUE,COMPAGNIE_02,POLICE_01286,1,AUTOMOBILE,MONO AUTO,RENOUVELLEMENT,2026-05-04,2027-05-03,2026-05-07,2026-05-07,2026-05-07,2026-05-26,137300,39900,14000,3200,154500,15,20600,0,0,2026,2026-05,19.0,DATE DE PAIEMENT RENSEIGNEE,OK,5,2026Q2,364.0,19.0,False,False,False,True
OP_02318,CLIENT_0021,PERSONNE PHYSIQUE,COMPAGNIE_01,POLICE_01296,3,AUTOMOBILE,MONO AUTO,RENOUVELLEMENT,2026-05-05,2027-05-04,2026-05-08,2026-05-08,2026-05-08,2026-06-15,51500,0,5700,5500,62600,15,7700,0,0,2026,2026-05,38.0,DATE DE PAIEMENT RENSEIGNEE,OK,5,2026Q2,364.0,38.0,False,False,False,True
OP_02319,CLIENT_0238,PERSONNE PHYSIQUE,COMPAGNIE_03,POLICE_01294,0,AUTOMOBILE,MONO AUTO,AFFAIRE NOUVELLE,2026-05-08,2026-11-06,2026-05-08,2026-05-08,2026-05-08,2026-08-06,24700,24300,2900,3900,31500,15,3700,0,0,2026,2026-05,90.0,DATE DE PAIEMENT RENSEIGNEE,OK,5,2026Q2,182.0,90.0,False,False,False,True
OP_02320,CLIENT_0819,PERSONNE PHYSIQUE,COMPAGNIE_01,POLICE_01315,0,AUTOMOBILE,MONO AUTO,AFFAIRE NOUVELLE,2026-05-09,2027-05-08,2026-05-09,2026-05-09,2026-05-09,2026-06-01,584900,0,59000,5000,648900,15,87700,0,0,2026,2026-05,23.0,DATE DE PAIEMENT RENSEIGNEE,OK,5,2026Q2,364.0,23.0,False,False,False,True
OP_02321,CLIENT_0342,PERSONNE PHYSIQUE,COMPAGNIE_01,POLICE_01072,5,AUTOMOBILE,MONO AUTO,RENOUVELLEMENT,2026-05-14,2026-08-13,2026-05-11,2026-05-11,2026-05-11,2026-06-21,17000,0,1700,0,18700,15,2500,0,0,2026,2026-05,41.0,DATE DE PAIEMENT RENSEIGNEE,OK,5,2026Q2,91.0,41.0,False,False,False,True
OP_02322,CLIENT_0805,PERSONNE PHYSIQUE,COMPAGNIE_02,POLICE_01289,0,TRAVEL ASSURANCE,0,AFFAIRE NOUVELLE,2026-06-08,2026-07-08,2026-05-11,2026-05-11,2026-05-11,2026-05-30,13500,0,2200,5100,20800,10,1300,0,0,2026,2026-05,19.0,DATE DE PAIEMENT RENSEIGNEE,OK,5,2026Q2,30.0,19.0,False,False,False,True
OP_02323,CLIENT_0308,PERSONNE MORALE,COMPAGNIE_01,POLICE_01299,19,AUTOMOBILE,MONO AUTO,RENOUVELLEMENT,2025-05-11,2026-05-10,2026-05-12,2026-05-12,2026-05-12,2026-05-12,379200,0,46000,5100,430300,15,56900,0,0,2026,2026-05,0.0,DATE DE PAIEMENT RENSEIGNEE,OK,5,2026Q2,364.0,0.0,False,False,False,True
OP_02324,CLIENT_0806,PERSONNE PHYSIQUE,COMPAGNIE_02,POLICE_01290,0,TRAVEL ASSURANCE,0,AFFAIRE NOUVELLE,2026-06-09,2026-07-09,2026-05-12,2026-05-12,2026-05-12,2026-05-31,9700,0,1700,4800,16200,10,1000,0,0,2026,2026-05,19.0,DATE DE PAIEMENT RENSEIGNEE,OK,5,2026Q2,30.0,19.0,False,False,False,True
OP_02325,CLIENT_0807,PERSONNE PHYSIQUE,COMPAGNIE_02,POLICE_01291,1,TRAVEL ASSURANCE,0,PROROGATION,2026-05-11,2026-09-01,2026-05-12,2026-05-12,2026-05-12,2026-06-14,7800,0,900,0,8800,10,800,0,0,2026,2026-05,33.0,DATE DE PAIEMENT RENSEIGNEE,OK,5,2026Q2,113.0,33.0,False,False,False,True
OP_02326,CLIENT_0820,PERSONNE PHYSIQUE,COMPAGNIE_06,POLICE_01317,0,AUTOMOBILE,MONO AUTO,AFFAIRE NOUVELLE,2026-04-23,2027-04-22,2026-05-12,2026-05-12,2026-05-12,2026-05-12,68400,0,8700,4300,81400,15,10300,0,0,2026,2026-05,0.0,DATE DE PAIEMENT RENSEIGNEE,OK,5,2026Q2,364.0,0.0,False,False,False,True
OP_02327,CLIENT_0050,PERSONNE MORALE,COMPAGNIE_06,POLICE_00050,229,AUTOMOBILE,FLOTTE AUTOMOBILE,INCORPORATION,2026-04-12,2027-01-06,2026-05-13,2026-05-13,2026-05-13,2026-05-13,87400,0,8900,1000,97200,15,13100,0,0,2026,2026-05,0.0,DATE DE PAIEMENT RENSEIGNEE,OK,5,2026Q2,269.0,0.0,False,False,False,True
OP_02328,CLIENT_0050,PERSONNE MORALE,COMPAGNIE_06,POLICE_00050,230,AUTOMOBILE,FLOTTE AUTOMOBILE,INCORPORATION,2026-04-12,2027-01-06,2026-05-13,2026-05-13,2026-05-13,2026-05-13,98700,0,10000,1100,109800,15,14800,0,0,2026,2026-05,0.0,DATE DE PAIEMENT RENSEIGNEE,OK,5,2026Q2,269.0,0.0,False,False,False,True
OP_02329,CLIENT_0050,PERSONNE MORALE,COMPAGNIE_06,POLICE_00050,231,AUTOMOBILE,FLOTTE AUTOMOBILE,INCORPORATION,2026-04-12,2027-01-06,2026-05-13,2026-05-13,2026-05-13,2026-05-13,77100,0,7800,900,85800,15,11600,0,0,2026,2026-05,0.0,DATE DE PAIEMENT RENSEIGNEE,OK,5,2026Q2,269.0,0.0,False,False,False,True
OP_02330,CLIENT_0050,PERSONNE MORALE,COMPAGNIE_06,POLICE_00050,232,AUTOMOBILE,FLOTTE AUTOMOBILE,INCORPORATION,2026-04-13,2027-01-06,2026-05-13,2026-05-13,2026-05-13,2026-05-13,28900,0,3000,900,32800,15,4300,0,0,2026,2026-05,0.0,DATE DE PAIEMENT RENSEIGNEE,OK,5,2026Q2,268.0,0.0,False,False,False,True
OP_02331,CLIENT_0468,PERSONNE PHYSIQUE,COMPAGNIE_02,POLICE_00620,6,AUTOMOBILE,MONO AUTO,RENOUVELLEMENT,2026-04-13,2026-07-12,2026-05-13,2026-05-13,2026-05-13,2026-05-13,11300,10100,1300,1300,13900,15,1700,0,0,2026,2026-05,0.0,DATE DE PAIEMENT RENSEIGNEE,OK,5,2026Q2,90.0,0.0,False,False,False,True
OP_02332,CLIENT_0615,PERSONNE PHYSIQUE,COMPAGNIE_01,POLICE_01308,0,AUTOMOBILE,MONO AUTO,AFFAIRE NOUVELLE,2026-05-13,2026-11-12,2026-05-13,2026-05-13,2026-05-13,2026-06-08,68600,0,7300,4500,80400,15,10300,0,0,2026,2026-05,26.0,DATE DE PAIEMENT RENSEIGNEE,OK,5,2026Q2,183.0,26.0,False,False,False,True
OP_02333,CLIENT_0263,PERSONNE PHYSIQUE,COMPAGNIE_02,POLICE_00324,7,AUTOMOBILE,MONO AUTO,RENOUVELLEMENT,2026-05-13,2027-05-12,2026-05-14,2026-05-14,2026-05-14,2026-06-14,182200,62400,18500,3300,204000,15,27300,0,0,2026,2026-05,31.0,DATE DE PAIEMENT RENSEIGNEE,OK,5,2026Q2,364.0,31.0,False,False,False,True
OP_02334,CLIENT_0309,PERSONNE PHYSIQUE,COMPAGNIE_02,POLICE_00385,7,AUTOMOBILE,MONO AUTO,RENOUVELLEMENT,2026-05-14,2026-11-13,2026-05-14,2026-05-14,2026-05-14,2026-05-28,79300,29800,8200,3100,90700,15,11900,0,0,2026,2026-05,14.0,DATE DE PAIEMENT RENSEIGNEE,OK,5,2026Q2,183.0,14.0,False,False,False,True
OP_02335,CLIENT_0291,PERSONNE MORALE,COMPAGNIE_04,POLICE_00354,12,MULTIRISQUE PROFESSIONNELLE,INCENDIE,MODIFICATION,2026-04-30,2027-04-29,2026-05-15,2026-05-15,2026-05-15,,-19000,0,-1200,5600,-14600,17,-3200,0,0,2026,2026-05,,DATE DE PAIEMENT NON RENSEIGNEE,OK,5,2026Q2,364.0,,False,False,True,False
OP_02336,CLIENT_0312,PERSONNE PHYSIQUE,COMPAGNIE_01,POLICE_01217,2,AUTOMOBILE,MONO AUTO,RENOUVELLEMENT,2026-05-08,2026-08-07,2026-05-15,2026-05-08,2026-05-15,2026-06-02,41500,0,5300,2500,49200,15,6200,0,0,2026,2026-05,18.0,DATE DE PAIEMENT RENSEIGNEE,OK,5,2026Q2,91.0,18.0,False,False,False,True
OP_02337,CLIENT_0818,PERSONNE PHYSIQUE,COMPAGNIE_03,POLICE_01314,0,AUTOMOBILE,MONO AUTO,AFFAIRE NOUVELLE,2026-05-15,2027-05-14,2026-05-15,2026-05-15,2026-05-15,2026-07-23,45300,44500,4800,2900,53000,15,6800,0,0,2026,2026-05,69.0,DATE DE PAIEMENT RENSEIGNEE,OK,5,2026Q2,364.0,69.0,False,False,False,True
OP_02338,CLIENT_0196,PERSONNE PHYSIQUE,COMPAGNIE_02,POLICE_00231,5,AUTOMOBILE,MONO AUTO,RENOUVELLEMENT,2026-04-01,2027-03-31,2026-05-16,2026-05-16,2026-05-16,2026-05-16,142800,54100,14600,3200,160600,15,21400,0,0,2026,2026-05,0.0,DATE DE PAIEMENT RENSEIGNEE,OK,5,2026Q2,364.0,0.0,False,False,False,True
OP_02339,CLIENT_0312,PERSONNE PHYSIQUE,COMPAGNIE_01,POLICE_01217,1,AUTOMOBILE,MONO AUTO,RENOUVELLEMENT,2026-02-07,2026-05-06,2026-05-18,2026-02-15,2026-05-18,2026-05-29,36400,0,4600,1700,42600,15,5500,0,0,2026,2026-05,11.0,DATE DE PAIEMENT RENSEIGNEE,OK,5,2026Q2,88.0,11.0,False,False,False,True
OP_02340,CLIENT_0805,PERSONNE PHYSIQUE,COMPAGNIE_02,POLICE_01289,1,TRAVEL ASSURANCE,0,PROROGATION,2026-05-17,2026-09-07,2026-05-18,2026-05-18,2026-05-18,2026-06-20,13100,0,1600,0,14700,10,1300,0,0,2026,2026-05,33.0,DATE DE PAIEMENT RENSEIGNEE,OK,5,2026Q2,113.0,33.0,False,False,False,True
OP_02341,CLIENT_0834,PERSONNE MORALE,COMPAGNIE_03,POLICE_01334,0,ASSURANCE SANTE,ASSURANCE MALADIE GROUPE,AFFAIRE NOUVELLE,2026-04-03,2027-04-02,2026-05-18,2026-05-18,2026-05-18,,9994900,0,0,101000,10095800,10,999500,0,0,2026,2026-05,,DATE DE PAIEMENT NON RENSEIGNEE,OK,5,2026Q2,364.0,,False,False,False,False
OP_02342,CLIENT_0226,PERSONNE PHYSIQUE,COMPAGNIE_03,POLICE_00275,2,AUTOMOBILE,MONO AUTO,RENOUVELLEMENT,2026-05-19,2027-05-18,2026-05-19,2026-05-19,2026-05-19,2026-08-06,61200,60300,6700,5300,73200,15,9200,0,0,2026,2026-05,79.0,DATE DE PAIEMENT RENSEIGNEE,OK,5,2026Q2,364.0,79.0,False,False,False,True
OP_02343,CLIENT_0806,PERSONNE PHYSIQUE,COMPAGNIE_02,POLICE_01290,1,TRAVEL ASSURANCE,0,PROROGATION,2026-05-18,2026-09-08,2026-05-19,2026-05-19,2026-05-19,2026-06-21,9100,0,1100,0,10200,10,900,0,0,2026,2026-05,33.0,DATE DE PAIEMENT RENSEIGNEE,OK,5,2026Q2,113.0,33.0,False,False,False,True
OP_02344,CLIENT_0812,PERSONNE PHYSIQUE,COMPAGNIE_03,POLICE_01302,0,AUTOMOBILE,MONO AUTO,AFFAIRE NOUVELLE,2026-05-19,2026-08-18,2026-05-19,2026-05-19,2026-05-19,2026-08-05,13400,13200,1900,5700,21000,15,2000,0,0,2026,2026-05,78.0,DATE DE PAIEMENT RENSEIGNEE,OK,5,2026Q2,91.0,78.0,False,False,False,True
OP_02345,CLIENT_0832,PERSONNE PHYSIQUE,COMPAGNIE_02,POLICE_01331,0,TRAVEL ASSURANCE,0,AFFAIRE NOUVELLE,2026-05-22,2026-06-22,2026-05-19,2026-05-19,2026-05-19,2026-05-29,20300,0,2400,0,22700,10,2000,0,0,2026,2026-05,10.0,DATE DE PAIEMENT RENSEIGNEE,OK,5,2026Q2,31.0,10.0,False,False,False,True
OP_02346,CLIENT_0280,PERSONNE PHYSIQUE,COMPAGNIE_04,POLICE_00341,8,AUTOMOBILE,MONO AUTO,RENOUVELLEMENT,2026-05-24,2027-05-23,2026-05-20,2026-05-20,2026-05-20,,41000,39500,4400,2900,48400,15,6200,0,0,2026,2026-05,,DATE DE PAIEMENT NON RENSEIGNEE,OK,5,2026Q2,364.0,,False,False,False,False
OP_02347,CLIENT_0814,PERSONNE MORALE,COMPAGNIE_02,POLICE_01309,0,RC CHEF D'ENTREPRISE,RESPONSABILITE,AFFAIRE NOUVELLE,2026-05-18,2026-08-17,2026-05-20,2026-05-20,2026-05-20,2026-06-10,40500,14100,5500,5600,51700,15,6100,0,0,2026,2026-05,21.0,DATE DE PAIEMENT RENSEIGNEE,OK,5,2026Q2,91.0,21.0,False,False,False,True
OP_02348,CLIENT_0835,PERSONNE PHYSIQUE,COMPAGNIE_03,POLICE_01337,0,AUTOMOBILE,MONO AUTO,AFFAIRE NOUVELLE,2026-05-19,2027-05-18,2026-05-20,2026-05-20,2026-05-20,2026-07-16,43200,42500,4600,2800,50600,15,6500,0,0,2026,2026-05,57.0,DATE DE PAIEMENT RENSEIGNEE,OK,5,2026Q2,364.0,57.0,False,False,False,True
OP_02349,CLIENT_0297,PERSONNE PHYSIQUE,COMPAGNIE_03,POLICE_00361,14,AUTOMOBILE,MONO AUTO,RENOUVELLEMENT,2026-05-22,2026-08-19,2026-05-22,2026-05-22,2026-05-22,2026-07-25,10600,10200,1600,5300,17500,15,1600,0,0,2026,2026-05,64.0,DATE DE PAIEMENT RENSEIGNEE,OK,5,2026Q2,89.0,64.0,False,False,False,True
OP_02350,CLIENT_0709,PERSONNE PHYSIQUE,COMPAGNIE_01,POLICE_01106,2,AUTOMOBILE,MONO AUTO,RENOUVELLEMENT,2026-02-23,2026-05-25,2026-05-22,2026-02-19,2026-05-22,,42100,0,5700,5300,53000,15,6300,0,0,2026,2026-05,,DATE DE PAIEMENT NON RENSEIGNEE,OK,5,2026Q2,91.0,,False,False,False,False
OP_02351,CLIENT_0827,PERSONNE PHYSIQUE,COMPAGNIE_04,POLICE_01324,1,AUTOMOBILE,MONO AUTO,RENOUVELLEMENT,2021-07-18,,2026-05-23,2026-05-23,2026-05-23,,22800,0,2300,0,25000,15,3400,0,0,2026,2026-05,,DATE DE PAIEMENT NON RENSEIGNEE,OK,5,2026Q2,,,False,False,False,False
OP_02352,CLIENT_0829,PERSONNE PHYSIQUE,COMPAGNIE_03,POLICE_01326,0,AUTOMOBILE,MONO AUTO,AFFAIRE NOUVELLE,2026-05-23,2026-08-22,2026-05-23,2026-05-23,2026-05-23,2026-07-24,13100,12900,1900,5600,20600,15,2000,0,0,2026,2026-05,62.0,DATE DE PAIEMENT RENSEIGNEE,OK,5,2026Q2,91.0,62.0,False,False,False,True
OP_02353,CLIENT_0283,PERSONNE PHYSIQUE,COMPAGNIE_03,POLICE_00945,2,AUTOMOBILE,MONO AUTO,RENOUVELLEMENT,2026-05-25,2026-11-24,2026-05-24,2026-05-24,2026-05-24,,25800,25400,2900,3500,32300,15,3900,0,0,2026,2026-05,,DATE DE PAIEMENT NON RENSEIGNEE,OK,5,2026Q2,183.0,,False,False,False,False
OP_02354,CLIENT_0305,PERSONNE PHYSIQUE,COMPAGNIE_04,POLICE_00371,10,AUTOMOBILE,MONO AUTO,RENOUVELLEMENT,2026-05-22,2026-11-21,2026-05-24,2026-05-24,2026-05-24,,19700,18900,2400,4400,26500,15,2900,0,0,2026,2026-05,,DATE DE PAIEMENT NON RENSEIGNEE,OK,5,2026Q2,183.0,,False,False,False,False
OP_02355,CLIENT_0532,PERSONNE PHYSIQUE,COMPAGNIE_03,POLICE_01047,1,AUTOMOBILE,MONO AUTO,RENOUVELLEMENT,2026-05-21,2026-08-20,2026-05-24,2026-05-24,2026-05-24,2026-07-21,21400,21200,2400,2900,26700,15,3200,0,0,2026,2026-05,58.0,DATE DE PAIEMENT RENSEIGNEE,OK,5,2026Q2,91.0,58.0,False,False,False,True
OP_02356,CLIENT_0828,PERSONNE PHYSIQUE,COMPAGNIE_04,POLICE_01325,3,AUTOMOBILE,MONO AUTO,RENOUVELLEMENT,2021-08-28,2022-08-27,2026-05-24,2026-05-24,2026-05-24,,40800,0,4500,4700,50000,15,6100,0,0,2026,2026-05,,DATE DE PAIEMENT NON RENSEIGNEE,OK,5,2026Q2,364.0,,False,False,False,False
OP_02357,CLIENT_0474,PERSONNE PHYSIQUE,COMPAGNIE_04,POLICE_01323,1,AUTOMOBILE,MONO AUTO,CHANGEMENT D'IMMATRICULATION,2021-09-05,,2026-05-25,2026-05-25,2026-05-25,,0,0,0,2300,2300,15,0,0,0,2026,2026-05,,DATE DE PAIEMENT NON RENSEIGNEE,OK,5,2026Q2,,,False,False,False,False
OP_02358,CLIENT_0830,PERSONNE PHYSIQUE,COMPAGNIE_02,POLICE_01329,0,TRAVEL ASSURANCE,0,AFFAIRE NOUVELLE,2026-05-28,2026-06-28,2026-05-25,2026-05-25,2026-05-25,2026-06-04,24200,0,2900,0,27200,10,2400,0,0,2026,2026-05,10.0,DATE DE PAIEMENT RENSEIGNEE,OK,5,2026Q2,31.0,10.0,False,False,False,True
OP_02359,CLIENT_0014,PERSONNE PHYSIQUE,COMPAGNIE_03,POLICE_00014,8,AUTOMOBILE,MONO AUTO,RENOUVELLEMENT,2026-05-26,2026-12-25,2026-05-26,2026-05-26,2026-05-26,2026-08-03,31400,31000,3600,4700,39800,15,4700,0,0,2026,2026-05,69.0,DATE DE PAIEMENT RENSEIGNEE,OK,5,2026Q2,213.0,69.0,False,False,False,True
OP_02360,CLIENT_0106,PERSONNE PHYSIQUE,COMPAGNIE_03,POLICE_00931,2,AUTOMOBILE,MONO AUTO,RENOUVELLEMENT,2026-05-26,2026-11-25,2026-05-26,2026-05-26,2026-05-26,2026-07-30,27700,27300,3000,2800,33500,15,4100,0,0,2026,2026-05,65.0,DATE DE PAIEMENT RENSEIGNEE,OK,5,2026Q2,183.0,65.0,False,False,False,True
OP_02361,CLIENT_0116,PERSONNE PHYSIQUE,COMPAGNIE_03,POLICE_01234,2,AUTOMOBILE,MONO AUTO,RENOUVELLEMENT,2026-05-27,2026-08-26,2026-05-26,2026-05-26,2026-05-26,2026-07-16,14200,14100,1500,900,16700,15,2100,0,0,2026,2026-05,51.0,DATE DE PAIEMENT RENSEIGNEE,OK,5,2026Q2,91.0,51.0,False,False,False,True
OP_02362,CLIENT_0263,PERSONNE PHYSIQUE,COMPAGNIE_01,POLICE_01275,1,AUTOMOBILE,MONO AUTO,CHANGEMENT D'IMMATRICULATION,2026-05-26,2027-04-19,2026-05-26,2026-05-26,2026-05-26,,0,0,0,0,0,0,0,0,0,2026,2026-05,,DATE DE PAIEMENT NON RENSEIGNEE,OK,5,2026Q2,328.0,,False,False,False,False
OP_02363,CLIENT_0338,PERSONNE PHYSIQUE,COMPAGNIE_05,POLICE_00430,3,AUTOMOBILE,MONO AUTO,RENOUVELLEMENT,2026-05-27,2026-11-25,2026-05-26,2026-05-26,2026-05-26,,23800,20900,2600,1900,28300,15,3600,0,0,2026,2026-05,,DATE DE PAIEMENT NON RENSEIGNEE,OK,5,2026Q2,182.0,,False,False,False,False
OP_02364,CLIENT_0836,PERSONNE PHYSIQUE,COMPAGNIE_03,POLICE_01339,0,AUTOMOBILE,MONO MOTO,AFFAIRE NOUVELLE,2026-05-26,2027-05-25,2026-05-26,2026-05-26,2026-05-26,,18100,17100,2300,5000,25400,15,2700,0,0,2026,2026-05,,DATE DE PAIEMENT NON RENSEIGNEE,OK,5,2026Q2,364.0,,False,False,False,False
OP_02365,CLIENT_0061,PERSONNE PHYSIQUE,COMPAGNIE_02,POLICE_00061,10,AUTOMOBILE,MONO AUTO,PROROGATION,2026-05-26,2026-08-25,2026-05-27,2026-05-27,2026-05-27,2026-06-17,43900,15500,4400,0,48300,15,6600,0,0,2026,2026-05,21.0,DATE DE PAIEMENT RENSEIGNEE,OK,5,2026Q2,91.0,21.0,False,False,False,True
OP_02366,CLIENT_0707,PERSONNE PHYSIQUE,COMPAGNIE_03,POLICE_01039,3,AUTOMOBILE,MONO AUTO,RENOUVELLEMENT,2026-05-26,2026-08-25,2026-05-27,2026-05-27,2026-05-27,2026-07-24,13300,1400,1400,900,15600,15,2000,0,0,2026,2026-05,58.0,DATE DE PAIEMENT RENSEIGNEE,OK,5,2026Q2,91.0,58.0,False,False,False,True
OP_02367,CLIENT_0815,PERSONNE PHYSIQUE,COMPAGNIE_02,POLICE_01310,0,TRAVEL ASSURANCE,0,AFFAIRE NOUVELLE,2026-05-31,2026-07-14,2026-05-27,2026-05-27,2026-05-27,2026-06-15,19500,0,2300,0,21900,10,2000,0,0,2026,2026-05,19.0,DATE DE PAIEMENT RENSEIGNEE,OK,5,2026Q2,44.0,19.0,False,False,False,True
OP_02368,CLIENT_0821,PERSONNE PHYSIQUE,COMPAGNIE_01,POLICE_01318,0,RC SCOLAIRE,RESPONSABILITE,AFFAIRE NOUVELLE,2026-06-02,2027-06-01,2026-05-27,2026-05-27,2026-05-27,2026-07-18,4200,0,900,3100,8200,17,700,0,0,2026,2026-05,52.0,DATE DE PAIEMENT RENSEIGNEE,OK,5,2026Q2,364.0,52.0,False,False,False,True
OP_02369,CLIENT_0084,PERSONNE MORALE,COMPAGNIE_01,POLICE_01343,6,AUTOMOBILE,MONO AUTO,RENOUVELLEMENT,2026-03-25,,2026-05-29,2026-05-29,2026-05-29,2026-05-29,43700,0,5900,5500,55100,15,6600,0,0,2026,2026-05,0.0,DATE DE PAIEMENT RENSEIGNEE,OK,5,2026Q2,,0.0,False,False,False,True
OP_02370,CLIENT_0084,PERSONNE MORALE,COMPAGNIE_01,POLICE_01344,7,AUTOMOBILE,MONO AUTO,RENOUVELLEMENT,2026-03-25,,2026-05-29,2026-05-29,2026-05-29,2026-05-29,37000,0,5000,4700,46700,15,5600,0,0,2026,2026-05,0.0,DATE DE PAIEMENT RENSEIGNEE,OK,5,2026Q2,,0.0,False,False,False,True
OP_02371,CLIENT_0084,PERSONNE MORALE,COMPAGNIE_01,POLICE_01346,7,AUTOMOBILE,MONO AUTO,RENOUVELLEMENT,2026-04-10,2026-10-09,2026-05-29,2026-05-29,2026-05-29,2026-05-29,45800,0,5400,5700,56900,15,6900,0,0,2026,2026-05,0.0,DATE DE PAIEMENT RENSEIGNEE,OK,5,2026Q2,182.0,0.0,False,False,False,True
OP_02372,CLIENT_0318,PERSONNE MORALE,COMPAGNIE_01,POLICE_01336,1,AUTOMOBILE,MONO AUTO,RENOUVELLEMENT,2026-05-30,2027-05-29,2026-05-29,2026-05-29,2026-05-29,2026-07-13,63500,62400,6900,5200,75600,15,9500,0,0,2026,2026-05,45.0,DATE DE PAIEMENT RENSEIGNEE,OK,5,2026Q2,364.0,45.0,False,False,False,True
OP_02373,CLIENT_0343,PERSONNE PHYSIQUE,COMPAGNIE_02,POLICE_00441,6,AUTOMOBILE,MONO AUTO,RENOUVELLEMENT,2026-05-29,2027-05-28,2026-05-30,2026-05-30,2026-05-30,2026-06-29,130100,53000,13300,2700,146100,15,19500,0,0,2026,2026-05,30.0,DATE DE PAIEMENT RENSEIGNEE,OK,5,2026Q2,364.0,30.0,False,False,False,True
OP_02374,CLIENT_0418,PERSONNE PHYSIQUE,COMPAGNIE_03,POLICE_00960,1,AUTOMOBILE,MONO AUTO,RENOUVELLEMENT,2026-05-30,2027-05-29,2026-05-30,2026-05-30,2026-05-30,2026-08-08,44800,43900,4900,4600,54300,15,6700,0,0,2026,2026-05,70.0,DATE DE PAIEMENT RENSEIGNEE,OK,5,2026Q2,364.0,70.0,False,False,False,True
OP_02375,CLIENT_0649,PERSONNE PHYSIQUE,COMPAGNIE_04,POLICE_00952,1,AUTOMOBILE,MONO AUTO,RENOUVELLEMENT,2026-05-30,2027-05-29,2026-05-30,2026-05-30,2026-05-30,,44700,43200,4800,2800,52300,15,6700,0,0,2026,2026-05,,DATE DE PAIEMENT NON RENSEIGNEE,OK,5,2026Q2,364.0,,False,False,False,False
OP_02376,CLIENT_0826,PERSONNE PHYSIQUE,COMPAGNIE_04,POLICE_01322,1,AUTOMOBILE,MONO AUTO,RENOUVELLEMENT,2021-08-24,2022-08-23,2026-05-30,2026-05-30,2026-05-30,,47000,0,5200,4800,56900,15,7000,0,0,2026,2026-05,,DATE DE PAIEMENT NON RENSEIGNEE,OK,5,2026Q2,364.0,,False,False,False,False
OP_02377,CLIENT_0045,PERSONNE PHYSIQUE,COMPAGNIE_03,POLICE_01304,0,AUTOMOBILE,MONO AUTO,AFFAIRE NOUVELLE,2026-05-31,2027-05-30,2026-05-31,2026-05-31,2026-05-31,2026-08-11,115400,114100,14400,4500,134300,15,17300,0,0,2026,2026-05,72.0,DATE DE PAIEMENT RENSEIGNEE,OK,5,2026Q2,364.0,72.0,False,False,False,True
OP_02378,CLIENT_0050,PERSONNE MORALE,COMPAGNIE_06,POLICE_00050,233,AUTOMOBILE,FLOTTE AUTOMOBILE,INCORPORATION,2026-05-03,2027-01-06,2026-05-31,2026-05-31,2026-05-31,2026-05-31,23200,0,2400,1000,26600,15,3500,0,0,2026,2026-05,0.0,DATE DE PAIEMENT RENSEIGNEE,OK,5,2026Q2,248.0,0.0,False,False,False,True
OP_02379,CLIENT_0050,PERSONNE MORALE,COMPAGNIE_06,POLICE_00050,234,AUTOMOBILE,FLOTTE AUTOMOBILE,INCORPORATION,2026-05-04,2027-01-06,2026-05-31,2026-05-31,2026-05-31,2026-05-31,31200,0,3200,900,35300,15,4700,0,0,2026,2026-05,0.0,DATE DE PAIEMENT RENSEIGNEE,OK,5,2026Q2,247.0,0.0,False,False,False,True
OP_02380,CLIENT_0050,PERSONNE MORALE,COMPAGNIE_06,POLICE_00050,235,AUTOMOBILE,FLOTTE AUTOMOBILE,INCORPORATION,2026-05-10,2027-01-06,2026-05-31,2026-05-31,2026-05-31,2026-05-31,28800,0,3000,900,32700,15,4300,0,0,2026,2026-05,0.0,DATE DE PAIEMENT RENSEIGNEE,OK,5,2026Q2,241.0,0.0,False,False,False,True
OP_02381,CLIENT_0145,PERSONNE PHYSIQUE,COMPAGNIE_04,POLICE_00170,6,AUTOMOBILE,MONO AUTO,RENOUVELLEMENT,2026-03-05,2027-03-04,2026-05-31,2026-05-31,2026-05-31,2026-05-31,52400,50700,5800,5300,63500,15,7900,0,0,2026,2026-05,0.0,DATE DE PAIEMENT RENSEIGNEE,OK,5,2026Q2,364.0,0.0,False,False,False,True
OP_02382,CLIENT_0269,PERSONNE PHYSIQUE,COMPAGNIE_03,POLICE_00330,5,AUTOMOBILE,MONO AUTO,PROROGATION,2026-05-31,2026-11-30,2026-05-31,2026-05-31,2026-05-31,2026-08-07,27900,27500,2900,900,31700,15,4200,0,0,2026,2026-05,68.0,DATE DE PAIEMENT RENSEIGNEE,OK,5,2026Q2,183.0,68.0,False,False,False,True
OP_02383,CLIENT_0282,PERSONNE PHYSIQUE,COMPAGNIE_04,POLICE_00344,2,AUTOMOBILE,MONO AUTO,RENOUVELLEMENT,2026-05-29,2027-05-28,2026-05-31,2026-05-31,2026-05-31,,65400,63700,6900,3400,75700,15,9800,0,0,2026,2026-05,,DATE DE PAIEMENT NON RENSEIGNEE,OK,5,2026Q2,364.0,,False,False,False,False
OP_02384,CLIENT_0620,PERSONNE PHYSIQUE,COMPAGNIE_03,POLICE_00896,5,AUTOMOBILE,MONO AUTO,RENOUVELLEMENT,2026-06-02,2026-08-31,2026-05-31,2026-05-31,2026-05-31,,12000,11700,1300,1000,14300,15,1800,0,0,2026,2026-05,,DATE DE PAIEMENT NON RENSEIGNEE,OK,5,2026Q2,90.0,,False,False,False,False
OP_02385,CLIENT_0037,PERSONNE PHYSIQUE,COMPAGNIE_02,POLICE_01327,0,TRAVEL ASSURANCE,0,AFFAIRE NOUVELLE,2026-06-04,2026-07-05,2026-06-01,2026-06-01,2026-06-01,2026-06-11,23700,0,2800,0,26600,10,2400,0,0,2026,2026-06,10.0,DATE DE PAIEMENT RENSEIGNEE,OK,6,2026Q2,31.0,10.0,False,False,False,True
OP_02386,CLIENT_0050,PERSONNE MORALE,COMPAGNIE_06,POLICE_00050,236,AUTOMOBILE,FLOTTE AUTOMOBILE,INCORPORATION,2026-05-31,2027-01-06,2026-06-01,2026-05-31,2026-06-01,2026-07-06,20300,18700,2100,900,23400,15,3000,0,0,2026,2026-06,35.0,DATE DE PAIEMENT RENSEIGNEE,OK,6,2026Q2,220.0,35.0,False,False,False,True
OP_02387,CLIENT_0816,PERSONNE PHYSIQUE,COMPAGNIE_02,POLICE_01312,0,TRAVEL ASSURANCE,0,AFFAIRE NOUVELLE,2026-06-19,2026-06-26,2026-06-01,2026-06-01,2026-06-01,2026-06-20,11500,0,1400,0,12900,10,1200,0,0,2026,2026-06,19.0,DATE DE PAIEMENT RENSEIGNEE,OK,6,2026Q2,7.0,19.0,False,False,False,True
OP_02388,CLIENT_0817,PERSONNE PHYSIQUE,COMPAGNIE_02,POLICE_01313,0,TRAVEL ASSURANCE,0,AFFAIRE NOUVELLE,2026-06-02,2026-07-03,2026-06-01,2026-06-01,2026-06-01,2026-06-20,10300,0,1200,0,11600,10,1000,0,0,2026,2026-06,19.0,DATE DE PAIEMENT RENSEIGNEE,OK,6,2026Q2,31.0,19.0,False,False,False,True
OP_02389,CLIENT_0825,PERSONNE MORALE,COMPAGNIE_04,POLICE_01321,0,AUTOMOBILE,MONO AUTO,AFFAIRE NOUVELLE,2026-05-04,2027-05-03,2026-06-01,2026-06-01,2026-06-01,2026-06-01,16300,0,2100,3200,21600,15,2400,0,0,2026,2026-06,0.0,DATE DE PAIEMENT RENSEIGNEE,OK,6,2026Q2,364.0,0.0,False,False,False,True
OP_02390,CLIENT_0045,PERSONNE PHYSIQUE,COMPAGNIE_02,POLICE_01311,0,TRAVEL ASSURANCE,0,AFFAIRE NOUVELLE,2026-06-06,2026-07-20,2026-06-02,2026-06-02,2026-06-02,2026-06-21,22100,0,2600,0,24700,10,2200,0,0,2026,2026-06,19.0,DATE DE PAIEMENT RENSEIGNEE,OK,6,2026Q2,44.0,19.0,False,False,False,True
OP_02391,CLIENT_0084,PERSONNE MORALE,COMPAGNIE_01,POLICE_01351,0,AUTOMOBILE,MONO AUTO,AFFAIRE NOUVELLE,2026-04-22,,2026-06-02,2026-06-02,2026-06-02,2026-06-02,30800,0,1700,4600,37100,15,4600,0,0,2026,2026-06,0.0,DATE DE PAIEMENT RENSEIGNEE,OK,6,2026Q2,,0.0,False,False,False,True
OP_02392,CLIENT_0143,PERSONNE PHYSIQUE,COMPAGNIE_01,POLICE_01223,9,AUTOMOBILE,MONO AUTO,PROROGATION,2026-06-05,2026-12-05,2026-06-02,2026-06-02,2026-06-02,2026-06-25,26200,0,2600,0,28800,15,3900,0,0,2026,2026-06,23.0,DATE DE PAIEMENT RENSEIGNEE,OK,6,2026Q2,183.0,23.0,False,False,False,True
OP_02393,CLIENT_0264,PERSONNE PHYSIQUE,COMPAGNIE_01,POLICE_01335,8,AUTOMOBILE,MONO AUTO,RENOUVELLEMENT,2026-06-05,2026-12-04,2026-06-02,2026-06-02,2026-06-02,2026-07-18,71200,0,7600,4700,83500,15,10700,0,0,2026,2026-06,46.0,DATE DE PAIEMENT RENSEIGNEE,OK,6,2026Q2,182.0,46.0,False,False,False,True
OP_02394,CLIENT_0647,PERSONNE PHYSIQUE,COMPAGNIE_02,POLICE_01342,0,TRAVEL ASSURANCE,0,AFFAIRE NOUVELLE,2026-06-24,2026-07-23,2026-06-02,2026-06-02,2026-06-02,2026-07-01,19800,0,2400,0,22200,10,2000,0,0,2026,2026-06,29.0,DATE DE PAIEMENT RENSEIGNEE,OK,6,2026Q2,29.0,29.0,False,False,False,True
OP_02395,CLIENT_0842,PERSONNE PHYSIQUE,COMPAGNIE_03,POLICE_01355,0,AUTOMOBILE,MONO AUTO,AFFAIRE NOUVELLE,2026-06-01,2027-05-31,2026-06-02,2026-06-02,2026-06-02,,65800,64900,7200,5700,78700,15,9900,0,0,2026,2026-06,,DATE DE PAIEMENT NON RENSEIGNEE,OK,6,2026Q2,364.0,,False,False,False,False
OP_02396,CLIENT_0059,PERSONNE PHYSIQUE,COMPAGNIE_09,POLICE_01242,1,AUTOMOBILE,MONO AUTO,RENOUVELLEMENT,2026-06-03,2026-09-04,2026-06-03,2026-06-03,2026-06-03,,85100,167600,10500,2600,98200,15,12800,0,0,2026,2026-06,,DATE DE PAIEMENT NON RENSEIGNEE,OK,6,2026Q2,93.0,,False,False,False,False
OP_02397,CLIENT_0059,PERSONNE PHYSIQUE,COMPAGNIE_09,POLICE_01298,1,AUTOMOBILE,MONO AUTO,SUSPENSION,2026-06-04,2026-07-28,2026-06-03,2026-06-03,2026-06-03,,0,0,0,0,0,0,0,0,0,2026,2026-06,,DATE DE PAIEMENT NON RENSEIGNEE,OK,6,2026Q2,54.0,,False,False,False,False
OP_02398,CLIENT_0368,PERSONNE PHYSIQUE,COMPAGNIE_01,POLICE_01162,14,AUTOMOBILE,MONO AUTO,RENOUVELLEMENT,2026-04-28,2027-04-27,2026-06-03,2026-06-03,2026-06-03,2026-06-03,103000,0,13000,5300,121200,15,15400,0,0,2026,2026-06,0.0,DATE DE PAIEMENT RENSEIGNEE,OK,6,2026Q2,364.0,0.0,False,False,False,True
OP_02399,CLIENT_0831,PERSONNE PHYSIQUE,COMPAGNIE_02,POLICE_01330,0,TRAVEL ASSURANCE,0,AFFAIRE NOUVELLE,2026-06-06,2026-07-07,2026-06-03,2026-06-03,2026-06-03,2026-06-13,23200,0,2800,0,26000,10,2300,0,0,2026,2026-06,10.0,DATE DE PAIEMENT RENSEIGNEE,OK,6,2026Q2,31.0,10.0,False,False,False,True
OP_02400,CLIENT_0050,PERSONNE MORALE,COMPAGNIE_06,POLICE_00050,227,AUTOMOBILE,FLOTTE AUTOMOBILE,INCORPORATION,2026-03-04,2027-01-06,2026-06-04,2026-03-04,2026-06-04,,31600,0,3300,900,35800,15,4700,0,0,2026,2026-06,,DATE DE PAIEMENT NON RENSEIGNEE,OK,6,2026Q2,308.0,,False,False,False,False
OP_02401,CLIENT_0157,PERSONNE MORALE,COMPAGNIE_09,POLICE_01155,10,AUTOMOBILE,FLOTTE AUTOMOBILE,INCORPORATION,2026-06-03,2026-12-17,2026-06-04,2026-07-06,2026-07-06,,74800,135000,9400,3400,87700,15,11200,0,0,2026,2026-06,,DATE DE PAIEMENT NON RENSEIGNEE,OK,6,2026Q2,197.0,,False,False,False,False
OP_02402,CLIENT_0289,PERSONNE MORALE,COMPAGNIE_07,POLICE_00352,0,ASSURANCE SANTE,ASSURANCE MALADIE GROUPE,RENOUVELLEMENT,2026-04-27,2027-04-26,2026-06-04,2026-06-04,2026-06-04,,3418900,0,0,78400,3497200,10,341900,0,0,2026,2026-06,,DATE DE PAIEMENT NON RENSEIGNEE,OK,6,2026Q2,364.0,,False,False,False,False
OP_02403,CLIENT_0811,PERSONNE PHYSIQUE,COMPAGNIE_06,POLICE_01301,1,AUTOMOBILE,MONO AUTO,AJUSTEMENT,2026-05-10,2027-04-25,2026-06-04,2026-06-04,2026-06-04,2026-06-18,779500,127100,78500,5300,863200,15,116900,0,0,2026,2026-06,14.0,DATE DE PAIEMENT RENSEIGNEE,OK,6,2026Q2,350.0,14.0,False,False,False,True
OP_02404,CLIENT_0841,PERSONNE PHYSIQUE,COMPAGNIE_01,POLICE_01352,0,AUTOMOBILE,MONO AUTO,AFFAIRE NOUVELLE,2026-05-12,2026-08-11,2026-06-04,2026-06-04,2026-06-04,2026-06-04,20500,0,2300,2900,25700,15,3100,0,0,2026,2026-06,0.0,DATE DE PAIEMENT RENSEIGNEE,OK,6,2026Q2,91.0,0.0,False,False,False,True
OP_02405,CLIENT_0134,PERSONNE PHYSIQUE,COMPAGNIE_02,POLICE_00152,3,RC CHEF D'ENTREPRISE,RESPONSABILITE,RENOUVELLEMENT,2026-06-04,2027-06-03,2026-06-05,2026-06-05,2026-06-05,2026-06-25,558700,0,67700,5600,632000,17,95000,0,0,2026,2026-06,20.0,DATE DE PAIEMENT RENSEIGNEE,OK,6,2026Q2,364.0,20.0,False,False,False,True
OP_02406,CLIENT_0244,PERSONNE PHYSIQUE,COMPAGNIE_02,POLICE_00302,3,AUTOMOBILE,MONO AUTO,RENOUVELLEMENT,2026-04-26,,2026-06-05,2026-06-05,2026-06-05,2026-06-05,45700,0,4800,2700,53200,15,6900,0,0,2026,2026-06,0.0,DATE DE PAIEMENT RENSEIGNEE,OK,6,2026Q2,,0.0,False,False,False,True
OP_02407,CLIENT_0822,PERSONNE PHYSIQUE,COMPAGNIE_03,POLICE_01319,0,AUTOMOBILE,MONO AUTO,AFFAIRE NOUVELLE,2026-06-05,2027-06-04,2026-06-05,2026-06-05,2026-06-05,2026-08-08,48800,47600,5300,4700,58800,15,7300,0,0,2026,2026-06,64.0,DATE DE PAIEMENT RENSEIGNEE,OK,6,2026Q2,364.0,64.0,False,False,False,True
OP_02408,CLIENT_0824,PERSONNE PHYSIQUE,COMPAGNIE_04,POLICE_00921,2,AUTOMOBILE,FLOTTE AUTOMOBILE,RENOUVELLEMENT,2026-04-25,2027-04-24,2026-06-05,2026-06-05,2026-06-05,2026-06-05,976100,0,104200,9200,1089500,15,146400,0,0,2026,2026-06,0.0,DATE DE PAIEMENT RENSEIGNEE,OK,6,2026Q2,364.0,0.0,False,False,False,True
OP_02409,CLIENT_0837,PERSONNE PHYSIQUE,COMPAGNIE_02,POLICE_01340,0,TRAVEL ASSURANCE,0,AFFAIRE NOUVELLE,2026-07-22,,2026-06-05,2026-06-05,2026-06-05,2026-06-05,38300,0,7600,3400,49300,10,3800,0,0,2026,2026-06,0.0,DATE DE PAIEMENT RENSEIGNEE,OK,6,2026Q2,,0.0,False,False,False,True
OP_02410,CLIENT_0179,PERSONNE PHYSIQUE,COMPAGNIE_01,POLICE_01333,4,AUTOMOBILE,MONO AUTO,RENOUVELLEMENT,2026-03-25,2027-03-24,2026-06-06,2026-05-03,2026-06-06,,66700,0,7200,5700,79600,15,10000,0,0,2026,2026-06,,DATE DE PAIEMENT NON RENSEIGNEE,OK,6,2026Q2,364.0,,False,False,False,False
OP_02411,CLIENT_0823,PERSONNE PHYSIQUE,COMPAGNIE_04,POLICE_01320,17,AUTOMOBILE,MONO AUTO,RENOUVELLEMENT,2026-03-22,2027-03-21,2026-06-06,2026-06-06,2026-06-06,2026-06-06,184300,0,17000,4300,205500,15,27600,0,0,2026,2026-06,0.0,DATE DE PAIEMENT RENSEIGNEE,OK,6,2026Q2,364.0,0.0,False,False,False,True
OP_02412,CLIENT_0206,PERSONNE PHYSIQUE,COMPAGNIE_01,POLICE_01354,4,AUTOMOBILE,MONO AUTO,RENOUVELLEMENT,2026-06-13,2027-06-12,2026-06-07,2026-06-07,2026-06-07,2026-07-09,134000,0,13900,4700,152600,15,20100,0,0,2026,2026-06,32.0,DATE DE PAIEMENT RENSEIGNEE,OK,6,2026Q2,364.0,32.0,False,False,False,True
OP_02413,CLIENT_0217,PERSONNE PHYSIQUE,COMPAGNIE_01,POLICE_01316,0,AUTOMOBILE,MONO AUTO,RENOUVELLEMENT,2026-05-04,2027-05-03,2026-06-07,2026-06-07,2026-06-07,2026-06-07,40000,0,5300,4500,49900,15,6000,0,0,2026,2026-06,0.0,DATE DE PAIEMENT RENSEIGNEE,OK,6,2026Q2,364.0,0.0,False,False,False,True
OP_02414,CLIENT_0349,PERSONNE PHYSIQUE,COMPAGNIE_01,POLICE_01123,4,AUTOMOBILE,MONO AUTO,RENOUVELLEMENT,2026-06-06,2026-12-05,2026-06-07,2026-06-07,2026-06-07,2026-07-06,24000,0,2900,4600,31400,15,3600,0,0,2026,2026-06,29.0,DATE DE PAIEMENT RENSEIGNEE,OK,6,2026Q2,182.0,29.0,False,False,False,True
OP_02415,CLIENT_0393,PERSONNE PHYSIQUE,COMPAGNIE_02,POLICE_01328,0,TRAVEL ASSURANCE,0,AFFAIRE NOUVELLE,2026-06-10,2026-06-30,2026-06-07,2026-06-07,2026-06-07,2026-06-17,16800,0,2000,0,18900,10,1700,0,0,2026,2026-06,10.0,DATE DE PAIEMENT RENSEIGNEE,OK,6,2026Q2,20.0,10.0,False,False,False,True
OP_02416,CLIENT_0742,PERSONNE PHYSIQUE,COMPAGNIE_06,POLICE_01124,1,AUTOMOBILE,MONO AUTO,PROROGATION,2026-06-07,2026-12-06,2026-06-07,2026-06-07,2026-06-07,2026-06-21,99500,75500,9900,0,109400,15,14900,0,0,2026,2026-06,14.0,DATE DE PAIEMENT RENSEIGNEE,OK,6,2026Q2,182.0,14.0,False,False,False,True
OP_02417,CLIENT_0350,PERSONNE PHYSIQUE,COMPAGNIE_02,POLICE_00450,4,AUTOMOBILE,MONO AUTO,RENOUVELLEMENT,2026-06-08,2027-06-07,2026-06-08,2026-06-08,2026-06-08,2026-06-28,186600,73500,22800,3200,212600,15,28000,0,0,2026,2026-06,20.0,DATE DE PAIEMENT RENSEIGNEE,OK,6,2026Q2,364.0,20.0,False,False,False,True
OP_02418,CLIENT_0840,PERSONNE PHYSIQUE,COMPAGNIE_02,POLICE_01348,0,TRAVEL ASSURANCE,0,AFFAIRE NOUVELLE,2026-06-18,2026-07-05,2026-06-08,2026-06-15,2026-06-15,2026-07-05,18500,0,2200,0,20700,10,1800,0,0,2026,2026-06,20.0,DATE DE PAIEMENT RENSEIGNEE,OK,6,2026Q2,17.0,20.0,False,False,False,True
OP_02419,CLIENT_0839,PERSONNE MORALE,COMPAGNIE_01,POLICE_01347,0,AUTOMOBILE,MONO AUTO,AFFAIRE NOUVELLE,2026-04-12,,2026-06-09,2026-06-09,2026-06-09,2026-06-09,26600,0,800,5500,32800,15,4000,0,0,2026,2026-06,0.0,DATE DE PAIEMENT RENSEIGNEE,OK,6,2026Q2,,0.0,False,False,False,True
OP_02420,CLIENT_0242,PERSONNE PHYSIQUE,COMPAGNIE_06,POLICE_01133,1,AUTOMOBILE,MONO AUTO,RENOUVELLEMENT,2026-06-10,2026-12-09,2026-06-10,2026-06-10,2026-06-10,2026-06-18,122500,34300,12200,0,134700,15,18400,0,0,2026,2026-06,8.0,DATE DE PAIEMENT RENSEIGNEE,OK,6,2026Q2,182.0,8.0,False,False,False,True
OP_02421,CLIENT_0294,PERSONNE PHYSIQUE,COMPAGNIE_03,POLICE_00357,4,AUTOMOBILE,MONO AUTO,RENOUVELLEMENT,2026-06-11,2027-06-10,2026-06-10,2026-06-10,2026-06-10,2026-08-05,52400,51600,5700,4100,62200,15,7900,0,0,2026,2026-06,56.0,DATE DE PAIEMENT RENSEIGNEE,OK,6,2026Q2,364.0,56.0,False,False,False,True
OP_02422,CLIENT_0833,PERSONNE PHYSIQUE,COMPAGNIE_03,POLICE_01332,0,AUTOMOBILE,MONO AUTO,AFFAIRE NOUVELLE,2026-06-10,2027-06-09,2026-06-10,2026-06-10,2026-06-10,2026-08-10,60800,59900,6600,5300,72700,15,9100,0,0,2026,2026-06,61.0,DATE DE PAIEMENT RENSEIGNEE,OK,6,2026Q2,364.0,61.0,False,False,False,True
OP_02423,CLIENT_0838,PERSONNE PHYSIQUE,COMPAGNIE_01,POLICE_01345,0,AUTOMOBILE,MONO AUTO,AFFAIRE NOUVELLE,2026-04-06,2026-07-05,2026-06-10,2026-06-10,2026-06-10,2026-06-10,12700,0,3700,0,16400,15,1900,0,0,2026,2026-06,0.0,DATE DE PAIEMENT RENSEIGNEE,OK,6,2026Q2,90.0,0.0,False,False,False,True
OP_02424,CLIENT_0540,PERSONNE PHYSIQUE,COMPAGNIE_03,POLICE_00746,5,AUTOMOBILE,MONO AUTO,RENOUVELLEMENT,2026-06-07,2026-06-11,2026-06-11,2026-06-11,2026-06-11,,22200,21800,2300,1100,25600,15,3300,0,0,2026,2026-06,,DATE DE PAIEMENT NON RENSEIGNEE,OK,6,2026Q2,4.0,,False,False,False,False
OP_02425,CLIENT_0550,PERSONNE PHYSIQUE,COMPAGNIE_03,POLICE_00768,2,AUTOMOBILE,MONO AUTO,RENOUVELLEMENT,2026-06-08,2026-12-06,2026-06-11,2026-06-11,2026-06-11,,32500,32000,3400,1100,36900,15,4900,0,0,2026,2026-06,,DATE DE PAIEMENT NON RENSEIGNEE,OK,6,2026Q2,181.0,,False,False,False,False
OP_02426,CLIENT_0683,PERSONNE PHYSIQUE,COMPAGNIE_03,POLICE_00998,1,AUTOMOBILE,MONO AUTO,RENOUVELLEMENT,2026-07-03,2027-07-02,2026-06-11,2026-06-11,2026-06-11,,40800,39100,4400,3100,48300,15,6100,0,0,2026,2026-06,,DATE DE PAIEMENT NON RENSEIGNEE,OK,6,2026Q2,364.0,,False,False,False,False
OP_02427,CLIENT_0843,PERSONNE PHYSIQUE,COMPAGNIE_02,POLICE_01356,0,TRAVEL ASSURANCE,0,AFFAIRE NOUVELLE,2026-06-12,2026-06-15,2026-06-11,2026-06-11,2026-06-11,2026-07-03,11100,0,1300,0,12500,10,1100,0,0,2026,2026-06,22.0,DATE DE PAIEMENT RENSEIGNEE,OK,6,2026Q2,3.0,22.0,False,False,False,True
OP_02428,CLIENT_0313,PERSONNE PHYSIQUE,COMPAGNIE_02,POLICE_00390,8,AUTOMOBILE,MONO AUTO,RENOUVELLEMENT,2026-06-15,2027-06-14,2026-06-12,2026-06-12,2026-06-12,2026-07-19,143000,67100,14600,2700,160200,15,21400,0,0,2026,2026-06,37.0,DATE DE PAIEMENT RENSEIGNEE,OK,6,2026Q2,364.0,37.0,False,False,False,True
OP_02429,CLIENT_0764,PERSONNE PHYSIQUE,COMPAGNIE_02,POLICE_01338,0,TRAVEL ASSURANCE,0,AFFAIRE NOUVELLE,2026-07-03,2026-07-18,2026-06-12,2026-06-13,2026-06-13,2026-07-18,18700,0,2200,0,20900,10,1900,0,0,2026,2026-06,35.0,DATE DE PAIEMENT RENSEIGNEE,OK,6,2026Q2,15.0,35.0,False,False,False,True
OP_02430,CLIENT_0588,PERSONNE PHYSIQUE,COMPAGNIE_01,POLICE_01350,1,AUTOMOBILE,MONO AUTO,RENOUVELLEMENT,2026-05-03,2027-01-02,2026-06-13,2026-06-13,2026-06-13,2026-06-13,38400,0,4300,4700,47400,15,5800,0,0,2026,2026-06,0.0,DATE DE PAIEMENT RENSEIGNEE,OK,6,2026Q2,244.0,0.0,False,False,False,True
OP_02431,CLIENT_0785,PERSONNE PHYSIQUE,COMPAGNIE_03,POLICE_01297,1,AUTOMOBILE,MONO AUTO,RENOUVELLEMENT,2026-07-25,2027-07-24,2026-06-13,2026-06-13,2026-06-13,,80100,79200,8600,5500,94100,15,12000,0,0,2026,2026-06,,DATE DE PAIEMENT NON RENSEIGNEE,OK,6,2026Q2,364.0,,False,False,False,False
OP_02432,CLIENT_0533,PERSONNE PHYSIQUE,COMPAGNIE_03,POLICE_00730,3,AUTOMOBILE,MONO AUTO,RENOUVELLEMENT,2026-06-16,2026-12-16,2026-06-16,2026-06-16,2026-06-16,,21600,21200,2700,5000,29200,15,3200,0,0,2026,2026-06,,DATE DE PAIEMENT NON RENSEIGNEE,OK,6,2026Q2,183.0,,False,False,False,False
OP_02433,CLIENT_0851,PERSONNE PHYSIQUE,COMPAGNIE_02,POLICE_01367,0,TRAVEL ASSURANCE,0,AFFAIRE NOUVELLE,2026-06-18,2026-06-28,2026-06-16,2026-06-16,2026-06-16,2026-06-29,14500,0,1700,0,16300,10,1500,0,0,2026,2026-06,13.0,DATE DE PAIEMENT RENSEIGNEE,OK,6,2026Q2,10.0,13.0,False,False,False,True
OP_02434,CLIENT_0402,PERSONNE PHYSIQUE,COMPAGNIE_01,POLICE_01353,0,AUTOMOBILE,MONO AUTO,AFFAIRE NOUVELLE,2026-05-22,2026-08-21,2026-06-17,2026-06-17,2026-06-17,2026-06-17,11700,0,1400,2000,15100,15,1800,0,0,2026,2026-06,0.0,DATE DE PAIEMENT RENSEIGNEE,OK,6,2026Q2,91.0,0.0,False,False,False,True
OP_02435,CLIENT_0674,PERSONNE PHYSIQUE,COMPAGNIE_01,POLICE_01231,3,AUTOMOBILE,MONO AUTO,RENOUVELLEMENT,2026-03-04,2027-03-03,2026-06-17,2026-06-17,2026-06-17,,0,0,0,0,0,0,0,0,0,2026,2026-06,,DATE DE PAIEMENT NON RENSEIGNEE,OK,6,2026Q2,364.0,,False,False,False,False
OP_02436,CLIENT_0777,PERSONNE PHYSIQUE,COMPAGNIE_03,POLICE_01218,1,AUTOMOBILE,MONO AUTO,RENOUVELLEMENT,2026-06-14,2026-09-13,2026-06-17,2026-06-17,2026-06-17,,10900,10800,1200,900,13100,15,1600,0,0,2026,2026-06,,DATE DE PAIEMENT NON RENSEIGNEE,OK,6,2026Q2,91.0,,False,False,False,False
OP_02437,CLIENT_0846,PERSONNE PHYSIQUE,COMPAGNIE_02,POLICE_01361,0,TRAVEL ASSURANCE,0,AFFAIRE NOUVELLE,2026-06-16,2026-06-24,2026-06-18,2026-06-18,2026-06-18,2026-07-04,11300,0,1400,0,12600,10,1100,0,0,2026,2026-06,16.0,DATE DE PAIEMENT RENSEIGNEE,OK,6,2026Q2,8.0,16.0,False,False,False,True
OP_02438,CLIENT_0308,PERSONNE MORALE,COMPAGNIE_01,POLICE_01299,20,AUTOMOBILE,MONO AUTO,RENOUVELLEMENT,2026-05-11,2027-05-10,2026-06-20,2026-06-20,2026-06-20,2026-06-20,320300,0,34600,4300,359200,15,48000,0,0,2026,2026-06,0.0,DATE DE PAIEMENT RENSEIGNEE,OK,6,2026Q2,364.0,0.0,False,False,False,True
OP_02439,CLIENT_0072,PERSONNE PHYSIQUE,COMPAGNIE_05,POLICE_01341,0,AUTOMOBILE,MONO AUTO,AFFAIRE NOUVELLE,2026-06-22,2027-06-21,2026-06-21,2026-06-21,2026-06-21,,193400,81600,19900,5100,218400,15,29000,0,0,2026,2026-06,,DATE DE PAIEMENT NON RENSEIGNEE,OK,6,2026Q2,364.0,,False,False,False,False
OP_02440,CLIENT_0362,PERSONNE PHYSIQUE,COMPAGNIE_02,POLICE_00468,4,AUTOMOBILE,MONO AUTO,RENOUVELLEMENT,2026-06-19,2027-06-18,2026-06-22,2026-06-22,2026-06-22,2026-07-01,176600,67100,17900,2700,197300,15,26500,0,0,2026,2026-06,9.0,DATE DE PAIEMENT RENSEIGNEE,OK,6,2026Q2,364.0,9.0,False,False,False,True
OP_02441,CLIENT_0371,PERSONNE PHYSIQUE,COMPAGNIE_07,POLICE_00480,3,AUTOMOBILE,MONO AUTO,RENOUVELLEMENT,2026-06-26,2027-06-25,2026-06-22,2026-06-22,2026-06-22,,166200,0,17100,4600,187800,15,24900,0,0,2026,2026-06,,DATE DE PAIEMENT NON RENSEIGNEE,OK,6,2026Q2,364.0,,False,False,False,False
OP_02442,CLIENT_0678,PERSONNE PHYSIQUE,COMPAGNIE_02,POLICE_00990,2,AUTOMOBILE,MONO AUTO,RENOUVELLEMENT,2026-06-21,2026-12-21,2026-06-22,2026-06-22,2026-06-22,,85600,25200,8800,2700,97100,15,12800,0,0,2026,2026-06,,DATE DE PAIEMENT NON RENSEIGNEE,OK,6,2026Q2,183.0,,False,False,False,False
OP_02443,CLIENT_0847,PERSONNE PHYSIQUE,COMPAGNIE_03,POLICE_01362,0,AUTOMOBILE,FLOTTE AUTOMOBILE,AFFAIRE NOUVELLE,2026-06-21,2026-12-20,2026-06-22,2026-06-22,2026-06-22,,71000,70200,9100,4900,85100,15,10700,0,0,2026,2026-06,,DATE DE PAIEMENT NON RENSEIGNEE,OK,6,2026Q2,182.0,,False,False,False,False
OP_02444,CLIENT_0379,PERSONNE MORALE,COMPAGNIE_07,POLICE_00497,3,GLOBALE DOMMAGES,INCENDIE,RENOUVELLEMENT,2026-07-02,2027-07-01,2026-06-23,2026-06-23,2026-06-24,,186200,0,35700,5700,227600,15,27900,0,0,2026,2026-06,,DATE DE PAIEMENT NON RENSEIGNEE,OK,6,2026Q2,364.0,,False,False,False,False
OP_02445,CLIENT_0525,PERSONNE PHYSIQUE,COMPAGNIE_03,POLICE_00959,1,AUTOMOBILE,MONO AUTO,RENOUVELLEMENT,2026-06-26,2027-06-25,2026-06-23,2026-06-23,2026-06-23,,58100,800,6300,5100,69400,15,8700,0,0,2026,2026-06,,DATE DE PAIEMENT NON RENSEIGNEE,OK,6,2026Q2,364.0,,False,False,False,False
OP_02446,CLIENT_0525,PERSONNE PHYSIQUE,COMPAGNIE_03,POLICE_01252,1,AUTOMOBILE,FLOTTE AUTOMOBILE,RENOUVELLEMENT,2026-06-28,2026-09-27,2026-06-23,2026-06-23,2026-06-23,,32200,31500,4200,3100,39500,15,4800,0,0,2026,2026-06,,DATE DE PAIEMENT NON RENSEIGNEE,OK,6,2026Q2,91.0,,False,False,False,False
OP_02447,CLIENT_0674,PERSONNE PHYSIQUE,COMPAGNIE_01,POLICE_01231,4,AUTOMOBILE,MONO AUTO,RENOUVELLEMENT,2026-06-23,,2026-06-23,2026-06-23,2026-06-23,,0,0,0,0,0,0,0,0,0,2026,2026-06,,DATE DE PAIEMENT NON RENSEIGNEE,OK,6,2026Q2,,,False,False,False,False
OP_02448,CLIENT_0755,PERSONNE PHYSIQUE,COMPAGNIE_02,POLICE_01358,0,TRAVEL ASSURANCE,0,AFFAIRE NOUVELLE,2026-06-24,2026-07-04,2026-06-23,2026-06-23,2026-06-23,2026-07-13,14700,0,1800,0,16500,10,1500,0,0,2026,2026-06,20.0,DATE DE PAIEMENT RENSEIGNEE,OK,6,2026Q2,10.0,20.0,False,False,False,True
OP_02449,CLIENT_0852,PERSONNE PHYSIQUE,COMPAGNIE_02,POLICE_01368,0,TRAVEL ASSURANCE,0,AFFAIRE NOUVELLE,2026-06-26,2026-07-06,2026-06-24,2026-06-24,2026-06-24,2026-07-07,12400,0,1500,0,13900,10,1200,0,0,2026,2026-06,13.0,DATE DE PAIEMENT RENSEIGNEE,OK,6,2026Q2,10.0,13.0,False,False,False,True
OP_02450,CLIENT_0157,PERSONNE MORALE,COMPAGNIE_02,POLICE_01376,0,ASSURANCES TRANSPORTS,AERIEN,AFFAIRE NOUVELLE,2026-02-01,,2026-06-25,2026-06-25,2026-06-25,2026-06-25,96100,0,7800,900,104700,15,14400,0,0,2026,2026-06,0.0,DATE DE PAIEMENT RENSEIGNEE,OK,6,2026Q2,,0.0,False,False,False,True
OP_02451,CLIENT_0157,PERSONNE MORALE,COMPAGNIE_02,POLICE_01377,1,ASSURANCES TRANSPORTS,AERIEN,RENOUVELLEMENT,2025-01-18,,2026-06-25,2026-06-25,2026-06-25,2026-06-25,27142300,0,2193600,109800,29445800,15,4071300,0,0,2026,2026-06,0.0,DATE DE PAIEMENT RENSEIGNEE,OK,6,2026Q2,,0.0,False,False,False,True
OP_02452,CLIENT_0157,PERSONNE MORALE,COMPAGNIE_02,POLICE_01378,0,ASSURANCES TRANSPORTS,AERIEN,AFFAIRE NOUVELLE,2026-07-14,,2026-06-25,2026-06-25,2026-06-25,2026-06-25,55900,0,4500,900,61300,15,8400,0,0,2026,2026-06,0.0,DATE DE PAIEMENT RENSEIGNEE,OK,6,2026Q2,,0.0,False,False,False,True
OP_02453,CLIENT_0157,PERSONNE MORALE,COMPAGNIE_02,POLICE_01379,0,ASSURANCES TRANSPORTS,AERIEN,AFFAIRE NOUVELLE,2026-07-14,,2026-06-25,2026-06-25,2026-06-25,2026-06-25,18000,0,1500,1100,20700,15,2700,0,0,2026,2026-06,0.0,DATE DE PAIEMENT RENSEIGNEE,OK,6,2026Q2,,0.0,False,False,False,True
OP_02454,CLIENT_0268,PERSONNE PHYSIQUE,COMPAGNIE_12,POLICE_01237,5,ASSURANCE RENTE EDUCATION,0,RENOUVELLEMENT,2026-04-17,2026-05-17,2026-06-25,2026-06-25,2026-06-25,2026-06-25,16900,0,0,0,16900,24,4000,0,0,2026,2026-06,0.0,DATE DE PAIEMENT RENSEIGNEE,OK,6,2026Q2,30.0,0.0,False,False,False,True
OP_02455,CLIENT_0268,PERSONNE PHYSIQUE,COMPAGNIE_12,POLICE_01238,5,ASSURANCE RENTE EDUCATION,0,RENOUVELLEMENT,2026-04-17,2026-05-17,2026-06-25,2026-06-25,2026-06-25,2026-06-25,18900,0,0,0,18900,19,3600,0,0,2026,2026-06,0.0,DATE DE PAIEMENT RENSEIGNEE,OK,6,2026Q2,30.0,0.0,False,False,False,True
OP_02456,CLIENT_0380,PERSONNE PHYSIQUE,COMPAGNIE_03,POLICE_00499,3,AUTOMOBILE,MONO AUTO,RENOUVELLEMENT,2026-06-25,2026-06-24,2026-06-25,2026-06-25,2026-06-25,,102600,0,10700,4700,118100,15,15400,0,0,2026,2026-06,,DATE DE PAIEMENT NON RENSEIGNEE,EFFET_APRES_ECHEANCE,6,2026Q2,-1.0,,True,False,False,False
OP_02457,CLIENT_0506,PERSONNE PHYSIQUE,COMPAGNIE_02,POLICE_01357,1,TRAVEL ASSURANCE,0,RENOUVELLEMENT,2026-06-26,2026-07-06,2026-06-25,2026-06-25,2026-06-25,2026-07-15,14000,0,1700,0,15700,10,1400,0,0,2026,2026-06,20.0,DATE DE PAIEMENT RENSEIGNEE,OK,6,2026Q2,10.0,20.0,False,False,False,True
OP_02458,CLIENT_0855,PERSONNE PHYSIQUE,COMPAGNIE_03,POLICE_01372,0,AUTOMOBILE,MONO AUTO,AFFAIRE NOUVELLE,2026-06-25,2027-06-24,2026-06-25,2026-06-25,2026-06-25,,64500,63600,7000,5600,77100,15,9700,0,0,2026,2026-06,,DATE DE PAIEMENT NON RENSEIGNEE,OK,6,2026Q2,364.0,,False,False,False,False
OP_02459,CLIENT_0056,PERSONNE PHYSIQUE,COMPAGNIE_03,POLICE_00853,2,AUTOMOBILE,MONO AUTO,RENOUVELLEMENT,2026-08-02,2026-11-01,2026-06-26,2026-06-26,2026-06-26,,14200,14000,1900,4700,20800,15,2100,0,0,2026,2026-06,,DATE DE PAIEMENT NON RENSEIGNEE,OK,6,2026Q2,91.0,,False,False,False,False
OP_02460,CLIENT_0257,PERSONNE PHYSIQUE,COMPAGNIE_03,POLICE_00316,3,AUTOMOBILE,MONO AUTO,RENOUVELLEMENT,2026-05-29,2026-11-28,2026-06-26,2026-06-26,2026-06-26,,22700,0,2400,1000,26100,15,3400,0,0,2026,2026-06,,DATE DE PAIEMENT NON RENSEIGNEE,OK,6,2026Q2,183.0,,False,False,False,False
OP_02461,CLIENT_0273,PERSONNE PHYSIQUE,COMPAGNIE_01,POLICE_01349,6,AUTOMOBILE,MONO AUTO,RENOUVELLEMENT,2026-06-27,2027-06-26,2026-06-26,2026-06-26,2026-06-26,2026-07-31,81900,0,10500,5200,97600,15,12300,0,0,2026,2026-06,35.0,DATE DE PAIEMENT RENSEIGNEE,OK,6,2026Q2,364.0,35.0,False,False,False,True
OP_02462,CLIENT_0364,PERSONNE PHYSIQUE,COMPAGNIE_03,POLICE_00472,2,AUTOMOBILE,MONO AUTO,RENOUVELLEMENT,2026-06-23,2026-09-21,2026-06-26,2026-06-26,2026-06-26,,13500,13300,1800,4500,19800,15,2000,0,0,2026,2026-06,,DATE DE PAIEMENT NON RENSEIGNEE,OK,6,2026Q2,90.0,,False,False,False,False
OP_02463,CLIENT_0848,PERSONNE PHYSIQUE,COMPAGNIE_02,POLICE_01363,0,TRAVEL ASSURANCE,0,AFFAIRE NOUVELLE,2026-06-28,2026-07-08,2026-06-26,2026-06-26,2026-06-26,2026-07-09,13100,0,1600,0,14700,10,1300,0,0,2026,2026-06,13.0,DATE DE PAIEMENT RENSEIGNEE,OK,6,2026Q2,10.0,13.0,False,False,False,True
OP_02464,CLIENT_0250,PERSONNE PHYSIQUE,COMPAGNIE_03,POLICE_00439,4,AUTOMOBILE,MONO AUTO,RENOUVELLEMENT,2026-06-27,2027-06-26,2026-06-27,2026-06-27,2026-06-27,,154600,58600,16000,4900,175500,15,23200,0,0,2026,2026-06,,DATE DE PAIEMENT NON RENSEIGNEE,OK,6,2026Q2,364.0,,False,False,False,False
OP_02465,CLIENT_0850,PERSONNE PHYSIQUE,COMPAGNIE_02,POLICE_01366,0,TRAVEL ASSURANCE,0,AFFAIRE NOUVELLE,2026-07-01,2026-07-10,2026-06-28,2026-06-28,2026-06-28,2026-07-11,12900,0,1600,0,14500,10,1300,0,0,2026,2026-06,13.0,DATE DE PAIEMENT RENSEIGNEE,OK,6,2026Q2,9.0,13.0,False,False,False,True
OP_02466,CLIENT_0378,PERSONNE PHYSIQUE,COMPAGNIE_02,POLICE_00496,2,AUTOMOBILE,MONO AUTO,RENOUVELLEMENT,2026-07-01,2027-06-30,2026-06-30,2026-06-30,2026-06-30,,173500,50400,17600,2700,193900,15,26000,0,0,2026,2026-06,,DATE DE PAIEMENT NON RENSEIGNEE,OK,6,2026Q2,364.0,,False,False,False,False
OP_02467,CLIENT_0578,PERSONNE PHYSIQUE,COMPAGNIE_03,POLICE_00807,3,AUTOMOBILE,MONO AUTO,RENOUVELLEMENT,2026-06-30,2026-09-29,2026-06-30,2026-06-30,2026-06-30,,12300,12100,1300,1000,14700,15,1800,0,0,2026,2026-06,,DATE DE PAIEMENT NON RENSEIGNEE,OK,6,2026Q2,91.0,,False,False,False,False
OP_02468,CLIENT_0845,PERSONNE PHYSIQUE,COMPAGNIE_03,POLICE_01360,0,AUTOMOBILE,MONO AUTO,AFFAIRE NOUVELLE,2026-07-09,2027-07-08,2026-06-30,2026-06-30,2026-06-30,,47800,46400,5000,2500,55300,15,7200,0,0,2026,2026-06,,DATE DE PAIEMENT NON RENSEIGNEE,OK,6,2026Q2,364.0,,False,False,False,False
OP_02469,CLIENT_0038,PERSONNE PHYSIQUE,COMPAGNIE_01,POLICE_01151,8,AUTOMOBILE,MONO AUTO,PROROGATION,2026-07-03,2026-11-02,2026-07-01,2026-07-01,2026-07-01,2026-07-15,56100,0,5600,0,61700,15,8400,0,0,2026,2026-07,14.0,DATE DE PAIEMENT RENSEIGNEE,OK,7,2026Q3,122.0,14.0,False,False,False,True
OP_02470,CLIENT_0518,PERSONNE PHYSIQUE,COMPAGNIE_03,POLICE_00992,1,AUTOMOBILE,MONO AUTO,RENOUVELLEMENT,2026-07-01,2027-06-30,2026-07-01,2026-07-01,2026-07-01,,130400,129200,16300,5700,152500,15,19600,0,0,2026,2026-07,,DATE DE PAIEMENT NON RENSEIGNEE,OK,7,2026Q3,364.0,,False,False,False,False
OP_02471,CLIENT_0856,PERSONNE MORALE,COMPAGNIE_02,POLICE_01375,0,AUTOMOBILE,MONO AUTO,AFFAIRE NOUVELLE,2026-06-26,2026-12-26,2026-07-01,2026-07-01,2026-07-01,,78400,21800,8100,3000,89500,15,11800,0,0,2026,2026-07,,DATE DE PAIEMENT NON RENSEIGNEE,OK,7,2026Q3,183.0,,False,False,False,False
OP_02472,CLIENT_0006,PERSONNE PHYSIQUE,COMPAGNIE_01,POLICE_01066,1,AUTOMOBILE,MONO AUTO,RENOUVELLEMENT,2026-07-02,2026-10-01,2026-07-02,2026-07-02,2026-07-02,,16200,0,2200,5500,23900,15,2400,0,0,2026,2026-07,,DATE DE PAIEMENT NON RENSEIGNEE,OK,7,2026Q3,91.0,,False,False,False,False
OP_02473,CLIENT_0268,PERSONNE PHYSIQUE,COMPAGNIE_12,POLICE_01237,4,ASSURANCE RENTE EDUCATION,0,RENOUVELLEMENT,2026-03-18,2026-04-16,2026-07-02,2026-07-02,2026-07-02,2026-07-02,15000,0,0,0,15000,24,3600,0,0,2026,2026-07,0.0,DATE DE PAIEMENT RENSEIGNEE,OK,7,2026Q3,29.0,0.0,False,False,False,True
OP_02474,CLIENT_0268,PERSONNE PHYSIQUE,COMPAGNIE_12,POLICE_01237,4,ASSURANCE RENTE EDUCATION,0,RENOUVELLEMENT,2026-03-18,2026-04-16,2026-07-02,2026-07-02,2026-07-02,2026-07-02,18800,0,0,0,18800,19,3600,0,0,2026,2026-07,0.0,DATE DE PAIEMENT RENSEIGNEE,OK,7,2026Q3,29.0,0.0,False,False,False,True
OP_02475,CLIENT_0844,PERSONNE PHYSIQUE,COMPAGNIE_03,POLICE_01359,0,AUTOMOBILE,MONO AUTO,AFFAIRE NOUVELLE,2026-07-01,2027-06-30,2026-07-02,2026-07-02,2026-07-02,,49800,49100,5300,2900,57900,15,7500,0,0,2026,2026-07,,DATE DE PAIEMENT NON RENSEIGNEE,OK,7,2026Q3,364.0,,False,False,False,False
OP_02476,CLIENT_0223,PERSONNE PHYSIQUE,COMPAGNIE_03,POLICE_00272,4,AUTOMOBILE,MONO AUTO,RENOUVELLEMENT,2026-07-03,2026-10-02,2026-07-03,2026-07-03,2026-07-03,,12900,12600,1800,5500,20200,15,1900,0,0,2026,2026-07,,DATE DE PAIEMENT NON RENSEIGNEE,OK,7,2026Q3,91.0,,False,False,False,False
OP_02477,CLIENT_0857,PERSONNE PHYSIQUE,COMPAGNIE_03,POLICE_01384,0,AUTOMOBILE,MONO AUTO,AFFAIRE NOUVELLE,2026-07-03,2027-07-02,2026-07-03,2026-07-03,2026-07-03,,146000,144500,18100,4600,168700,15,21900,0,0,2026,2026-07,,DATE DE PAIEMENT NON RENSEIGNEE,OK,7,2026Q3,364.0,,False,False,False,False
OP_02478,CLIENT_0246,PERSONNE PHYSIQUE,COMPAGNIE_01,POLICE_01380,4,AUTOMOBILE,MONO AUTO,RENOUVELLEMENT,2026-07-04,2027-07-03,2026-07-04,2026-07-04,2026-07-04,,50400,0,5600,5300,61300,15,7600,0,0,2026,2026-07,,DATE DE PAIEMENT NON RENSEIGNEE,OK,7,2026Q3,364.0,,False,False,False,False
OP_02479,CLIENT_0323,PERSONNE MORALE,COMPAGNIE_03,POLICE_01373,0,AUTOMOBILE,MONO AUTO,AFFAIRE NOUVELLE,2026-07-04,2026-10-03,2026-07-04,2026-07-04,2026-07-04,,9900,9700,1500,4600,16000,15,1500,0,0,2026,2026-07,,DATE DE PAIEMENT NON RENSEIGNEE,OK,7,2026Q3,91.0,,False,False,False,False
OP_02480,CLIENT_0743,PERSONNE PHYSIQUE,COMPAGNIE_06,POLICE_01371,0,AUTOMOBILE,MONO AUTO,AFFAIRE NOUVELLE,2026-06-07,,2026-07-04,2026-07-04,2026-07-04,2026-07-04,16400,0,3800,3500,23600,15,2500,0,0,2026,2026-07,0.0,DATE DE PAIEMENT RENSEIGNEE,OK,7,2026Q3,,0.0,False,False,False,True
OP_02481,CLIENT_0190,PERSONNE MORALE,COMPAGNIE_01,POLICE_01383,11,AUTOMOBILE,FLOTTE AUTOMOBILE,RENOUVELLEMENT,2026-07-03,2027-07-02,2026-07-05,2026-07-07,2026-07-07,,1880500,0,188600,5700,2074800,15,282100,0,0,2026,2026-07,,DATE DE PAIEMENT NON RENSEIGNEE,OK,7,2026Q3,364.0,,False,False,False,False
OP_02482,CLIENT_0190,PERSONNE MORALE,COMPAGNIE_01,POLICE_01383,12,AUTOMOBILE,FLOTTE AUTOMOBILE,RETRAIT,2026-07-03,2027-07-02,2026-07-05,2026-07-07,2026-07-07,,-199900,0,-20000,0,-219900,15,-30000,0,0,2026,2026-07,,DATE DE PAIEMENT NON RENSEIGNEE,OK,7,2026Q3,364.0,,False,False,True,False
OP_02483,CLIENT_0050,PERSONNE MORALE,COMPAGNIE_06,POLICE_00050,179,AUTOMOBILE,FLOTTE AUTOMOBILE,INCORPORATION,2026-01-07,,2026-07-06,2026-07-06,2026-07-06,2026-07-06,36300,0,900,3700,41000,15,5400,0,0,2026,2026-07,0.0,DATE DE PAIEMENT RENSEIGNEE,OK,7,2026Q3,,0.0,False,False,False,True
OP_02484,CLIENT_0050,PERSONNE MORALE,COMPAGNIE_06,POLICE_00050,180,AUTOMOBILE,FLOTTE AUTOMOBILE,INCORPORATION,2026-01-07,,2026-07-06,2026-07-06,2026-07-06,2026-07-06,40000,0,1000,4100,45200,15,6000,0,0,2026,2026-07,0.0,DATE DE PAIEMENT RENSEIGNEE,OK,7,2026Q3,,0.0,False,False,False,True
OP_02485,CLIENT_0157,PERSONNE MORALE,COMPAGNIE_01,POLICE_01388,0,INDIVIDUELLE ACCIDENTS,0,AFFAIRE NOUVELLE,2025-12-15,,2026-07-06,2026-07-06,2026-07-06,2026-07-06,76300,0,6700,5700,88600,20,15300,0,0,2026,2026-07,0.0,DATE DE PAIEMENT RENSEIGNEE,OK,7,2026Q3,,0.0,False,False,False,True
OP_02486,CLIENT_0157,PERSONNE MORALE,COMPAGNIE_01,POLICE_01388,1,INDIVIDUELLE ACCIDENTS,0,RENOUVELLEMENT,2026-06-15,,2026-07-06,2026-07-06,2026-07-06,2026-07-06,132600,0,14000,4900,151400,20,26500,0,0,2026,2026-07,0.0,DATE DE PAIEMENT RENSEIGNEE,OK,7,2026Q3,,0.0,False,False,False,True
OP_02487,CLIENT_0084,PERSONNE MORALE,COMPAGNIE_01,POLICE_01126,7,AUTOMOBILE,MONO AUTO,RENOUVELLEMENT,2026-06-03,,2026-07-07,2026-07-07,2026-07-07,2026-07-07,47600,0,2500,3200,53300,15,7100,0,0,2026,2026-07,0.0,DATE DE PAIEMENT RENSEIGNEE,OK,7,2026Q3,,0.0,False,False,False,True
OP_02488,CLIENT_0853,PERSONNE PHYSIQUE,COMPAGNIE_03,POLICE_01369,0,AUTOMOBILE,MONO AUTO,AFFAIRE NOUVELLE,2026-07-11,2026-07-10,2026-07-07,2026-07-07,2026-07-07,,43500,42600,4900,5400,53800,15,6500,0,0,2026,2026-07,,DATE DE PAIEMENT NON RENSEIGNEE,EFFET_APRES_ECHEANCE,7,2026Q3,-1.0,,True,False,False,False
OP_02489,CLIENT_0013,PERSONNE PHYSIQUE,COMPAGNIE_01,POLICE_01184,8,AUTOMOBILE,MONO AUTO,RENOUVELLEMENT,2026-07-10,2027-01-09,2026-07-08,2026-07-08,2026-07-08,,28900,0,2900,0,31800,15,4300,0,0,2026,2026-07,,DATE DE PAIEMENT NON RENSEIGNEE,OK,7,2026Q3,183.0,,False,False,False,False
OP_02490,CLIENT_0254,PERSONNE PHYSIQUE,COMPAGNIE_03,POLICE_01365,0,AUTOMOBILE,MONO AUTO,AFFAIRE NOUVELLE,2026-07-08,2027-01-06,2026-07-08,2026-07-08,2026-07-08,,24200,23800,2800,3800,30900,15,3600,0,0,2026,2026-07,,DATE DE PAIEMENT NON RENSEIGNEE,OK,7,2026Q3,182.0,,False,False,False,False
OP_02491,CLIENT_0535,PERSONNE PHYSIQUE,COMPAGNIE_03,POLICE_00734,3,AUTOMOBILE,MONO AUTO,RENOUVELLEMENT,2026-07-12,2027-05-11,2026-07-08,2026-07-08,2026-07-08,,38700,38000,4300,4700,47700,15,5800,0,0,2026,2026-07,,DATE DE PAIEMENT NON RENSEIGNEE,OK,7,2026Q3,303.0,,False,False,False,False
OP_02492,CLIENT_0596,PERSONNE PHYSIQUE,COMPAGNIE_03,POLICE_00848,3,AUTOMOBILE,MONO AUTO,RENOUVELLEMENT,2026-08-09,2027-02-07,2026-07-09,2026-07-09,2026-07-09,,19600,19200,2100,900,22600,15,2900,0,0,2026,2026-07,,DATE DE PAIEMENT NON RENSEIGNEE,OK,7,2026Q3,182.0,,False,False,False,False
OP_02493,CLIENT_0849,PERSONNE PHYSIQUE,COMPAGNIE_02,POLICE_01364,0,TRAVEL ASSURANCE,0,AFFAIRE NOUVELLE,2026-07-12,2026-07-21,2026-07-09,2026-07-09,2026-07-09,2026-07-22,10600,0,1300,0,11900,10,1100,0,0,2026,2026-07,13.0,DATE DE PAIEMENT RENSEIGNEE,OK,7,2026Q3,9.0,13.0,False,False,False,True
OP_02494,CLIENT_0035,PERSONNE PHYSIQUE,COMPAGNIE_03,POLICE_00035,7,AUTOMOBILE,MONO AUTO,RENOUVELLEMENT,2026-07-10,2027-01-09,2026-07-11,2026-07-11,2026-07-11,,23300,23100,2400,1000,26800,15,3500,0,0,2026,2026-07,,DATE DE PAIEMENT NON RENSEIGNEE,OK,7,2026Q3,183.0,,False,False,False,False
OP_02495,CLIENT_0365,PERSONNE PHYSIQUE,COMPAGNIE_03,POLICE_00997,5,AUTOMOBILE,MONO AUTO,RENOUVELLEMENT,2026-07-12,2027-07-11,2026-07-11,2026-07-11,2026-07-11,,41700,40100,4600,4000,50300,15,6300,0,0,2026,2026-07,,DATE DE PAIEMENT NON RENSEIGNEE,OK,7,2026Q3,364.0,,False,False,False,False
OP_02496,CLIENT_0585,PERSONNE PHYSIQUE,COMPAGNIE_01,POLICE_01140,2,AUTOMOBILE,MONO AUTO,RENOUVELLEMENT,2026-07-09,2027-01-08,2026-07-11,2026-07-11,2026-07-11,,20500,0,2500,4600,27600,15,3100,0,0,2026,2026-07,,DATE DE PAIEMENT NON RENSEIGNEE,OK,7,2026Q3,183.0,,False,False,False,False
OP_02497,CLIENT_0854,PERSONNE PHYSIQUE,COMPAGNIE_05,POLICE_01370,0,AUTOMOBILE,MONO AUTO,AFFAIRE NOUVELLE,2026-07-10,2026-10-09,2026-07-11,2026-07-11,2026-07-11,,50600,13900,5200,1800,57700,15,7600,0,0,2026,2026-07,,DATE DE PAIEMENT NON RENSEIGNEE,OK,7,2026Q3,91.0,,False,False,False,False
OP_02498,CLIENT_0373,PERSONNE MORALE,COMPAGNIE_07,POLICE_01374,1,AUTOMOBILE,MONO AUTO,AFFAIRE NOUVELLE,2026-07-06,2027-07-05,2026-07-13,2026-07-13,2026-07-13,,106600,0,13100,2800,122500,15,16000,0,0,2026,2026-07,,DATE DE PAIEMENT NON RENSEIGNEE,OK,7,2026Q3,364.0,,False,False,False,False
OP_02499,CLIENT_0709,PERSONNE PHYSIQUE,COMPAGNIE_01,POLICE_01106,2,AUTOMOBILE,MONO AUTO,RENOUVELLEMENT,2026-05-26,2026-08-25,2026-07-13,2026-07-13,2026-07-13,2026-07-13,42300,0,2700,2400,47400,15,6300,0,0,2026,2026-07,0.0,DATE DE PAIEMENT RENSEIGNEE,OK,7,2026Q3,91.0,0.0,False,False,False,True
OP_02500,CLIENT_0788,PERSONNE PHYSIQUE,COMPAGNIE_03,POLICE_01259,1,AUTOMOBILE,MONO AUTO,RENOUVELLEMENT,2026-07-14,2026-10-13,2026-07-13,2026-07-13,2026-07-13,,13000,12800,1400,900,15200,15,1900,0,0,2026,2026-07,,DATE DE PAIEMENT NON RENSEIGNEE,OK,7,2026Q3,91.0,,False,False,False,False
OP_02501,CLIENT_0860,PERSONNE PHYSIQUE,COMPAGNIE_03,POLICE_01391,0,AUTOMOBILE,MONO AUTO,AFFAIRE NOUVELLE,2026-07-13,2027-07-12,2026-07-13,2026-07-13,2026-07-13,,33200,32500,3700,3300,40200,15,5000,0,0,2026,2026-07,,DATE DE PAIEMENT NON RENSEIGNEE,OK,7,2026Q3,364.0,,False,False,False,False
OP_02502,CLIENT_0074,PERSONNE PHYSIQUE,COMPAGNIE_04,POLICE_00079,20,AUTOMOBILE,MONO AUTO,RENOUVELLEMENT,2026-07-28,2026-10-27,2026-07-14,2026-07-14,2026-07-14,,8800,8400,1200,3100,13100,15,1300,0,0,2026,2026-07,,DATE DE PAIEMENT NON RENSEIGNEE,OK,7,2026Q3,91.0,,False,False,False,False
OP_02503,CLIENT_0523,PERSONNE PHYSIQUE,COMPAGNIE_03,POLICE_00933,5,AUTOMOBILE,MONO AUTO,RENOUVELLEMENT,2026-07-17,2026-10-16,2026-07-14,2026-07-14,2026-07-14,,11400,11200,1200,1000,13600,15,1700,0,0,2026,2026-07,,DATE DE PAIEMENT NON RENSEIGNEE,OK,7,2026Q3,91.0,,False,False,False,False
OP_02504,CLIENT_0580,PERSONNE PHYSIQUE,COMPAGNIE_03,POLICE_00811,4,AUTOMOBILE,MONO AUTO,RENOUVELLEMENT,2026-07-14,2027-01-11,2026-07-14,2026-07-14,2026-07-14,,30200,29800,3400,3400,37000,15,4500,0,0,2026,2026-07,,DATE DE PAIEMENT NON RENSEIGNEE,OK,7,2026Q3,181.0,,False,False,False,False
OP_02505,CLIENT_0038,PERSONNE PHYSIQUE,COMPAGNIE_01,POLICE_01151,9,AUTOMOBILE,MONO AUTO,PROROGATION,2026-11-03,2027-01-02,2026-07-15,2026-07-04,2026-07-15,,19600,0,2000,0,21600,15,2900,0,0,2026,2026-07,,DATE DE PAIEMENT NON RENSEIGNEE,OK,7,2026Q3,60.0,,False,False,False,False
OP_02506,CLIENT_0158,PERSONNE PHYSIQUE,COMPAGNIE_02,POLICE_00185,8,AUTOMOBILE,MONO AUTO,RENOUVELLEMENT,2026-07-15,2027-01-14,2026-07-15,2026-07-15,2026-07-15,,27100,24200,3000,3300,33400,15,4100,0,0,2026,2026-07,,DATE DE PAIEMENT NON RENSEIGNEE,OK,7,2026Q3,183.0,,False,False,False,False
OP_02507,CLIENT_0634,PERSONNE PHYSIQUE,COMPAGNIE_01,POLICE_01387,1,AUTOMOBILE,MONO AUTO,RENOUVELLEMENT,2026-06-04,2026-09-03,2026-07-15,2026-07-15,2026-07-15,2026-07-15,41800,0,2300,4900,49000,15,6300,0,0,2026,2026-07,0.0,DATE DE PAIEMENT RENSEIGNEE,OK,7,2026Q3,91.0,0.0,False,False,False,True
OP_02508,CLIENT_0634,PERSONNE PHYSIQUE,COMPAGNIE_01,POLICE_01387,1,AUTOMOBILE,MONO AUTO,RESILIATION,2026-06-19,,2026-07-15,2026-07-15,2026-07-15,2026-07-15,-33800,0,0,-4100,-37800,15,-5100,0,0,2026,2026-07,0.0,DATE DE PAIEMENT RENSEIGNEE,OK,7,2026Q3,,0.0,False,False,True,True
OP_02509,CLIENT_0636,PERSONNE PHYSIQUE,COMPAGNIE_01,POLICE_01386,0,AUTOMOBILE,MONO AUTO,AFFAIRE NOUVELLE,2026-07-15,2027-07-14,2026-07-15,2026-07-15,2026-07-15,,52100,0,5700,5400,63200,15,7800,0,0,2026,2026-07,,DATE DE PAIEMENT NON RENSEIGNEE,OK,7,2026Q3,364.0,,False,False,False,False
OP_02510,CLIENT_0026,PERSONNE PHYSIQUE,COMPAGNIE_03,POLICE_00026,5,AUTOMOBILE,MONO AUTO,RENOUVELLEMENT,2026-07-15,2026-10-14,2026-07-16,2026-07-16,2026-07-16,,16100,15900,2200,5600,24000,15,2400,0,0,2026,2026-07,,DATE DE PAIEMENT NON RENSEIGNEE,OK,7,2026Q3,91.0,,False,False,False,False
OP_02511,CLIENT_0361,PERSONNE PHYSIQUE,COMPAGNIE_01,POLICE_01128,7,AUTOMOBILE,MONO AUTO,RENOUVELLEMENT,2026-07-08,2027-01-06,2026-07-17,2026-07-17,2026-07-17,2026-07-28,17900,0,1800,0,19700,15,2700,0,0,2026,2026-07,11.0,DATE DE PAIEMENT RENSEIGNEE,OK,7,2026Q3,182.0,11.0,False,False,False,True
OP_02512,CLIENT_0468,PERSONNE PHYSIQUE,COMPAGNIE_02,POLICE_00620,7,AUTOMOBILE,MONO AUTO,RENOUVELLEMENT,2026-07-16,2026-10-12,2026-07-17,2026-07-16,2026-07-17,,11800,0,1300,1200,14300,15,1800,0,0,2026,2026-07,,DATE DE PAIEMENT NON RENSEIGNEE,OK,7,2026Q3,88.0,,False,False,False,False
OP_02513,CLIENT_0679,PERSONNE PHYSIQUE,COMPAGNIE_03,POLICE_00991,1,AUTOMOBILE,MONO AUTO,RENOUVELLEMENT,2026-07-16,2027-01-15,2026-07-17,2026-07-17,2026-07-17,,75200,25100,7800,3200,86300,15,11300,0,0,2026,2026-07,,DATE DE PAIEMENT NON RENSEIGNEE,OK,7,2026Q3,183.0,,False,False,False,False
OP_02514,CLIENT_0866,PERSONNE PHYSIQUE,COMPAGNIE_02,POLICE_01397,0,TRAVEL ASSURANCE,0,AFFAIRE NOUVELLE,2026-08-08,2026-08-22,2026-07-17,2026-07-16,2026-07-17,,5300,0,1300,5500,12100,10,500,0,0,2026,2026-07,,DATE DE PAIEMENT NON RENSEIGNEE,OK,7,2026Q3,14.0,,False,False,False,False
OP_02515,CLIENT_0194,PERSONNE PHYSIQUE,COMPAGNIE_01,POLICE_01161,6,AUTOMOBILE,MONO AUTO,RENOUVELLEMENT,2026-04-08,2026-07-08,2026-07-18,2026-07-18,2026-07-18,2026-07-18,39500,0,5300,5000,49900,15,5900,0,0,2026,2026-07,0.0,DATE DE PAIEMENT RENSEIGNEE,OK,7,2026Q3,91.0,0.0,False,False,False,True
OP_02516,CLIENT_0240,PERSONNE PHYSIQUE,COMPAGNIE_01,POLICE_01104,17,AUTOMOBILE,FLOTTE AUTOMOBILE,RENOUVELLEMENT,2026-07-20,2027-01-19,2026-07-18,2026-07-18,2026-07-18,,859700,0,87500,5600,952800,15,129000,0,0,2026,2026-07,,DATE DE PAIEMENT NON RENSEIGNEE,OK,7,2026Q3,183.0,,False,False,False,False
OP_02517,CLIENT_0384,PERSONNE PHYSIQUE,COMPAGNIE_03,POLICE_00504,3,AUTOMOBILE,MONO AUTO,RENOUVELLEMENT,2026-07-26,2027-07-25,2026-07-18,2026-07-18,2026-07-18,,188800,80200,19400,5600,213800,15,28300,0,0,2026,2026-07,,DATE DE PAIEMENT NON RENSEIGNEE,OK,7,2026Q3,364.0,,False,False,False,False
OP_02518,CLIENT_0691,PERSONNE PHYSIQUE,COMPAGNIE_04,POLICE_01173,1,AUTOMOBILE,MONO AUTO,RENOUVELLEMENT,2026-07-19,2027-01-18,2026-07-18,2026-07-18,2026-07-18,,26200,25300,2600,0,28800,15,3900,0,0,2026,2026-07,,DATE DE PAIEMENT NON RENSEIGNEE,OK,7,2026Q3,183.0,,False,False,False,False
OP_02519,CLIENT_0867,PERSONNE PHYSIQUE,COMPAGNIE_06,POLICE_01398,0,AUTOMOBILE,MONO AUTO,AFFAIRE NOUVELLE,2026-07-14,2027-07-13,2026-07-18,2026-07-14,2026-07-18,,17400,0,2000,2200,21500,15,2600,0,0,2026,2026-07,,DATE DE PAIEMENT NON RENSEIGNEE,OK,7,2026Q3,364.0,,False,False,False,False
OP_02520,CLIENT_0859,PERSONNE PHYSIQUE,COMPAGNIE_01,POLICE_01389,0,AUTOMOBILE,MONO AUTO,AFFAIRE NOUVELLE,2026-07-03,2026-09-03,2026-07-22,2026-07-22,2026-07-22,2026-07-22,12700,0,1200,2100,16100,15,1900,0,0,2026,2026-07,0.0,DATE DE PAIEMENT RENSEIGNEE,OK,7,2026Q3,62.0,0.0,False,False,False,True
OP_02521,CLIENT_0115,PERSONNE PHYSIQUE,COMPAGNIE_03,POLICE_00526,2,AUTOMOBILE,MONO AUTO,RENOUVELLEMENT,2026-07-25,2027-07-24,2026-07-23,2026-07-23,2026-07-23,,42100,41300,4500,3100,49700,15,6300,0,0,2026,2026-07,,DATE DE PAIEMENT NON RENSEIGNEE,OK,7,2026Q3,364.0,,False,False,False,False
OP_02522,CLIENT_0389,PERSONNE PHYSIQUE,COMPAGNIE_01,POLICE_01382,4,AUTOMOBILE,MONO AUTO,RENOUVELLEMENT,2026-07-25,2027-07-24,2026-07-24,2026-07-24,2026-07-24,,125800,0,13100,5100,143900,15,18900,0,0,2026,2026-07,,DATE DE PAIEMENT NON RENSEIGNEE,OK,7,2026Q3,364.0,,False,False,False,False
OP_02523,CLIENT_0045,PERSONNE PHYSIQUE,COMPAGNIE_03,POLICE_00495,5,AUTOMOBILE,MONO AUTO,RENOUVELLEMENT,2026-07-26,2027-07-25,2026-07-26,2026-07-26,2026-07-26,,99900,99300,12400,3800,116200,15,15000,0,0,2026,2026-07,,DATE DE PAIEMENT NON RENSEIGNEE,OK,7,2026Q3,364.0,,False,False,False,False
OP_02524,CLIENT_0045,PERSONNE PHYSIQUE,COMPAGNIE_01,POLICE_01381,3,AUTOMOBILE,MONO AUTO,RENOUVELLEMENT,2026-07-24,2027-07-23,2026-07-26,2026-07-26,2026-07-26,,36700,0,4200,5600,46500,15,5500,0,0,2026,2026-07,,DATE DE PAIEMENT NON RENSEIGNEE,OK,7,2026Q3,364.0,,False,False,False,False
OP_02525,CLIENT_0135,PERSONNE PHYSIQUE,COMPAGNIE_03,POLICE_01393,0,AUTOMOBILE,MONO AUTO,AFFAIRE NOUVELLE,2026-07-26,2027-07-25,2026-07-26,2026-07-26,2026-07-26,,70100,54000,7300,2700,80100,15,10500,0,0,2026,2026-07,,DATE DE PAIEMENT NON RENSEIGNEE,OK,7,2026Q3,364.0,,False,False,False,False
OP_02526,CLIENT_0194,PERSONNE PHYSIQUE,COMPAGNIE_01,POLICE_01399,8,AUTOMOBILE,MONO AUTO,RENOUVELLEMENT,2026-06-28,2026-12-28,2026-07-26,2026-07-25,2026-07-26,,23500,0,2400,0,25900,10,2400,0,0,2026,2026-07,,DATE DE PAIEMENT NON RENSEIGNEE,OK,7,2026Q3,183.0,,False,False,False,False
OP_02527,CLIENT_0050,PERSONNE MORALE,COMPAGNIE_06,POLICE_00050,238,AUTOMOBILE,FLOTTE AUTOMOBILE,INCORPORATION,2026-07-16,2026-07-16,2026-07-28,2026-07-23,2026-07-28,,16600,0,1300,900,18800,15,2500,0,0,2026,2026-07,,DATE DE PAIEMENT NON RENSEIGNEE,OK,7,2026Q3,0.0,,False,False,False,False
OP_02528,CLIENT_0372,PERSONNE PHYSIQUE,COMPAGNIE_05,POLICE_00481,2,AUTOMOBILE,MONO AUTO,RENOUVELLEMENT,2026-07-28,2027-07-27,2026-07-29,2026-07-29,2026-07-29,,122200,62900,12700,4800,139600,15,18300,0,0,2026,2026-07,,DATE DE PAIEMENT NON RENSEIGNEE,OK,7,2026Q3,364.0,,False,False,False,False
OP_02529,CLIENT_0862,PERSONNE PHYSIQUE,COMPAGNIE_03,POLICE_01394,0,AUTOMOBILE,MONO AUTO,AFFAIRE NOUVELLE,2026-07-30,2026-10-29,2026-07-30,2026-07-30,2026-07-30,,17900,17700,2300,4700,24800,15,2700,0,0,2026,2026-07,,DATE DE PAIEMENT NON RENSEIGNEE,OK,7,2026Q3,91.0,,False,False,False,False
OP_02530,CLIENT_0401,PERSONNE PHYSIQUE,COMPAGNIE_02,POLICE_00527,6,AUTOMOBILE,MONO AUTO,RENOUVELLEMENT,2026-08-06,2027-08-05,2026-07-31,2026-07-31,2026-07-31,,135000,50500,13800,2700,151500,15,20300,0,0,2026,2026-07,,DATE DE PAIEMENT NON RENSEIGNEE,OK,7,2026Q3,364.0,,False,False,False,False
OP_02531,CLIENT_0858,PERSONNE PHYSIQUE,COMPAGNIE_03,POLICE_01385,0,AUTOMOBILE,MONO AUTO,AFFAIRE NOUVELLE,2026-07-30,2027-07-29,2026-07-31,2026-07-31,2026-07-31,,35600,34900,3900,3700,43200,15,5300,0,0,2026,2026-07,,DATE DE PAIEMENT NON RENSEIGNEE,OK,7,2026Q3,364.0,,False,False,False,False
OP_02532,CLIENT_0251,PERSONNE PHYSIQUE,COMPAGNIE_03,POLICE_00309,4,AUTOMOBILE,MONO AUTO,RENOUVELLEMENT,2026-08-02,2026-11-01,2026-08-02,2026-08-02,2026-08-02,,10400,0,1100,1000,12500,15,1600,0,0,2026,2026-08,,DATE DE PAIEMENT NON RENSEIGNEE,OK,8,2026Q3,91.0,,False,False,False,False
OP_02533,CLIENT_0863,PERSONNE PHYSIQUE,COMPAGNIE_02,POLICE_01395,0,TRAVEL ASSURANCE,0,AFFAIRE NOUVELLE,2026-08-24,2026-09-07,2026-08-02,2026-08-01,2026-08-02,,10300,0,1900,5400,17600,10,1000,0,0,2026,2026-08,,DATE DE PAIEMENT NON RENSEIGNEE,OK,8,2026Q3,14.0,,False,False,False,False
OP_02534,CLIENT_0864,PERSONNE PHYSIQUE,COMPAGNIE_02,POLICE_00920,0,TRAVEL ASSURANCE,0,AFFAIRE NOUVELLE,2026-08-24,2026-09-07,2026-08-02,2026-08-01,2026-08-02,,9100,0,1700,4800,15600,10,900,0,0,2026,2026-08,,DATE DE PAIEMENT NON RENSEIGNEE,OK,8,2026Q3,14.0,,False,False,False,False
OP_02535,CLIENT_0072,PERSONNE PHYSIQUE,COMPAGNIE_05,POLICE_01390,0,AUTOMOBILE,MONO AUTO,AFFAIRE NOUVELLE,2026-08-02,2026-11-01,2026-08-03,2026-08-03,2026-08-03,,13300,12100,1500,1900,16800,15,2000,0,0,2026,2026-08,,DATE DE PAIEMENT NON RENSEIGNEE,OK,8,2026Q3,91.0,,False,False,False,False
OP_02536,CLIENT_0087,PERSONNE PHYSIQUE,COMPAGNIE_04,POLICE_00092,14,AUTOMOBILE,MONO AUTO,RENOUVELLEMENT,2026-08-03,2027-02-02,2026-08-05,2026-08-01,2026-08-05,,27300,0,2900,2200,32400,10,2700,0,0,2026,2026-08,,DATE DE PAIEMENT NON RENSEIGNEE,OK,8,2026Q3,183.0,,False,False,False,False
OP_02537,CLIENT_0861,PERSONNE PHYSIQUE,COMPAGNIE_01,POLICE_01392,0,AUTOMOBILE,MONO AUTO,AFFAIRE NOUVELLE,2026-08-05,2027-02-04,2026-08-06,2026-08-06,2026-08-06,,22900,0,2800,4900,30700,15,3400,0,0,2026,2026-08,,DATE DE PAIEMENT NON RENSEIGNEE,OK,8,2026Q3,183.0,,False,False,False,False
OP_02538,CLIENT_0865,PERSONNE PHYSIQUE,COMPAGNIE_02,POLICE_01396,0,TRAVEL ASSURANCE,0,AFFAIRE NOUVELLE,2026-08-29,2026-09-12,2026-08-07,2026-08-06,2026-08-07,,4700,0,1200,4900,10800,10,500,0,0,2026,2026-08,,DATE DE PAIEMENT NON RENSEIGNEE,OK,8,2026Q3,14.0,,False,False,False,False
OP_02539,CLIENT_0395,PERSONNE PHYSIQUE,COMPAGNIE_04,POLICE_00516,6,AUTOMOBILE,MONO AUTO,RENOUVELLEMENT,2026-08-10,2027-08-09,2026-08-10,2026-08-10,2026-08-10,,37400,36000,4100,4000,45600,15,5600,0,0,2026,2026-08,,DATE DE PAIEMENT NON RENSEIGNEE,OK,8,2026Q3,364.0,,False,False,False,False
